year,area,tb_related_deaths_among_people_living_with_hiv_estimate
1995,abw,0.0
1996,abw,0.0
1997,abw,0.0
1998,abw,0.0
1999,abw,0.0
2000,abw,0.0
2001,abw,0.0
2002,abw,0.0
2003,abw,0.0
2004,abw,0.0
2005,abw,0.0
2006,abw,0.0
2007,abw,0.0
2008,abw,0.0
2009,abw,0.0
2010,abw,0.0
2011,abw,0.0
2012,abw,0.0
2013,abw,0.0
1995,afg,27.0
1996,afg,32.0
1997,afg,37.0
1998,afg,41.0
1999,afg,44.0
2000,afg,46.0
2001,afg,47.0
2002,afg,48.0
2003,afg,49.0
2004,afg,50.0
2005,afg,52.0
2006,afg,54.0
2007,afg,57.0
2008,afg,60.0
2009,afg,63.0
2010,afg,68.0
2011,afg,72.0
2012,afg,76.0
2013,afg,82.0
1995,ago,650.0
1996,ago,810.0
1997,ago,940.0
1998,ago,1000.0
1999,ago,1100.0
2000,ago,1100.0
2001,ago,1000.0
2002,ago,960.0
2003,ago,900.0
2004,ago,850.0
2005,ago,840.0
2006,ago,870.0
2007,ago,940.0
2008,ago,1000.0
2009,ago,1200.0
2010,ago,1300.0
2011,ago,1400.0
2012,ago,1500.0
2013,ago,1600.0
1995,aia,0.0
1996,aia,0.0
1997,aia,0.0
1998,aia,0.0
1999,aia,0.0
2000,aia,0.0
2001,aia,0.0
2002,aia,0.0
2003,aia,0.0
2004,aia,0.0
2005,aia,0.0
2006,aia,0.0
2007,aia,0.0
2008,aia,0.0
2009,aia,0.0
2010,aia,0.0
2011,aia,0.0
2012,aia,0.0
2013,aia,0.0
1995,alb,0.0
1996,alb,0.0
1997,alb,0.0
1998,alb,0.0
1999,alb,0.0
2000,alb,0.0
2001,alb,0.0
2002,alb,0.0
2003,alb,0.0
2004,alb,0.0
2005,alb,0.0
2006,alb,0.0
2007,alb,0.0
2008,alb,0.0
2009,alb,0.0
2010,alb,0.0
2011,alb,0.0
2012,alb,0.0
2013,alb,0.0
1995,and,0.0
1996,and,0.0
1997,and,0.0
1998,and,0.0
1999,and,0.0
2000,and,0.0
2001,and,0.0
2002,and,0.0
2003,and,0.0
2004,and,0.0
2005,and,0.0
2006,and,0.0
2007,and,0.0
2008,and,0.0
2009,and,0.0
2010,and,0.0
2011,and,0.0
2012,and,0.0
2013,and,0.0
1995,are,0.0
1996,are,0.0
1997,are,0.0
1998,are,0.0
1999,are,0.0
2000,are,0.0
2001,are,0.0
2002,are,0.0
2003,are,0.0
2004,are,0.0
2005,are,0.0
2006,are,0.0
2007,are,0.0
2008,are,0.0
2009,are,0.0
2010,are,0.0
2011,are,0.0
2012,are,0.0
2013,are,0.0
1995,arg,76.0
1996,arg,77.0
1997,arg,82.0
1998,arg,85.0
1999,arg,89.0
2000,arg,89.0
2001,arg,89.0
2002,arg,88.0
2003,arg,86.0
2004,arg,84.0
2005,arg,82.0
2006,arg,82.0
2007,arg,81.0
2008,arg,77.0
2009,arg,74.0
2010,arg,69.0
2011,arg,62.0
2012,arg,52.0
2013,arg,44.0
1995,arm,0.0
1996,arm,0.0
1997,arm,1.0
1998,arm,1.0
1999,arm,2.0
2000,arm,3.0
2001,arm,4.0
2002,arm,6.0
2003,arm,7.0
2004,arm,8.0
2005,arm,9.0
2006,arm,10.0
2007,arm,10.0
2008,arm,11.0
2009,arm,11.0
2010,arm,12.0
2011,arm,12.0
2012,arm,12.0
2013,arm,12.0
1995,asm,0.0
1996,asm,0.0
1997,asm,0.0
1998,asm,0.0
1999,asm,0.0
2000,asm,0.0
2001,asm,0.0
2002,asm,0.0
2003,asm,0.0
2004,asm,0.0
2005,asm,0.0
2006,asm,0.0
2007,asm,0.0
2008,asm,0.0
2009,asm,0.0
2010,asm,0.0
2011,asm,0.0
2012,asm,0.0
2013,asm,0.0
1995,atg,0.0
1996,atg,0.0
1997,atg,0.0
1998,atg,0.0
1999,atg,0.0
2000,atg,0.0
2001,atg,0.0
2002,atg,0.0
2003,atg,0.0
2004,atg,0.0
2005,atg,0.0
2006,atg,0.0
2007,atg,0.0
2008,atg,0.0
2009,atg,0.0
2010,atg,0.0
2011,atg,0.0
2012,atg,0.0
2013,atg,0.0
1995,aus,8.0
1996,aus,6.0
1997,aus,5.0
1998,aus,4.0
1999,aus,3.0
2000,aus,2.0
2001,aus,3.0
2002,aus,3.0
2003,aus,3.0
2004,aus,3.0
2005,aus,3.0
2006,aus,4.0
2007,aus,4.0
2008,aus,5.0
2009,aus,5.0
2010,aus,5.0
2011,aus,5.0
2012,aus,4.0
2013,aus,4.0
1995,aut,2.0
1996,aut,2.0
1997,aut,1.0
1998,aut,1.0
1999,aut,1.0
2000,aut,1.0
2001,aut,1.0
2002,aut,0.0
2003,aut,0.0
2004,aut,0.0
2005,aut,0.0
2006,aut,0.0
2007,aut,0.0
2008,aut,0.0
2009,aut,0.0
2010,aut,0.0
2011,aut,0.0
2012,aut,0.0
2013,aut,0.0
1995,aze,10.0
1996,aze,17.0
1997,aze,28.0
1998,aze,43.0
1999,aze,64.0
2000,aze,88.0
2001,aze,110.0
2002,aze,140.0
2003,aze,150.0
2004,aze,150.0
2005,aze,140.0
2006,aze,130.0
2007,aze,110.0
2008,aze,85.0
2009,aze,65.0
2010,aze,48.0
2011,aze,35.0
2012,aze,27.0
2013,aze,22.0
1995,bdi,860.0
1996,bdi,1100.0
1997,bdi,1400.0
1998,bdi,1600.0
1999,bdi,1700.0
2000,bdi,1800.0
2001,bdi,1800.0
2002,bdi,1700.0
2003,bdi,1700.0
2004,bdi,1500.0
2005,bdi,1400.0
2006,bdi,1300.0
2007,bdi,1200.0
2008,bdi,1000.0
2009,bdi,940.0
2010,bdi,850.0
2011,bdi,740.0
2012,bdi,650.0
2013,bdi,600.0
1995,bel,4.0
1996,bel,5.0
1997,bel,5.0
1998,bel,6.0
1999,bel,6.0
2000,bel,5.0
2001,bel,6.0
2002,bel,5.0
2003,bel,5.0
2004,bel,6.0
2005,bel,8.0
2006,bel,8.0
2007,bel,8.0
2008,bel,9.0
2009,bel,8.0
2010,bel,7.0
2011,bel,6.0
2012,bel,5.0
2013,bel,4.0
1995,ben,230.0
1996,ben,280.0
1997,ben,340.0
1998,ben,380.0
1999,ben,420.0
2000,ben,450.0
2001,ben,460.0
2002,ben,450.0
2003,ben,430.0
2004,ben,410.0
2005,ben,380.0
2006,ben,340.0
2007,ben,320.0
2008,ben,320.0
2009,ben,310.0
2010,ben,330.0
2011,ben,340.0
2012,ben,340.0
2013,ben,350.0
1995,bfa,1400.0
1996,bfa,1400.0
1997,bfa,1400.0
1998,bfa,1300.0
1999,bfa,1300.0
2000,bfa,1200.0
2001,bfa,1100.0
2002,bfa,1000.0
2003,bfa,960.0
2004,bfa,860.0
2005,bfa,760.0
2006,bfa,660.0
2007,bfa,590.0
2008,bfa,530.0
2009,bfa,480.0
2010,bfa,420.0
2011,bfa,390.0
2012,bfa,360.0
2013,bfa,330.0
1995,bgd,1.0
1996,bgd,1.0
1997,bgd,5.0
1998,bgd,9.0
1999,bgd,17.0
2000,bgd,26.0
2001,bgd,39.0
2002,bgd,52.0
2003,bgd,67.0
2004,bgd,82.0
2005,bgd,95.0
2006,bgd,110.0
2007,bgd,120.0
2008,bgd,120.0
2009,bgd,130.0
2010,bgd,140.0
2011,bgd,140.0
2012,bgd,150.0
2013,bgd,160.0
1995,bgr,0.0
1996,bgr,0.0
1997,bgr,0.0
1998,bgr,0.0
1999,bgr,0.0
2000,bgr,0.0
2001,bgr,0.0
2002,bgr,1.0
2003,bgr,1.0
2004,bgr,0.0
2005,bgr,0.0
2006,bgr,0.0
2007,bgr,0.0
2008,bgr,0.0
2009,bgr,0.0
2010,bgr,0.0
2011,bgr,1.0
2012,bgr,1.0
2013,bgr,1.0
1995,bhr,0.0
1996,bhr,0.0
1997,bhr,0.0
1998,bhr,0.0
1999,bhr,0.0
2000,bhr,0.0
2001,bhr,0.0
2002,bhr,0.0
2003,bhr,0.0
2004,bhr,0.0
2005,bhr,0.0
2006,bhr,0.0
2007,bhr,0.0
2008,bhr,0.0
2009,bhr,0.0
2010,bhr,0.0
2011,bhr,0.0
2012,bhr,0.0
2013,bhr,0.0
1995,bhs,5.0
1996,bhs,5.0
1997,bhs,5.0
1998,bhs,5.0
1999,bhs,4.0
2000,bhs,4.0
2001,bhs,4.0
2002,bhs,5.0
2003,bhs,5.0
2004,bhs,4.0
2005,bhs,4.0
2006,bhs,5.0
2007,bhs,5.0
2008,bhs,4.0
2009,bhs,4.0
2010,bhs,3.0
2011,bhs,3.0
2012,bhs,2.0
2013,bhs,2.0
1995,bih,0.0
1996,bih,0.0
1997,bih,0.0
1998,bih,0.0
1999,bih,0.0
2000,bih,0.0
2001,bih,0.0
2002,bih,0.0
2003,bih,0.0
2004,bih,0.0
2005,bih,0.0
2006,bih,0.0
2007,bih,0.0
2008,bih,0.0
2009,bih,0.0
2010,bih,0.0
2011,bih,0.0
2012,bih,0.0
2013,bih,0.0
1995,blr,3.0
1996,blr,4.0
1997,blr,6.0
1998,blr,8.0
1999,blr,11.0
2000,blr,14.0
2001,blr,18.0
2002,blr,21.0
2003,blr,24.0
2004,blr,27.0
2005,blr,31.0
2006,blr,35.0
2007,blr,38.0
2008,blr,47.0
2009,blr,57.0
2010,blr,63.0
2011,blr,69.0
2012,blr,76.0
2013,blr,85.0
1995,blz,0.0
1996,blz,0.0
1997,blz,1.0
1998,blz,2.0
1999,blz,3.0
2000,blz,4.0
2001,blz,4.0
2002,blz,4.0
2003,blz,4.0
2004,blz,3.0
2005,blz,3.0
2006,blz,3.0
2007,blz,3.0
2008,blz,4.0
2009,blz,5.0
2010,blz,5.0
2011,blz,4.0
2012,blz,3.0
2013,blz,3.0
1995,bmu,0.0
1996,bmu,0.0
1997,bmu,0.0
1998,bmu,0.0
1999,bmu,0.0
2000,bmu,0.0
2001,bmu,0.0
2002,bmu,0.0
2003,bmu,0.0
2004,bmu,0.0
2005,bmu,0.0
2006,bmu,0.0
2007,bmu,0.0
2008,bmu,0.0
2009,bmu,0.0
2010,bmu,0.0
2011,bmu,0.0
2012,bmu,0.0
2013,bmu,0.0
1995,bol,240.0
1996,bol,260.0
1997,bol,270.0
1998,bol,280.0
1999,bol,290.0
2000,bol,300.0
2001,bol,290.0
2002,bol,290.0
2003,bol,280.0
2004,bol,270.0
2005,bol,250.0
2006,bol,230.0
2007,bol,220.0
2008,bol,200.0
2009,bol,180.0
2010,bol,170.0
2011,bol,150.0
2012,bol,140.0
2013,bol,120.0
1995,bra,2500.0
1996,bra,2500.0
1997,bra,2400.0
1998,bra,2500.0
1999,bra,2700.0
2000,bra,2900.0
2001,bra,2900.0
2002,bra,2900.0
2003,bra,2800.0
2004,bra,2700.0
2005,bra,2600.0
2006,bra,2600.0
2007,bra,2700.0
2008,bra,2600.0
2009,bra,2600.0
2010,bra,2500.0
2011,bra,2300.0
2012,bra,2200.0
2013,bra,2100.0
1995,brb,0.0
1996,brb,0.0
1997,brb,0.0
1998,brb,0.0
1999,brb,0.0
2000,brb,0.0
2001,brb,0.0
2002,brb,0.0
2003,brb,0.0
2004,brb,0.0
2005,brb,0.0
2006,brb,0.0
2007,brb,0.0
2008,brb,0.0
2009,brb,0.0
2010,brb,0.0
2011,brb,0.0
2012,brb,0.0
2013,brb,0.0
1995,brn,0.0
1996,brn,0.0
1997,brn,0.0
1998,brn,0.0
1999,brn,0.0
2000,brn,0.0
2001,brn,0.0
2002,brn,0.0
2003,brn,0.0
2004,brn,0.0
2005,brn,0.0
2006,brn,0.0
2007,brn,0.0
2008,brn,0.0
2009,brn,0.0
2010,brn,0.0
2011,brn,0.0
2012,brn,0.0
2013,brn,0.0
1995,btn,0.0
1996,btn,0.0
1997,btn,0.0
1998,btn,0.0
1999,btn,0.0
2000,btn,0.0
2001,btn,0.0
2002,btn,0.0
2003,btn,0.0
2004,btn,0.0
2005,btn,0.0
2006,btn,0.0
2007,btn,0.0
2008,btn,0.0
2009,btn,0.0
2010,btn,0.0
2011,btn,0.0
2012,btn,0.0
2013,btn,0.0
1995,bwa,3400.0
1996,bwa,4000.0
1997,bwa,4300.0
1998,bwa,4400.0
1999,bwa,4400.0
2000,bwa,4200.0
2001,bwa,4000.0
2002,bwa,3700.0
2003,bwa,3400.0
2004,bwa,2900.0
2005,bwa,2500.0
2006,bwa,2200.0
2007,bwa,2000.0
2008,bwa,1800.0
2009,bwa,1600.0
2010,bwa,1400.0
2011,bwa,1300.0
2012,bwa,1100.0
2013,bwa,930.0
1995,caf,12000.0
1996,caf,14000.0
1997,caf,15000.0
1998,caf,15000.0
1999,caf,15000.0
2000,caf,15000.0
2001,caf,14000.0
2002,caf,13000.0
2003,caf,12000.0
2004,caf,11000.0
2005,caf,9500.0
2006,caf,8100.0
2007,caf,6800.0
2008,caf,5600.0
2009,caf,4700.0
2010,caf,4100.0
2011,caf,3600.0
2012,caf,3200.0
2013,caf,2800.0
1995,can,30.0
1996,can,24.0
1997,can,14.0
1998,can,13.0
1999,can,13.0
2000,can,13.0
2001,can,14.0
2002,can,13.0
2003,can,13.0
2004,can,14.0
2005,can,13.0
2006,can,13.0
2007,can,14.0
2008,can,15.0
2009,can,14.0
2010,can,13.0
2011,can,13.0
2012,can,13.0
2013,can,13.0
1995,che,3.0
1996,che,3.0
1997,che,1.0
1998,che,1.0
1999,che,1.0
2000,che,1.0
2001,che,1.0
2002,che,1.0
2003,che,1.0
2004,che,1.0
2005,che,1.0
2006,che,2.0
2007,che,2.0
2008,che,2.0
2009,che,2.0
2010,che,2.0
2011,che,2.0
2012,che,2.0
2013,che,2.0
1995,chl,10.0
1996,chl,11.0
1997,chl,12.0
1998,chl,13.0
1999,chl,13.0
2000,chl,12.0
2001,chl,12.0
2002,chl,11.0
2003,chl,9.0
2004,chl,8.0
2005,chl,8.0
2006,chl,6.0
2007,chl,8.0
2008,chl,8.0
2009,chl,7.0
2010,chl,8.0
2011,chl,8.0
2012,chl,8.0
2013,chl,6.0
1995,chn,1100.0
1996,chn,1300.0
1997,chn,1600.0
1998,chn,1800.0
1999,chn,2000.0
2000,chn,2000.0
2001,chn,2000.0
2002,chn,2000.0
2003,chn,1800.0
2004,chn,1600.0
2005,chn,1400.0
2006,chn,1200.0
2007,chn,1000.0
2008,chn,880.0
2009,chn,770.0
2010,chn,710.0
2011,chn,670.0
2012,chn,650.0
2013,chn,670.0
1995,civ,10000.0
1996,civ,12000.0
1997,civ,13000.0
1998,civ,13000.0
1999,civ,14000.0
2000,civ,13000.0
2001,civ,13000.0
2002,civ,12000.0
2003,civ,10000.0
2004,civ,9100.0
2005,civ,7700.0
2006,civ,6400.0
2007,civ,5400.0
2008,civ,4500.0
2009,civ,3800.0
2010,civ,3300.0
2011,civ,2800.0
2012,civ,2400.0
2013,civ,2100.0
1995,cmr,4400.0
1996,cmr,5900.0
1997,cmr,7500.0
1998,cmr,9100.0
1999,cmr,11000.0
2000,cmr,12000.0
2001,cmr,13000.0
2002,cmr,13000.0
2003,cmr,13000.0
2004,cmr,13000.0
2005,cmr,12000.0
2006,cmr,11000.0
2007,cmr,11000.0
2008,cmr,9700.0
2009,cmr,9000.0
2010,cmr,8600.0
2011,cmr,8300.0
2012,cmr,8100.0
2013,cmr,7900.0
1995,cod,6800.0
1996,cod,7000.0
1997,cod,7100.0
1998,cod,7100.0
1999,cod,7100.0
2000,cod,7100.0
2001,cod,7100.0
2002,cod,7000.0
2003,cod,6900.0
2004,cod,6700.0
2005,cod,6600.0
2006,cod,6400.0
2007,cod,6300.0
2008,cod,6400.0
2009,cod,6400.0
2010,cod,6400.0
2011,cod,6500.0
2012,cod,6400.0
2013,cod,6400.0
1995,cog,1400.0
1996,cog,1400.0
1997,cog,1500.0
1998,cog,1500.0
1999,cog,1600.0
2000,cog,1700.0
2001,cog,1900.0
2002,cog,2100.0
2003,cog,2200.0
2004,cog,2300.0
2005,cog,2300.0
2006,cog,2200.0
2007,cog,2200.0
2008,cog,2000.0
2009,cog,1800.0
2010,cog,1700.0
2011,cog,1600.0
2012,cog,1600.0
2013,cog,1600.0
1995,cok,0.0
1996,cok,0.0
1997,cok,0.0
1998,cok,0.0
1999,cok,0.0
2000,cok,0.0
2001,cok,0.0
2002,cok,0.0
2003,cok,0.0
2004,cok,0.0
2005,cok,0.0
2006,cok,0.0
2007,cok,0.0
2008,cok,0.0
2009,cok,0.0
2010,cok,0.0
2011,cok,0.0
2012,cok,0.0
2013,cok,0.0
1995,col,270.0
1996,col,340.0
1997,col,410.0
1998,col,480.0
1999,col,530.0
2000,col,560.0
2001,col,570.0
2002,col,560.0
2003,col,550.0
2004,col,530.0
2005,col,510.0
2006,col,470.0
2007,col,450.0
2008,col,460.0
2009,col,450.0
2010,col,410.0
2011,col,350.0
2012,col,310.0
2013,col,300.0
1995,com,0.0
1996,com,0.0
1997,com,0.0
1998,com,0.0
1999,com,0.0
2000,com,0.0
2001,com,0.0
2002,com,0.0
2003,com,0.0
2004,com,0.0
2005,com,0.0
2006,com,0.0
2007,com,0.0
2008,com,0.0
2009,com,0.0
2010,com,0.0
2011,com,0.0
2012,com,0.0
2013,com,0.0
1995,cpv,15.0
1996,cpv,17.0
1997,cpv,19.0
1998,cpv,21.0
1999,cpv,23.0
2000,cpv,23.0
2001,cpv,24.0
2002,cpv,24.0
2003,cpv,24.0
2004,cpv,24.0
2005,cpv,21.0
2006,cpv,18.0
2007,cpv,18.0
2008,cpv,18.0
2009,cpv,17.0
2010,cpv,18.0
2011,cpv,18.0
2012,cpv,17.0
2013,cpv,15.0
1995,cri,6.0
1996,cri,7.0
1997,cri,7.0
1998,cri,8.0
1999,cri,9.0
2000,cri,8.0
2001,cri,7.0
2002,cri,8.0
2003,cri,10.0
2004,cri,12.0
2005,cri,13.0
2006,cri,13.0
2007,cri,13.0
2008,cri,12.0
2009,cri,12.0
2010,cri,14.0
2011,cri,12.0
2012,cri,10.0
2013,cri,8.0
1995,cub,1.0
1996,cub,1.0
1997,cub,1.0
1998,cub,1.0
1999,cub,1.0
2000,cub,1.0
2001,cub,2.0
2002,cub,1.0
2003,cub,1.0
2004,cub,1.0
2005,cub,1.0
2006,cub,3.0
2007,cub,3.0
2008,cub,3.0
2009,cub,3.0
2010,cub,4.0
2011,cub,5.0
2012,cub,5.0
2013,cub,5.0
1995,cym,0.0
1996,cym,0.0
1997,cym,0.0
1998,cym,0.0
1999,cym,0.0
2000,cym,0.0
2001,cym,0.0
2002,cym,0.0
2003,cym,0.0
2004,cym,0.0
2005,cym,0.0
2006,cym,0.0
2007,cym,0.0
2008,cym,0.0
2009,cym,0.0
2010,cym,0.0
2011,cym,0.0
2012,cym,0.0
2013,cym,0.0
1995,cyp,0.0
1996,cyp,0.0
1997,cyp,0.0
1998,cyp,0.0
1999,cyp,0.0
2000,cyp,0.0
2001,cyp,0.0
2002,cyp,0.0
2003,cyp,0.0
2004,cyp,0.0
2005,cyp,0.0
2006,cyp,0.0
2007,cyp,0.0
2008,cyp,0.0
2009,cyp,0.0
2010,cyp,0.0
2011,cyp,0.0
2012,cyp,0.0
2013,cyp,0.0
1995,cze,0.0
1996,cze,0.0
1997,cze,0.0
1998,cze,0.0
1999,cze,0.0
2000,cze,0.0
2001,cze,0.0
2002,cze,0.0
2003,cze,0.0
2004,cze,0.0
2005,cze,0.0
2006,cze,0.0
2007,cze,0.0
2008,cze,0.0
2009,cze,0.0
2010,cze,0.0
2011,cze,0.0
2012,cze,0.0
2013,cze,0.0
1995,deu,14.0
1996,deu,9.0
1997,deu,9.0
1998,deu,8.0
1999,deu,6.0
2000,deu,6.0
2001,deu,6.0
2002,deu,5.0
2003,deu,5.0
2004,deu,5.0
2005,deu,5.0
2006,deu,4.0
2007,deu,4.0
2008,deu,4.0
2009,deu,4.0
2010,deu,3.0
2011,deu,3.0
2012,deu,3.0
2013,deu,5.0
1995,dji,22.0
1996,dji,30.0
1997,dji,39.0
1998,dji,52.0
1999,dji,69.0
2000,dji,89.0
2001,dji,120.0
2002,dji,140.0
2003,dji,180.0
2004,dji,200.0
2005,dji,210.0
2006,dji,210.0
2007,dji,200.0
2008,dji,190.0
2009,dji,170.0
2010,dji,160.0
2011,dji,140.0
2012,dji,130.0
2013,dji,120.0
1995,dma,0.0
1996,dma,0.0
1997,dma,0.0
1998,dma,0.0
1999,dma,0.0
2000,dma,0.0
2001,dma,0.0
2002,dma,0.0
2003,dma,0.0
2004,dma,0.0
2005,dma,0.0
2006,dma,0.0
2007,dma,0.0
2008,dma,0.0
2009,dma,0.0
2010,dma,0.0
2011,dma,0.0
2012,dma,0.0
2013,dma,0.0
1995,dnk,1.0
1996,dnk,1.0
1997,dnk,1.0
1998,dnk,0.0
1999,dnk,1.0
2000,dnk,1.0
2001,dnk,1.0
2002,dnk,1.0
2003,dnk,1.0
2004,dnk,1.0
2005,dnk,1.0
2006,dnk,1.0
2007,dnk,1.0
2008,dnk,1.0
2009,dnk,2.0
2010,dnk,2.0
2011,dnk,2.0
2012,dnk,1.0
2013,dnk,1.0
1995,dom,890.0
1996,dom,960.0
1997,dom,1000.0
1998,dom,1100.0
1999,dom,1100.0
2000,dom,1100.0
2001,dom,1100.0
2002,dom,1100.0
2003,dom,1100.0
2004,dom,1100.0
2005,dom,1000.0
2006,dom,890.0
2007,dom,790.0
2008,dom,690.0
2009,dom,620.0
2010,dom,560.0
2011,dom,490.0
2012,dom,410.0
2013,dom,360.0
1995,dza,9.0
1996,dza,11.0
1997,dza,13.0
1998,dza,15.0
1999,dza,17.0
2000,dza,19.0
2001,dza,20.0
2002,dza,22.0
2003,dza,24.0
2004,dza,26.0
2005,dza,27.0
2006,dza,29.0
2007,dza,29.0
2008,dza,31.0
2009,dza,32.0
2010,dza,33.0
2011,dza,35.0
2012,dza,35.0
2013,dza,35.0
1995,ecu,410.0
1996,ecu,470.0
1997,ecu,520.0
1998,ecu,570.0
1999,ecu,610.0
2000,ecu,650.0
2001,ecu,680.0
2002,ecu,690.0
2003,ecu,700.0
2004,ecu,680.0
2005,ecu,650.0
2006,ecu,630.0
2007,ecu,590.0
2008,ecu,540.0
2009,ecu,500.0
2010,ecu,470.0
2011,ecu,430.0
2012,ecu,390.0
2013,ecu,360.0
1995,egy,7.0
1996,egy,8.0
1997,egy,8.0
1998,egy,9.0
1999,egy,9.0
2000,egy,10.0
2001,egy,10.0
2002,egy,12.0
2003,egy,13.0
2004,egy,15.0
2005,egy,17.0
2006,egy,18.0
2007,egy,18.0
2008,egy,20.0
2009,egy,22.0
2010,egy,26.0
2011,egy,28.0
2012,egy,30.0
2013,egy,34.0
1995,eri,57.0
1996,eri,66.0
1997,eri,81.0
1998,eri,100.0
1999,eri,130.0
2000,eri,150.0
2001,eri,180.0
2002,eri,200.0
2003,eri,220.0
2004,eri,230.0
2005,eri,220.0
2006,eri,200.0
2007,eri,180.0
2008,eri,170.0
2009,eri,160.0
2010,eri,160.0
2011,eri,150.0
2012,eri,130.0
2013,eri,120.0
1995,esp,170.0
1996,esp,100.0
1997,esp,89.0
1998,esp,87.0
1999,esp,86.0
2000,esp,85.0
2001,esp,88.0
2002,esp,92.0
2003,esp,97.0
2004,esp,100.0
2005,esp,110.0
2006,esp,120.0
2007,esp,120.0
2008,esp,120.0
2009,esp,100.0
2010,esp,91.0
2011,esp,77.0
2012,esp,61.0
2013,esp,49.0
1995,est,1.0
1996,est,1.0
1997,est,2.0
1998,est,2.0
1999,est,4.0
2000,est,5.0
2001,est,6.0
2002,est,7.0
2003,est,7.0
2004,est,7.0
2005,est,7.0
2006,est,7.0
2007,est,7.0
2008,est,8.0
2009,est,8.0
2010,est,7.0
2011,est,6.0
2012,est,6.0
2013,est,5.0
1995,eth,21000.0
1996,eth,25000.0
1997,eth,29000.0
1998,eth,32000.0
1999,eth,34000.0
2000,eth,34000.0
2001,eth,33000.0
2002,eth,31000.0
2003,eth,28000.0
2004,eth,25000.0
2005,eth,21000.0
2006,eth,18000.0
2007,eth,14000.0
2008,eth,12000.0
2009,eth,9800.0
2010,eth,8200.0
2011,eth,6900.0
2012,eth,6100.0
2013,eth,5600.0
1995,fin,0.0
1996,fin,0.0
1997,fin,0.0
1998,fin,0.0
1999,fin,0.0
2000,fin,0.0
2001,fin,0.0
2002,fin,0.0
2003,fin,0.0
2004,fin,0.0
2005,fin,0.0
2006,fin,0.0
2007,fin,0.0
2008,fin,0.0
2009,fin,0.0
2010,fin,0.0
2011,fin,0.0
2012,fin,0.0
2013,fin,0.0
1995,fji,1.1
1996,fji,1.1
1997,fji,1.7
1998,fji,2.3
1999,fji,3.0
2000,fji,3.0
2001,fji,3.1
2002,fji,3.1
2003,fji,3.1
2004,fji,2.6
2005,fji,2.0
2006,fji,2.1
2007,fji,3.1
2008,fji,3.4
2009,fji,3.7
2010,fji,3.1
2011,fji,3.6
2012,fji,1.4
2013,fji,1.6
1995,fra,270.0
1996,fra,180.0
1997,fra,100.0
1998,fra,91.0
1999,fra,86.0
2000,fra,83.0
2001,fra,85.0
2002,fra,88.0
2003,fra,95.0
2004,fra,100.0
2005,fra,98.0
2006,fra,95.0
2007,fra,91.0
2008,fra,85.0
2009,fra,79.0
2010,fra,75.0
2011,fra,75.0
2012,fra,80.0
2013,fra,88.0
1995,fsm,0.0
1996,fsm,0.0
1997,fsm,0.0
1998,fsm,0.0
1999,fsm,0.0
2000,fsm,0.0
2001,fsm,0.0
2002,fsm,0.0
2003,fsm,0.0
2004,fsm,0.0
2005,fsm,0.0
2006,fsm,0.0
2007,fsm,0.0
2008,fsm,0.0
2009,fsm,0.0
2010,fsm,0.0
2011,fsm,0.0
2012,fsm,0.0
2013,fsm,0.0
1995,gab,110.0
1996,gab,150.0
1997,gab,210.0
1998,gab,280.0
1999,gab,350.0
2000,gab,440.0
2001,gab,510.0
2002,gab,580.0
2003,gab,630.0
2004,gab,650.0
2005,gab,610.0
2006,gab,570.0
2007,gab,550.0
2008,gab,500.0
2009,gab,430.0
2010,gab,360.0
2011,gab,300.0
2012,gab,240.0
2013,gab,180.0
1995,gbr,7.0
1996,gbr,6.0
1997,gbr,6.0
1998,gbr,4.0
1999,gbr,4.0
2000,gbr,4.0
2001,gbr,5.0
2002,gbr,5.0
2003,gbr,6.0
2004,gbr,7.0
2005,gbr,8.0
2006,gbr,10.0
2007,gbr,11.0
2008,gbr,11.0
2009,gbr,12.0
2010,gbr,12.0
2011,gbr,12.0
2012,gbr,12.0
2013,gbr,12.0
1995,geo,5.0
1996,geo,6.0
1997,geo,8.0
1998,geo,10.0
1999,geo,12.0
2000,geo,15.0
2001,geo,18.0
2002,geo,20.0
2003,geo,21.0
2004,geo,21.0
2005,geo,20.0
2006,geo,19.0
2007,geo,17.0
2008,geo,17.0
2009,geo,16.0
2010,geo,17.0
2011,geo,17.0
2012,geo,19.0
2013,geo,20.0
1995,gha,2700.0
1996,gha,3100.0
1997,gha,3400.0
1998,gha,3700.0
1999,gha,3900.0
2000,gha,4000.0
2001,gha,4000.0
2002,gha,3900.0
2003,gha,3700.0
2004,gha,3400.0
2005,gha,3100.0
2006,gha,2700.0
2007,gha,2400.0
2008,gha,2000.0
2009,gha,1600.0
2010,gha,1300.0
2011,gha,970.0
2012,gha,700.0
2013,gha,520.0
1995,gin,820.0
1996,gin,1000.0
1997,gin,1200.0
1998,gin,1400.0
1999,gin,1600.0
2000,gin,1700.0
2001,gin,1800.0
2002,gin,1900.0
2003,gin,1900.0
2004,gin,2000.0
2005,gin,2000.0
2006,gin,1900.0
2007,gin,1800.0
2008,gin,1800.0
2009,gin,1600.0
2010,gin,1600.0
2011,gin,1600.0
2012,gin,1600.0
2013,gin,1700.0
1995,gmb,13.0
1996,gmb,17.0
1997,gmb,22.0
1998,gmb,28.0
1999,gmb,37.0
2000,gmb,47.0
2001,gmb,58.0
2002,gmb,71.0
2003,gmb,84.0
2004,gmb,96.0
2005,gmb,100.0
2006,gmb,110.0
2007,gmb,120.0
2008,gmb,130.0
2009,gmb,130.0
2010,gmb,130.0
2011,gmb,110.0
2012,gmb,100.0
2013,gmb,110.0
1995,gnb,240.0
1996,gnb,300.0
1997,gnb,380.0
1998,gnb,470.0
1999,gnb,560.0
2000,gnb,650.0
2001,gnb,740.0
2002,gnb,830.0
2003,gnb,910.0
2004,gnb,990.0
2005,gnb,1000.0
2006,gnb,1100.0
2007,gnb,1100.0
2008,gnb,1100.0
2009,gnb,1100.0
2010,gnb,1200.0
2011,gnb,1200.0
2012,gnb,1300.0
2013,gnb,1400.0
1995,gnq,3.0
1996,gnq,4.0
1997,gnq,6.0
1998,gnq,8.0
1999,gnq,10.0
2000,gnq,13.0
2001,gnq,15.0
2002,gnq,17.0
2003,gnq,19.0
2004,gnq,21.0
2005,gnq,22.0
2006,gnq,25.0
2007,gnq,29.0
2008,gnq,32.0
2009,gnq,35.0
2010,gnq,39.0
2011,gnq,42.0
2012,gnq,41.0
2013,gnq,41.0
1995,grc,1.0
1996,grc,1.0
1997,grc,1.0
1998,grc,1.0
1999,grc,1.0
2000,grc,0.0
2001,grc,0.0
2002,grc,1.0
2003,grc,1.0
2004,grc,1.0
2005,grc,1.0
2006,grc,1.0
2007,grc,1.0
2008,grc,0.0
2009,grc,0.0
2010,grc,0.0
2011,grc,0.0
2012,grc,0.0
2013,grc,0.0
1995,grd,0.0
1996,grd,0.0
1997,grd,0.0
1998,grd,0.0
1999,grd,0.0
2000,grd,0.0
2001,grd,0.0
2002,grd,0.0
2003,grd,0.0
2004,grd,0.0
2005,grd,0.0
2006,grd,0.0
2007,grd,0.0
2008,grd,0.0
2009,grd,0.0
2010,grd,0.0
2011,grd,0.0
2012,grd,0.0
2013,grd,0.0
1995,grl,0.0
1996,grl,0.0
1997,grl,0.0
1998,grl,0.0
1999,grl,0.0
2000,grl,0.0
2001,grl,0.0
2002,grl,0.0
2003,grl,0.0
2004,grl,0.0
2005,grl,0.0
2006,grl,0.0
2007,grl,0.0
2008,grl,0.0
2009,grl,0.0
2010,grl,0.0
2011,grl,0.0
2012,grl,0.0
2013,grl,0.0
1995,gtm,130.0
1996,gtm,150.0
1997,gtm,170.0
1998,gtm,180.0
1999,gtm,200.0
2000,gtm,220.0
2001,gtm,230.0
2002,gtm,250.0
2003,gtm,230.0
2004,gtm,210.0
2005,gtm,260.0
2006,gtm,290.0
2007,gtm,280.0
2008,gtm,270.0
2009,gtm,300.0
2010,gtm,360.0
2011,gtm,390.0
2012,gtm,410.0
2013,gtm,410.0
1995,gum,0.0
1996,gum,0.0
1997,gum,0.0
1998,gum,0.0
1999,gum,0.0
2000,gum,0.0
2001,gum,0.0
2002,gum,0.0
2003,gum,0.0
2004,gum,0.0
2005,gum,0.0
2006,gum,0.0
2007,gum,0.0
2008,gum,0.0
2009,gum,0.0
2010,gum,0.0
2011,gum,0.0
2012,gum,0.0
2013,gum,0.0
1995,guy,6.0
1996,guy,9.0
1997,guy,14.0
1998,guy,20.0
1999,guy,28.0
2000,guy,36.0
2001,guy,43.0
2002,guy,49.0
2003,guy,51.0
2004,guy,46.0
2005,guy,39.0
2006,guy,40.0
2007,guy,34.0
2008,guy,38.0
2009,guy,40.0
2010,guy,38.0
2011,guy,36.0
2012,guy,33.0
2013,guy,30.0
1995,hkg,0.0
1996,hkg,0.0
1997,hkg,0.0
1998,hkg,0.0
1999,hkg,0.0
2000,hkg,0.0
2001,hkg,0.0
2002,hkg,0.0
2003,hkg,0.0
2004,hkg,0.0
2005,hkg,0.0
2006,hkg,0.0
2007,hkg,0.0
2008,hkg,0.0
2009,hkg,0.0
2010,hkg,0.0
2011,hkg,0.0
2012,hkg,0.0
2013,hkg,0.0
1995,hnd,290.0
1996,hnd,330.0
1997,hnd,370.0
1998,hnd,400.0
1999,hnd,410.0
2000,hnd,410.0
2001,hnd,390.0
2002,hnd,350.0
2003,hnd,300.0
2004,hnd,250.0
2005,hnd,220.0
2006,hnd,180.0
2007,hnd,160.0
2008,hnd,140.0
2009,hnd,130.0
2010,hnd,120.0
2011,hnd,120.0
2012,hnd,110.0
2013,hnd,110.0
1995,hrv,0.0
1996,hrv,0.0
1997,hrv,0.0
1998,hrv,0.0
1999,hrv,0.0
2000,hrv,0.0
2001,hrv,0.0
2002,hrv,0.0
2003,hrv,0.0
2004,hrv,0.0
2005,hrv,0.0
2006,hrv,0.0
2007,hrv,0.0
2008,hrv,0.0
2009,hrv,0.0
2010,hrv,0.0
2011,hrv,0.0
2012,hrv,0.0
2013,hrv,0.0
1995,hti,2900.0
1996,hti,3000.0
1997,hti,3100.0
1998,hti,3100.0
1999,hti,3100.0
2000,hti,3100.0
2001,hti,3000.0
2002,hti,2900.0
2003,hti,2800.0
2004,hti,2600.0
2005,hti,2400.0
2006,hti,2200.0
2007,hti,1900.0
2008,hti,1700.0
2009,hti,1500.0
2010,hti,1400.0
2011,hti,1300.0
2012,hti,1000.0
2013,hti,880.0
1995,hun,0.0
1996,hun,0.0
1997,hun,0.0
1998,hun,0.0
1999,hun,0.0
2000,hun,0.0
2001,hun,0.0
2002,hun,0.0
2003,hun,0.0
2004,hun,0.0
2005,hun,0.0
2006,hun,0.0
2007,hun,0.0
2008,hun,0.0
2009,hun,1.0
2010,hun,0.0
2011,hun,0.0
2012,hun,1.0
2013,hun,1.0
1995,idn,55.0
1996,idn,95.0
1997,idn,160.0
1998,idn,250.0
1999,idn,380.0
2000,idn,550.0
2001,idn,770.0
2002,idn,1000.0
2003,idn,1300.0
2004,idn,1600.0
2005,idn,1800.0
2006,idn,2100.0
2007,idn,2400.0
2008,idn,2700.0
2009,idn,3000.0
2010,idn,3300.0
2011,idn,3500.0
2012,idn,3800.0
2013,idn,3900.0
1995,ind,11000.0
1996,ind,16000.0
1997,ind,23000.0
1998,ind,31000.0
1999,ind,39000.0
2000,ind,48000.0
2001,ind,56000.0
2002,ind,62000.0
2003,ind,67000.0
2004,ind,69000.0
2005,ind,68000.0
2006,ind,65000.0
2007,ind,60000.0
2008,ind,54000.0
2009,ind,49000.0
2010,ind,45000.0
2011,ind,42000.0
2012,ind,39000.0
2013,ind,38000.0
1995,irl,0.0
1996,irl,0.0
1997,irl,0.0
1998,irl,0.0
1999,irl,0.0
2000,irl,0.0
2001,irl,0.0
2002,irl,0.0
2003,irl,0.0
2004,irl,0.0
2005,irl,0.0
2006,irl,0.0
2007,irl,0.0
2008,irl,0.0
2009,irl,0.0
2010,irl,0.0
2011,irl,0.0
2012,irl,0.0
2013,irl,0.0
1995,irn,7.0
1996,irn,8.0
1997,irn,9.0
1998,irn,10.0
1999,irn,12.0
2000,irn,14.0
2001,irn,17.0
2002,irn,21.0
2003,irn,25.0
2004,irn,30.0
2005,irn,36.0
2006,irn,41.0
2007,irn,45.0
2008,irn,49.0
2009,irn,54.0
2010,irn,60.0
2011,irn,67.0
2012,irn,72.0
2013,irn,78.0
1995,irq,0.0
1996,irq,0.0
1997,irq,0.0
1998,irq,0.0
1999,irq,0.0
2000,irq,0.0
2001,irq,0.0
2002,irq,0.0
2003,irq,0.0
2004,irq,0.0
2005,irq,0.0
2006,irq,0.0
2007,irq,0.0
2008,irq,0.0
2009,irq,0.0
2010,irq,0.0
2011,irq,0.0
2012,irq,0.0
2013,irq,0.0
1995,isl,0.0
1996,isl,0.0
1997,isl,0.0
1998,isl,0.0
1999,isl,0.0
2000,isl,0.0
2001,isl,0.0
2002,isl,0.0
2003,isl,0.0
2004,isl,0.0
2005,isl,0.0
2006,isl,0.0
2007,isl,0.0
2008,isl,0.0
2009,isl,0.0
2010,isl,0.0
2011,isl,0.0
2012,isl,0.0
2013,isl,0.0
1995,isr,1.0
1996,isr,1.0
1997,isr,1.0
1998,isr,1.0
1999,isr,1.0
2000,isr,2.0
2001,isr,2.0
2002,isr,2.0
2003,isr,1.0
2004,isr,1.0
2005,isr,0.0
2006,isr,0.0
2007,isr,1.0
2008,isr,1.0
2009,isr,1.0
2010,isr,1.0
2011,isr,1.0
2012,isr,1.0
2013,isr,1.0
1995,ita,44.0
1996,ita,36.0
1997,ita,30.0
1998,ita,22.0
1999,ita,15.0
2000,ita,13.0
2001,ita,11.0
2002,ita,11.0
2003,ita,12.0
2004,ita,12.0
2005,ita,13.0
2006,ita,14.0
2007,ita,14.0
2008,ita,15.0
2009,ita,14.0
2010,ita,14.0
2011,ita,12.0
2012,ita,10.0
2013,ita,8.0
1995,jam,9.0
1996,jam,10.0
1997,jam,11.0
1998,jam,12.0
1999,jam,13.0
2000,jam,14.0
2001,jam,15.0
2002,jam,15.0
2003,jam,16.0
2004,jam,17.0
2005,jam,16.0
2006,jam,15.0
2007,jam,15.0
2008,jam,14.0
2009,jam,13.0
2010,jam,13.0
2011,jam,14.0
2012,jam,15.0
2013,jam,14.0
1995,jor,0.0
1996,jor,0.0
1997,jor,0.0
1998,jor,0.0
1999,jor,0.0
2000,jor,0.0
2001,jor,0.0
2002,jor,0.0
2003,jor,0.0
2004,jor,0.0
2005,jor,0.0
2006,jor,0.0
2007,jor,0.0
2008,jor,0.0
2009,jor,0.0
2010,jor,0.0
2011,jor,0.0
2012,jor,0.0
2013,jor,0.0
1995,jpn,6.0
1996,jpn,6.0
1997,jpn,7.0
1998,jpn,7.0
1999,jpn,9.0
2000,jpn,9.0
2001,jpn,11.0
2002,jpn,11.0
2003,jpn,10.0
2004,jpn,10.0
2005,jpn,10.0
2006,jpn,11.0
2007,jpn,12.0
2008,jpn,13.0
2009,jpn,11.0
2010,jpn,10.0
2011,jpn,10.0
2012,jpn,10.0
2013,jpn,10.0
1995,kaz,63.0
1996,kaz,86.0
1997,kaz,110.0
1998,kaz,130.0
1999,kaz,150.0
2000,kaz,160.0
2001,kaz,170.0
2002,kaz,160.0
2003,kaz,140.0
2004,kaz,120.0
2005,kaz,95.0
2006,kaz,89.0
2007,kaz,100.0
2008,kaz,120.0
2009,kaz,140.0
2010,kaz,160.0
2011,kaz,160.0
2012,kaz,140.0
2013,kaz,110.0
1995,ken,7800.0
1996,ken,8800.0
1997,ken,9900.0
1998,ken,11000.0
1999,ken,12000.0
2000,ken,13000.0
2001,ken,14000.0
2002,ken,15000.0
2003,ken,16000.0
2004,ken,15000.0
2005,ken,14000.0
2006,ken,13000.0
2007,ken,12000.0
2008,ken,11000.0
2009,ken,9500.0
2010,ken,8900.0
2011,ken,8700.0
2012,ken,8700.0
2013,ken,9500.0
1995,kgz,3.0
1996,kgz,4.0
1997,kgz,5.0
1998,kgz,6.0
1999,kgz,7.0
2000,kgz,9.0
2001,kgz,11.0
2002,kgz,12.0
2003,kgz,15.0
2004,kgz,17.0
2005,kgz,20.0
2006,kgz,24.0
2007,kgz,27.0
2008,kgz,32.0
2009,kgz,36.0
2010,kgz,39.0
2011,kgz,42.0
2012,kgz,45.0
2013,kgz,45.0
1995,khm,1600.0
1996,khm,2100.0
1997,khm,2600.0
1998,khm,3000.0
1999,khm,3300.0
2000,khm,3500.0
2001,khm,3500.0
2002,khm,3400.0
2003,khm,3100.0
2004,khm,2700.0
2005,khm,2300.0
2006,khm,1800.0
2007,khm,1400.0
2008,khm,1200.0
2009,khm,1000.0
2010,khm,870.0
2011,khm,780.0
2012,khm,650.0
2013,khm,590.0
1995,kir,0.0
1996,kir,0.0
1997,kir,0.0
1998,kir,0.0
1999,kir,0.0
2000,kir,0.0
2001,kir,0.0
2002,kir,0.0
2003,kir,0.0
2004,kir,0.0
2005,kir,0.0
2006,kir,0.0
2007,kir,0.0
2008,kir,0.0
2009,kir,0.0
2010,kir,0.0
2011,kir,0.0
2012,kir,0.0
2013,kir,0.0
1995,kna,0.0
1996,kna,0.0
1997,kna,0.0
1998,kna,0.0
1999,kna,0.0
2000,kna,0.0
2001,kna,0.0
2002,kna,0.0
2003,kna,0.0
2004,kna,0.0
2005,kna,0.0
2006,kna,0.0
2007,kna,0.0
2008,kna,0.0
2009,kna,0.0
2010,kna,0.0
2011,kna,0.0
2012,kna,0.0
2013,kna,0.0
1995,kor,5.0
1996,kor,5.0
1997,kor,4.0
1998,kor,4.0
1999,kor,3.0
2000,kor,3.0
2001,kor,4.0
2002,kor,4.0
2003,kor,5.0
2004,kor,5.0
2005,kor,6.0
2006,kor,7.0
2007,kor,7.0
2008,kor,7.0
2009,kor,6.0
2010,kor,5.0
2011,kor,5.0
2012,kor,5.0
2013,kor,5.0
1995,kwt,0.0
1996,kwt,0.0
1997,kwt,0.0
1998,kwt,0.0
1999,kwt,0.0
2000,kwt,0.0
2001,kwt,0.0
2002,kwt,0.0
2003,kwt,0.0
2004,kwt,0.0
2005,kwt,0.0
2006,kwt,0.0
2007,kwt,0.0
2008,kwt,0.0
2009,kwt,0.0
2010,kwt,0.0
2011,kwt,0.0
2012,kwt,0.0
2013,kwt,0.0
1995,lao,140.0
1996,lao,170.0
1997,lao,210.0
1998,lao,250.0
1999,lao,300.0
2000,lao,350.0
2001,lao,390.0
2002,lao,420.0
2003,lao,430.0
2004,lao,420.0
2005,lao,410.0
2006,lao,410.0
2007,lao,430.0
2008,lao,440.0
2009,lao,470.0
2010,lao,520.0
2011,lao,570.0
2012,lao,600.0
2013,lao,600.0
1995,lbn,0.0
1996,lbn,0.0
1997,lbn,0.0
1998,lbn,0.0
1999,lbn,0.0
2000,lbn,0.0
2001,lbn,0.0
2002,lbn,0.0
2003,lbn,0.0
2004,lbn,0.0
2005,lbn,0.0
2006,lbn,0.0
2007,lbn,0.0
2008,lbn,0.0
2009,lbn,0.0
2010,lbn,0.0
2011,lbn,0.0
2012,lbn,0.0
2013,lbn,0.0
1995,lbr,490.0
1996,lbr,630.0
1997,lbr,790.0
1998,lbr,950.0
1999,lbr,1100.0
2000,lbr,1200.0
2001,lbr,1300.0
2002,lbr,1300.0
2003,lbr,1300.0
2004,lbr,1200.0
2005,lbr,1100.0
2006,lbr,1100.0
2007,lbr,990.0
2008,lbr,940.0
2009,lbr,890.0
2010,lbr,820.0
2011,lbr,750.0
2012,lbr,700.0
2013,lbr,650.0
1995,lby,0.0
1996,lby,0.0
1997,lby,0.0
1998,lby,0.0
1999,lby,0.0
2000,lby,0.0
2001,lby,0.0
2002,lby,0.0
2003,lby,0.0
2004,lby,0.0
2005,lby,0.0
2006,lby,0.0
2007,lby,0.0
2008,lby,0.0
2009,lby,0.0
2010,lby,0.0
2011,lby,0.0
2012,lby,0.0
2013,lby,0.0
1995,lca,0.0
1996,lca,0.0
1997,lca,0.0
1998,lca,0.0
1999,lca,0.0
2000,lca,0.0
2001,lca,0.0
2002,lca,0.0
2003,lca,0.0
2004,lca,0.0
2005,lca,0.0
2006,lca,0.0
2007,lca,0.0
2008,lca,0.0
2009,lca,0.0
2010,lca,0.0
2011,lca,0.0
2012,lca,0.0
2013,lca,0.0
1995,lka,1.0
1996,lka,1.0
1997,lka,2.0
1998,lka,2.0
1999,lka,2.0
2000,lka,2.0
2001,lka,3.0
2002,lka,3.0
2003,lka,3.0
2004,lka,3.0
2005,lka,3.0
2006,lka,3.0
2007,lka,3.0
2008,lka,4.0
2009,lka,5.0
2010,lka,5.0
2011,lka,5.0
2012,lka,6.0
2013,lka,6.0
1995,lso,1100.0
1996,lso,1800.0
1997,lso,2700.0
1998,lso,3700.0
1999,lso,4800.0
2000,lso,5800.0
2001,lso,6600.0
2002,lso,7300.0
2003,lso,7700.0
2004,lso,8000.0
2005,lso,8100.0
2006,lso,7900.0
2007,lso,7700.0
2008,lso,7200.0
2009,lso,6700.0
2010,lso,6100.0
2011,lso,5600.0
2012,lso,5400.0
2013,lso,5200.0
1995,ltu,4.0
1996,ltu,5.0
1997,ltu,7.0
1998,ltu,8.0
1999,ltu,9.0
2000,ltu,11.0
2001,ltu,12.0
2002,ltu,13.0
2003,ltu,14.0
2004,ltu,14.0
2005,ltu,14.0
2006,ltu,13.0
2007,ltu,13.0
2008,ltu,14.0
2009,ltu,13.0
2010,ltu,15.0
2011,ltu,17.0
2012,ltu,19.0
2013,ltu,22.0
1995,lux,0.0
1996,lux,0.0
1997,lux,0.0
1998,lux,0.0
1999,lux,0.0
2000,lux,0.0
2001,lux,0.0
2002,lux,0.0
2003,lux,0.0
2004,lux,0.0
2005,lux,0.0
2006,lux,0.0
2007,lux,0.0
2008,lux,0.0
2009,lux,0.0
2010,lux,0.0
2011,lux,0.0
2012,lux,0.0
2013,lux,0.0
1995,lva,22.0
1996,lva,28.0
1997,lva,34.0
1998,lva,39.0
1999,lva,43.0
2000,lva,45.0
2001,lva,45.0
2002,lva,45.0
2003,lva,43.0
2004,lva,40.0
2005,lva,36.0
2006,lva,33.0
2007,lva,30.0
2008,lva,27.0
2009,lva,28.0
2010,lva,29.0
2011,lva,32.0
2012,lva,34.0
2013,lva,36.0
1995,mac,0.0
1996,mac,0.0
1997,mac,0.0
1998,mac,0.0
1999,mac,0.0
2000,mac,0.0
2001,mac,0.0
2002,mac,0.0
2003,mac,0.0
2004,mac,0.0
2005,mac,0.0
2006,mac,0.0
2007,mac,0.0
2008,mac,0.0
2009,mac,0.0
2010,mac,0.0
2011,mac,0.0
2012,mac,0.0
2013,mac,0.0
1995,mar,20.0
1996,mar,22.0
1997,mar,25.0
1998,mar,26.0
1999,mar,27.0
2000,mar,28.0
2001,mar,29.0
2002,mar,32.0
2003,mar,33.0
2004,mar,35.0
2005,mar,40.0
2006,mar,46.0
2007,mar,53.0
2008,mar,59.0
2009,mar,65.0
2010,mar,74.0
2011,mar,82.0
2012,mar,90.0
2013,mar,98.0
1995,mco,0.0
1996,mco,0.0
1997,mco,0.0
1998,mco,0.0
1999,mco,0.0
2000,mco,0.0
2001,mco,0.0
2002,mco,0.0
2003,mco,0.0
2004,mco,0.0
2005,mco,0.0
2006,mco,0.0
2007,mco,0.0
2008,mco,0.0
2009,mco,0.0
2010,mco,0.0
2011,mco,0.0
2012,mco,0.0
2013,mco,0.0
1995,mda,6.0
1996,mda,9.0
1997,mda,11.0
1998,mda,15.0
1999,mda,19.0
2000,mda,23.0
2001,mda,27.0
2002,mda,31.0
2003,mda,36.0
2004,mda,40.0
2005,mda,45.0
2006,mda,51.0
2007,mda,58.0
2008,mda,64.0
2009,mda,72.0
2010,mda,78.0
2011,mda,81.0
2012,mda,82.0
2013,mda,81.0
1995,mdg,560.0
1996,mdg,610.0
1997,mdg,640.0
1998,mdg,660.0
1999,mdg,670.0
2000,mdg,680.0
2001,mdg,680.0
2002,mdg,670.0
2003,mdg,670.0
2004,mdg,660.0
2005,mdg,640.0
2006,mdg,620.0
2007,mdg,600.0
2008,mdg,580.0
2009,mdg,550.0
2010,mdg,520.0
2011,mdg,490.0
2012,mdg,460.0
2013,mdg,430.0
1995,mdv,0.0
1996,mdv,0.0
1997,mdv,0.0
1998,mdv,0.0
1999,mdv,0.0
2000,mdv,0.0
2001,mdv,0.0
2002,mdv,0.0
2003,mdv,0.0
2004,mdv,0.0
2005,mdv,0.0
2006,mdv,0.0
2007,mdv,0.0
2008,mdv,0.0
2009,mdv,0.0
2010,mdv,0.0
2011,mdv,0.0
2012,mdv,0.0
2013,mdv,0.0
1995,mex,420.0
1996,mex,390.0
1997,mex,380.0
1998,mex,370.0
1999,mex,340.0
2000,mex,300.0
2001,mex,250.0
2002,mex,200.0
2003,mex,160.0
2004,mex,140.0
2005,mex,160.0
2006,mex,210.0
2007,mex,280.0
2008,mex,350.0
2009,mex,420.0
2010,mex,450.0
2011,mex,470.0
2012,mex,430.0
2013,mex,360.0
1995,mhl,0.0
1996,mhl,0.0
1997,mhl,0.0
1998,mhl,0.0
1999,mhl,0.0
2000,mhl,0.0
2001,mhl,0.0
2002,mhl,0.0
2003,mhl,0.0
2004,mhl,0.0
2005,mhl,0.0
2006,mhl,0.0
2007,mhl,0.0
2008,mhl,0.0
2009,mhl,0.0
2010,mhl,0.0
2011,mhl,0.0
2012,mhl,0.0
2013,mhl,0.0
1995,mkd,0.0
1996,mkd,0.0
1997,mkd,0.0
1998,mkd,0.0
1999,mkd,0.0
2000,mkd,0.0
2001,mkd,0.0
2002,mkd,0.0
2003,mkd,0.0
2004,mkd,0.0
2005,mkd,0.0
2006,mkd,0.0
2007,mkd,0.0
2008,mkd,0.0
2009,mkd,0.0
2010,mkd,0.0
2011,mkd,0.0
2012,mkd,0.0
2013,mkd,0.0
1995,mli,140.0
1996,mli,170.0
1997,mli,200.0
1998,mli,220.0
1999,mli,240.0
2000,mli,260.0
2001,mli,270.0
2002,mli,270.0
2003,mli,270.0
2004,mli,260.0
2005,mli,260.0
2006,mli,240.0
2007,mli,220.0
2008,mli,210.0
2009,mli,190.0
2010,mli,190.0
2011,mli,180.0
2012,mli,180.0
2013,mli,190.0
1995,mlt,0.0
1996,mlt,0.0
1997,mlt,0.0
1998,mlt,0.0
1999,mlt,0.0
2000,mlt,0.0
2001,mlt,0.0
2002,mlt,0.0
2003,mlt,0.0
2004,mlt,0.0
2005,mlt,0.0
2006,mlt,0.0
2007,mlt,0.0
2008,mlt,0.0
2009,mlt,0.0
2010,mlt,0.0
2011,mlt,0.0
2012,mlt,0.0
2013,mlt,0.0
1995,mmr,5100.0
1996,mmr,6300.0
1997,mmr,7600.0
1998,mmr,8800.0
1999,mmr,9900.0
2000,mmr,11000.0
2001,mmr,11000.0
2002,mmr,11000.0
2003,mmr,11000.0
2004,mmr,10000.0
2005,mmr,9500.0
2006,mmr,8700.0
2007,mmr,7900.0
2008,mmr,7200.0
2009,mmr,6600.0
2010,mmr,6000.0
2011,mmr,5400.0
2012,mmr,4800.0
2013,mmr,4300.0
2005,mne,0.0
2006,mne,0.0
2007,mne,0.0
2008,mne,1.0
2009,mne,1.0
2010,mne,1.0
2011,mne,1.0
2012,mne,0.0
2013,mne,0.0
1995,mng,0.0
1996,mng,0.0
1997,mng,0.0
1998,mng,0.0
1999,mng,0.0
2000,mng,0.0
2001,mng,0.0
2002,mng,0.0
2003,mng,0.0
2004,mng,0.0
2005,mng,0.0
2006,mng,0.0
2007,mng,0.0
2008,mng,1.0
2009,mng,1.0
2010,mng,1.0
2011,mng,1.0
2012,mng,1.0
2013,mng,1.0
1995,mnp,0.0
1996,mnp,0.0
1997,mnp,0.0
1998,mnp,0.0
1999,mnp,0.0
2000,mnp,0.0
2001,mnp,0.0
2002,mnp,0.0
2003,mnp,0.0
2004,mnp,0.0
2005,mnp,0.0
2006,mnp,0.0
2007,mnp,0.0
2008,mnp,0.0
2009,mnp,0.0
2010,mnp,0.0
2011,mnp,0.0
2012,mnp,0.0
2013,mnp,0.0
1995,moz,12000.0
1996,moz,15000.0
1997,moz,18000.0
1998,moz,21000.0
1999,moz,24000.0
2000,moz,27000.0
2001,moz,30000.0
2002,moz,32000.0
2003,moz,34000.0
2004,moz,35000.0
2005,moz,36000.0
2006,moz,37000.0
2007,moz,38000.0
2008,moz,38000.0
2009,moz,39000.0
2010,moz,40000.0
2011,moz,40000.0
2012,moz,40000.0
2013,moz,38000.0
1995,mrt,27.0
1996,mrt,33.0
1997,mrt,40.0
1998,mrt,46.0
1999,mrt,53.0
2000,mrt,59.0
2001,mrt,64.0
2002,mrt,68.0
2003,mrt,71.0
2004,mrt,71.0
2005,mrt,69.0
2006,mrt,66.0
2007,mrt,61.0
2008,mrt,57.0
2009,mrt,53.0
2010,mrt,48.0
2011,mrt,45.0
2012,mrt,40.0
2013,mrt,35.0
1995,msr,0.0
1996,msr,0.0
1997,msr,0.0
1998,msr,0.0
1999,msr,0.0
2000,msr,0.0
2001,msr,0.0
2002,msr,0.0
2003,msr,0.0
2004,msr,0.0
2005,msr,0.0
2006,msr,0.0
2007,msr,0.0
2008,msr,0.0
2009,msr,0.0
2010,msr,0.0
2011,msr,0.0
2012,msr,0.0
2013,msr,0.0
1995,mus,3.0
1996,mus,4.0
1997,mus,5.0
1998,mus,7.0
1999,mus,8.0
2000,mus,10.0
2001,mus,12.0
2002,mus,14.0
2003,mus,16.0
2004,mus,18.0
2005,mus,20.0
2006,mus,22.0
2007,mus,22.0
2008,mus,24.0
2009,mus,24.0
2010,mus,24.0
2011,mus,23.0
2012,mus,21.0
2013,mus,19.0
1995,mwi,15000.0
1996,mwi,16000.0
1997,mwi,17000.0
1998,mwi,17000.0
1999,mwi,17000.0
2000,mwi,17000.0
2001,mwi,16000.0
2002,mwi,16000.0
2003,mwi,15000.0
2004,mwi,13000.0
2005,mwi,12000.0
2006,mwi,11000.0
2007,mwi,9400.0
2008,mwi,8100.0
2009,mwi,7000.0
2010,mwi,5900.0
2011,mwi,5100.0
2012,mwi,4100.0
2013,mwi,3400.0
1995,mys,150.0
1996,mys,170.0
1997,mys,180.0
1998,mys,180.0
1999,mys,180.0
2000,mys,210.0
2001,mys,260.0
2002,mys,340.0
2003,mys,420.0
2004,mys,490.0
2005,mys,540.0
2006,mys,560.0
2007,mys,550.0
2008,mys,530.0
2009,mys,500.0
2010,mys,480.0
2011,mys,460.0
2012,mys,450.0
2013,mys,440.0
1995,nam,810.0
1996,nam,1500.0
1997,nam,2600.0
1998,nam,4100.0
1999,nam,5900.0
2000,nam,7500.0
2001,nam,8700.0
2002,nam,9400.0
2003,nam,9500.0
2004,nam,9100.0
2005,nam,8100.0
2006,nam,6700.0
2007,nam,5300.0
2008,nam,4200.0
2009,nam,3400.0
2010,nam,2700.0
2011,nam,2300.0
2012,nam,2000.0
2013,nam,2100.0
1995,ncl,0.0
1996,ncl,0.0
1997,ncl,0.0
1998,ncl,0.0
1999,ncl,0.0
2000,ncl,0.0
2001,ncl,0.0
2002,ncl,0.0
2003,ncl,0.0
2004,ncl,0.0
2005,ncl,0.0
2006,ncl,0.0
2007,ncl,0.0
2008,ncl,0.0
2009,ncl,0.0
2010,ncl,0.0
2011,ncl,0.0
2012,ncl,0.0
2013,ncl,0.0
1995,ner,770.0
1996,ner,880.0
1997,ner,980.0
1998,ner,1100.0
1999,ner,1100.0
2000,ner,1200.0
2001,ner,1200.0
2002,ner,1200.0
2003,ner,1100.0
2004,ner,1100.0
2005,ner,1000.0
2006,ner,900.0
2007,ner,810.0
2008,ner,740.0
2009,ner,630.0
2010,ner,540.0
2011,ner,480.0
2012,ner,420.0
2013,ner,370.0
1995,nga,30000.0
1996,nga,35000.0
1997,nga,42000.0
1998,nga,48000.0
1999,nga,54000.0
2000,nga,60000.0
2001,nga,66000.0
2002,nga,71000.0
2003,nga,75000.0
2004,nga,78000.0
2005,nga,80000.0
2006,nga,81000.0
2007,nga,82000.0
2008,nga,83000.0
2009,nga,82000.0
2010,nga,84000.0
2011,nga,86000.0
2012,nga,86000.0
2013,nga,85000.0
1995,nic,4.0
1996,nic,5.0
1997,nic,7.0
1998,nic,8.0
1999,nic,9.0
2000,nic,10.0
2001,nic,10.0
2002,nic,10.0
2003,nic,10.0
2004,nic,9.0
2005,nic,9.0
2006,nic,11.0
2007,nic,11.0
2008,nic,13.0
2009,nic,15.0
2010,nic,15.0
2011,nic,17.0
2012,nic,17.0
2013,nic,16.0
1995,niu,0.0
1996,niu,0.0
1997,niu,0.0
1998,niu,0.0
1999,niu,0.0
2000,niu,0.0
2001,niu,0.0
2002,niu,0.0
2003,niu,0.0
2004,niu,0.0
2005,niu,0.0
2006,niu,0.0
2007,niu,0.0
2008,niu,0.0
2009,niu,0.0
2010,niu,0.0
2011,niu,0.0
2012,niu,0.0
2013,niu,0.0
1995,nld,11.0
1996,nld,11.0
1997,nld,8.0
1998,nld,7.0
1999,nld,7.0
2000,nld,7.0
2001,nld,5.0
2002,nld,5.0
2003,nld,4.0
2004,nld,5.0
2005,nld,5.0
2006,nld,5.0
2007,nld,5.0
2008,nld,5.0
2009,nld,4.0
2010,nld,4.0
2011,nld,4.0
2012,nld,4.0
2013,nld,5.0
1995,nor,0.0
1996,nor,0.0
1997,nor,0.0
1998,nor,0.0
1999,nor,0.0
2000,nor,0.0
2001,nor,0.0
2002,nor,0.0
2003,nor,0.0
2004,nor,0.0
2005,nor,0.0
2006,nor,0.0
2007,nor,0.0
2008,nor,0.0
2009,nor,0.0
2010,nor,0.0
2011,nor,0.0
2012,nor,0.0
2013,nor,0.0
1995,npl,23.0
1996,npl,39.0
1997,npl,62.0
1998,npl,92.0
1999,npl,130.0
2000,npl,170.0
2001,npl,210.0
2002,npl,260.0
2003,npl,310.0
2004,npl,350.0
2005,npl,380.0
2006,npl,410.0
2007,npl,420.0
2008,npl,410.0
2009,npl,400.0
2010,npl,380.0
2011,npl,360.0
2012,npl,340.0
2013,npl,320.0
1995,nru,0.0
1996,nru,0.0
1997,nru,0.0
1998,nru,0.0
1999,nru,0.0
2000,nru,0.0
2001,nru,0.0
2002,nru,0.0
2003,nru,0.0
2004,nru,0.0
2005,nru,0.0
2006,nru,0.0
2007,nru,0.0
2008,nru,0.0
2009,nru,0.0
2010,nru,0.0
2011,nru,0.0
2012,nru,0.0
2013,nru,0.0
1995,nzl,0.0
1996,nzl,0.0
1997,nzl,0.0
1998,nzl,0.0
1999,nzl,0.0
2000,nzl,0.0
2001,nzl,0.0
2002,nzl,0.0
2003,nzl,0.0
2004,nzl,0.0
2005,nzl,0.0
2006,nzl,0.0
2007,nzl,0.0
2008,nzl,0.0
2009,nzl,0.0
2010,nzl,0.0
2011,nzl,0.0
2012,nzl,0.0
2013,nzl,0.0
1995,omn,1.0
1996,omn,1.0
1997,omn,1.0
1998,omn,1.0
1999,omn,1.0
2000,omn,1.0
2001,omn,1.0
2002,omn,1.0
2003,omn,1.0
2004,omn,1.0
2005,omn,1.0
2006,omn,1.0
2007,omn,1.0
2008,omn,1.0
2009,omn,1.0
2010,omn,1.0
2011,omn,1.0
2012,omn,1.0
2013,omn,1.0
1995,pak,51.0
1996,pak,65.0
1997,pak,82.0
1998,pak,100.0
1999,pak,120.0
2000,pak,150.0
2001,pak,180.0
2002,pak,200.0
2003,pak,230.0
2004,pak,270.0
2005,pak,300.0
2006,pak,350.0
2007,pak,390.0
2008,pak,430.0
2009,pak,480.0
2010,pak,560.0
2011,pak,650.0
2012,pak,790.0
2013,pak,970.0
1995,pan,54.0
1996,pan,55.0
1997,pan,54.0
1998,pan,51.0
1999,pan,45.0
2000,pan,41.0
2001,pan,44.0
2002,pan,49.0
2003,pan,51.0
2004,pan,56.0
2005,pan,57.0
2006,pan,60.0
2007,pan,62.0
2008,pan,64.0
2009,pan,58.0
2010,pan,55.0
2011,pan,52.0
2012,pan,47.0
2013,pan,42.0
1995,per,660.0
1996,per,720.0
1997,per,770.0
1998,per,790.0
1999,per,800.0
2000,per,790.0
2001,per,780.0
2002,per,750.0
2003,per,710.0
2004,per,680.0
2005,per,650.0
2006,per,590.0
2007,per,550.0
2008,per,510.0
2009,per,470.0
2010,per,440.0
2011,per,450.0
2012,per,450.0
2013,per,420.0
1995,phl,14.0
1996,phl,19.0
1997,phl,25.0
1998,phl,32.0
1999,phl,40.0
2000,phl,48.0
2001,phl,57.0
2002,phl,67.0
2003,phl,76.0
2004,phl,84.0
2005,phl,89.0
2006,phl,89.0
2007,phl,86.0
2008,phl,83.0
2009,phl,80.0
2010,phl,92.0
2011,phl,90.0
2012,phl,70.0
2013,phl,58.0
1995,plw,0.0
1996,plw,0.0
1997,plw,0.0
1998,plw,0.0
1999,plw,0.0
2000,plw,0.0
2001,plw,0.0
2002,plw,0.0
2003,plw,0.0
2004,plw,0.0
2005,plw,0.0
2006,plw,0.0
2007,plw,0.0
2008,plw,0.0
2009,plw,0.0
2010,plw,0.0
2011,plw,0.0
2012,plw,0.0
2013,plw,0.0
1995,png,100.0
1996,png,140.0
1997,png,170.0
1998,png,220.0
1999,png,270.0
2000,png,320.0
2001,png,400.0
2002,png,480.0
2003,png,580.0
2004,png,680.0
2005,png,750.0
2006,png,780.0
2007,png,740.0
2008,png,700.0
2009,png,680.0
2010,png,680.0
2011,png,610.0
2012,png,510.0
2013,png,390.0
1995,pol,33.0
1996,pol,25.0
1997,pol,19.0
1998,pol,16.0
1999,pol,14.0
2000,pol,11.0
2001,pol,10.0
2002,pol,10.0
2003,pol,11.0
2004,pol,10.0
2005,pol,10.0
2006,pol,10.0
2007,pol,10.0
2008,pol,10.0
2009,pol,10.0
2010,pol,9.0
2011,pol,9.0
2012,pol,10.0
2013,pol,12.0
1995,pri,0.0
1996,pri,0.0
1997,pri,0.0
1998,pri,0.0
1999,pri,0.0
2000,pri,0.0
2001,pri,0.0
2002,pri,0.0
2003,pri,0.0
2004,pri,0.0
2005,pri,0.0
2006,pri,0.0
2007,pri,0.0
2008,pri,0.0
2009,pri,0.0
2010,pri,0.0
2011,pri,0.0
2012,pri,0.0
2013,pri,0.0
1995,prk,21.0
1996,prk,28.0
1997,prk,33.0
1998,prk,37.0
1999,prk,40.0
2000,prk,41.0
2001,prk,42.0
2002,prk,42.0
2003,prk,42.0
2004,prk,41.0
2005,prk,38.0
2006,prk,35.0
2007,prk,31.0
2008,prk,28.0
2009,prk,24.0
2010,prk,21.0
2011,prk,19.0
2012,prk,18.0
2013,prk,18.0
1995,prt,83.0
1996,prt,100.0
1997,prt,110.0
1998,prt,110.0
1999,prt,110.0
2000,prt,99.0
2001,prt,98.0
2002,prt,100.0
2003,prt,110.0
2004,prt,110.0
2005,prt,120.0
2006,prt,120.0
2007,prt,120.0
2008,prt,120.0
2009,prt,110.0
2010,prt,100.0
2011,prt,92.0
2012,prt,78.0
2013,prt,61.0
1995,pry,11.0
1996,pry,11.0
1997,pry,11.0
1998,pry,11.0
1999,pry,11.0
2000,pry,12.0
2001,pry,14.0
2002,pry,18.0
2003,pry,22.0
2004,pry,28.0
2005,pry,30.0
2006,pry,31.0
2007,pry,35.0
2008,pry,37.0
2009,pry,39.0
2010,pry,43.0
2011,pry,49.0
2012,pry,57.0
2013,pry,65.0
1995,pse,0.49
1996,pse,0.5
1997,pse,0.51
1998,pse,0.52
1999,pse,0.53
2000,pse,1.1
2001,pse,1.1
2002,pse,1.1
2003,pse,0.54
2004,pse,0.54
2005,pse,0.0
2006,pse,0.0
2007,pse,0.54
2008,pse,0.54
2009,pse,0.54
2010,pse,0.54
2011,pse,0.55
2012,pse,0.55
2013,pse,0.56
1995,pyf,0.0
1996,pyf,0.0
1997,pyf,0.0
1998,pyf,0.0
1999,pyf,0.0
2000,pyf,0.0
2001,pyf,0.0
2002,pyf,0.0
2003,pyf,0.0
2004,pyf,0.0
2005,pyf,0.0
2006,pyf,0.0
2007,pyf,0.0
2008,pyf,0.0
2009,pyf,0.0
2010,pyf,0.0
2011,pyf,0.0
2012,pyf,0.0
2013,pyf,0.0
1995,qat,0.0
1996,qat,0.0
1997,qat,0.0
1998,qat,0.0
1999,qat,0.0
2000,qat,0.0
2001,qat,0.0
2002,qat,0.0
2003,qat,0.0
2004,qat,0.0
2005,qat,0.0
2006,qat,0.0
2007,qat,0.0
2008,qat,0.0
2009,qat,0.0
2010,qat,0.0
2011,qat,0.0
2012,qat,0.0
2013,qat,0.0
1995,rou,130.0
1996,rou,160.0
1997,rou,150.0
1998,rou,110.0
1999,rou,94.0
2000,rou,93.0
2001,rou,97.0
2002,rou,100.0
2003,rou,110.0
2004,rou,100.0
2005,rou,94.0
2006,rou,100.0
2007,rou,120.0
2008,rou,120.0
2009,rou,110.0
2010,rou,120.0
2011,rou,110.0
2012,rou,100.0
2013,rou,89.0
1995,rus,330.0
1996,rus,400.0
1997,rus,470.0
1998,rus,550.0
1999,rus,640.0
2000,rus,780.0
2001,rus,1000.0
2002,rus,1300.0
2003,rus,1600.0
2004,rus,1900.0
2005,rus,2200.0
2006,rus,2200.0
2007,rus,2100.0
2008,rus,1900.0
2009,rus,1700.0
2010,rus,1600.0
2011,rus,1600.0
2012,rus,1500.0
2013,rus,1400.0
1995,rwa,500.0
1996,rwa,580.0
1997,rwa,710.0
1998,rwa,850.0
1999,rwa,970.0
2000,rwa,1100.0
2001,rwa,1100.0
2002,rwa,1100.0
2003,rwa,1000.0
2004,rwa,1000.0
2005,rwa,880.0
2006,rwa,720.0
2007,rwa,660.0
2008,rwa,690.0
2009,rwa,660.0
2010,rwa,610.0
2011,rwa,550.0
2012,rwa,540.0
2013,rwa,490.0
1995,sau,0.0
1996,sau,0.0
1997,sau,0.0
1998,sau,0.0
1999,sau,0.0
2000,sau,0.0
2001,sau,0.0
2002,sau,0.0
2003,sau,0.0
2004,sau,0.0
2005,sau,0.0
2006,sau,0.0
2007,sau,0.0
2008,sau,0.0
2009,sau,0.0
2010,sau,0.0
2011,sau,0.0
2012,sau,0.0
2013,sau,0.0
1995,sdn,180.0
1996,sdn,210.0
1997,sdn,260.0
1998,sdn,310.0
1999,sdn,370.0
2000,sdn,440.0
2001,sdn,510.0
2002,sdn,590.0
2003,sdn,670.0
2004,sdn,750.0
2005,sdn,840.0
2006,sdn,940.0
2007,sdn,1000.0
2008,sdn,1100.0
2009,sdn,1100.0
2010,sdn,1100.0
2011,sdn,1200.0
2012,sdn,1200.0
2013,sdn,1100.0
1995,sen,370.0
1996,sen,380.0
1997,sen,390.0
1998,sen,400.0
1999,sen,410.0
2000,sen,430.0
2001,sen,440.0
2002,sen,430.0
2003,sen,430.0
2004,sen,440.0
2005,sen,420.0
2006,sen,390.0
2007,sen,400.0
2008,sen,410.0
2009,sen,420.0
2010,sen,440.0
2011,sen,440.0
2012,sen,430.0
2013,sen,420.0
1995,sgp,4.0
1996,sgp,5.0
1997,sgp,4.0
1998,sgp,5.0
1999,sgp,4.0
2000,sgp,5.0
2001,sgp,5.0
2002,sgp,4.0
2003,sgp,4.0
2004,sgp,4.0
2005,sgp,4.0
2006,sgp,5.0
2007,sgp,6.0
2008,sgp,6.0
2009,sgp,9.0
2010,sgp,10.0
2011,sgp,10.0
2012,sgp,9.0
2013,sgp,8.0
1995,slb,0.0
1996,slb,0.0
1997,slb,0.0
1998,slb,0.0
1999,slb,0.0
2000,slb,0.0
2001,slb,0.0
2002,slb,0.0
2003,slb,0.0
2004,slb,0.0
2005,slb,0.0
2006,slb,0.0
2007,slb,0.0
2008,slb,0.0
2009,slb,0.0
2010,slb,0.0
2011,slb,0.0
2012,slb,0.0
2013,slb,0.0
1995,sle,97.0
1996,sle,120.0
1997,sle,160.0
1998,sle,200.0
1999,sle,250.0
2000,sle,310.0
2001,sle,380.0
2002,sle,460.0
2003,sle,540.0
2004,sle,620.0
2005,sle,680.0
2006,sle,710.0
2007,sle,720.0
2008,sle,710.0
2009,sle,670.0
2010,sle,640.0
2011,sle,620.0
2012,sle,600.0
2013,sle,610.0
1995,slv,22.0
1996,slv,23.0
1997,slv,21.0
1998,slv,18.0
1999,slv,15.0
2000,slv,14.0
2001,slv,17.0
2002,slv,23.0
2003,slv,32.0
2004,slv,39.0
2005,slv,42.0
2006,slv,41.0
2007,slv,36.0
2008,slv,30.0
2009,slv,26.0
2010,slv,22.0
2011,slv,24.0
2012,slv,29.0
2013,slv,33.0
1995,smr,0.0
1996,smr,0.0
1997,smr,0.0
1998,smr,0.0
1999,smr,0.0
2000,smr,0.0
2001,smr,0.0
2002,smr,0.0
2003,smr,0.0
2004,smr,0.0
2005,smr,0.0
2006,smr,0.0
2007,smr,0.0
2008,smr,0.0
2009,smr,0.0
2010,smr,0.0
2011,smr,0.0
2012,smr,0.0
2013,smr,0.0
1995,som,210.0
1996,som,250.0
1997,som,290.0
1998,som,330.0
1999,som,370.0
2000,som,380.0
2001,som,390.0
2002,som,390.0
2003,som,390.0
2004,som,380.0
2005,som,380.0
2006,som,380.0
2007,som,380.0
2008,som,390.0
2009,som,400.0
2010,som,400.0
2011,som,410.0
2012,som,420.0
2013,som,430.0
2005,srb,1.0
2006,srb,2.0
2007,srb,2.0
2008,srb,2.0
2009,srb,2.0
2010,srb,3.0
2011,srb,3.0
2012,srb,2.0
2013,srb,1.0
2011,ssd,0.0
2012,ssd,0.0
2013,ssd,0.0
1995,stp,2.0
1996,stp,3.0
1997,stp,3.0
1998,stp,4.0
1999,stp,4.0
2000,stp,4.0
2001,stp,4.0
2002,stp,3.0
2003,stp,3.0
2004,stp,4.0
2005,stp,4.0
2006,stp,6.0
2007,stp,7.0
2008,stp,9.0
2009,stp,11.0
2010,stp,12.0
2011,stp,12.0
2012,stp,11.0
2013,stp,9.0
1995,sur,11.0
1996,sur,16.0
1997,sur,22.0
1998,sur,28.0
1999,sur,33.0
2000,sur,36.0
2001,sur,37.0
2002,sur,36.0
2003,sur,33.0
2004,sur,29.0
2005,sur,27.0
2006,sur,25.0
2007,sur,25.0
2008,sur,23.0
2009,sur,24.0
2010,sur,22.0
2011,sur,19.0
2012,sur,15.0
2013,sur,12.0
1995,svk,0.0
1996,svk,0.0
1997,svk,0.0
1998,svk,0.0
1999,svk,0.0
2000,svk,0.0
2001,svk,0.0
2002,svk,0.0
2003,svk,0.0
2004,svk,0.0
2005,svk,0.0
2006,svk,0.0
2007,svk,0.0
2008,svk,0.0
2009,svk,0.0
2010,svk,0.0
2011,svk,0.0
2012,svk,0.0
2013,svk,0.0
1995,svn,0.0
1996,svn,0.0
1997,svn,0.0
1998,svn,0.0
1999,svn,0.0
2000,svn,0.0
2001,svn,0.0
2002,svn,0.0
2003,svn,0.0
2004,svn,0.0
2005,svn,0.0
2006,svn,0.0
2007,svn,0.0
2008,svn,0.0
2009,svn,0.0
2010,svn,0.0
2011,svn,0.0
2012,svn,0.0
2013,svn,0.0
1995,swe,1.0
1996,swe,1.0
1997,swe,1.0
1998,swe,1.0
1999,swe,0.0
2000,swe,0.0
2001,swe,0.0
2002,swe,0.0
2003,swe,0.0
2004,swe,0.0
2005,swe,1.0
2006,swe,1.0
2007,swe,1.0
2008,swe,1.0
2009,swe,1.0
2010,swe,1.0
2011,swe,1.0
2012,swe,1.0
2013,swe,1.0
1995,swz,470.0
1996,swz,690.0
1997,swz,1000.0
1998,swz,1400.0
1999,swz,1800.0
2000,swz,2200.0
2001,swz,2500.0
2002,swz,2700.0
2003,swz,2900.0
2004,swz,3000.0
2005,swz,3100.0
2006,swz,3100.0
2007,swz,3100.0
2008,swz,3300.0
2009,swz,3500.0
2010,swz,4000.0
2011,swz,4100.0
2012,swz,4400.0
2013,swz,5000.0
1995,syc,0.0
1996,syc,0.0
1997,syc,0.0
1998,syc,0.0
1999,syc,0.0
2000,syc,0.0
2001,syc,0.0
2002,syc,0.0
2003,syc,0.0
2004,syc,0.0
2005,syc,0.0
2006,syc,0.0
2007,syc,0.0
2008,syc,0.0
2009,syc,0.0
2010,syc,0.0
2011,syc,0.0
2012,syc,0.0
2013,syc,0.0
1995,syr,0.0
1996,syr,0.0
1997,syr,0.0
1998,syr,0.0
1999,syr,0.0
2000,syr,0.0
2001,syr,0.0
2002,syr,0.0
2003,syr,0.0
2004,syr,0.0
2005,syr,0.0
2006,syr,0.0
2007,syr,0.0
2008,syr,0.0
2009,syr,0.0
2010,syr,0.0
2011,syr,0.0
2012,syr,0.0
2013,syr,0.0
1995,tca,0.0
1996,tca,0.0
1997,tca,0.0
1998,tca,0.0
1999,tca,0.0
2000,tca,0.0
2001,tca,0.0
2002,tca,0.0
2003,tca,0.0
2004,tca,0.0
2005,tca,0.0
2006,tca,0.0
2007,tca,0.0
2008,tca,0.0
2009,tca,0.0
2010,tca,0.0
2011,tca,0.0
2012,tca,0.0
2013,tca,0.0
1995,tcd,750.0
1996,tcd,910.0
1997,tcd,1100.0
1998,tcd,1300.0
1999,tcd,1400.0
2000,tcd,1600.0
2001,tcd,1800.0
2002,tcd,1900.0
2003,tcd,2000.0
2004,tcd,2100.0
2005,tcd,2100.0
2006,tcd,2100.0
2007,tcd,2000.0
2008,tcd,1900.0
2009,tcd,1800.0
2010,tcd,1700.0
2011,tcd,1700.0
2012,tcd,1600.0
2013,tcd,1500.0
1995,tgo,130.0
1996,tgo,180.0
1997,tgo,230.0
1998,tgo,290.0
1999,tgo,350.0
2000,tgo,410.0
2001,tgo,450.0
2002,tgo,480.0
2003,tgo,480.0
2004,tgo,480.0
2005,tgo,450.0
2006,tgo,430.0
2007,tgo,410.0
2008,tgo,390.0
2009,tgo,370.0
2010,tgo,340.0
2011,tgo,330.0
2012,tgo,360.0
2013,tgo,380.0
1995,tha,5300.0
1996,tha,6900.0
1997,tha,8700.0
1998,tha,10000.0
1999,tha,12000.0
2000,tha,13000.0
2001,tha,13000.0
2002,tha,12000.0
2003,tha,11000.0
2004,tha,8800.0
2005,tha,6700.0
2006,tha,5200.0
2007,tha,4400.0
2008,tha,3700.0
2009,tha,3100.0
2010,tha,2700.0
2011,tha,2300.0
2012,tha,2100.0
2013,tha,1900.0
1995,tjk,24.0
1996,tjk,37.0
1997,tjk,56.0
1998,tjk,80.0
1999,tjk,110.0
2000,tjk,130.0
2001,tjk,160.0
2002,tjk,170.0
2003,tjk,180.0
2004,tjk,180.0
2005,tjk,170.0
2006,tjk,160.0
2007,tjk,140.0
2008,tjk,120.0
2009,tjk,110.0
2010,tjk,89.0
2011,tjk,78.0
2012,tjk,69.0
2013,tjk,66.0
1995,tkl,0.0
1996,tkl,0.0
1997,tkl,0.0
1998,tkl,0.0
1999,tkl,0.0
2000,tkl,0.0
2001,tkl,0.0
2002,tkl,0.0
2003,tkl,0.0
2004,tkl,0.0
2005,tkl,0.0
2006,tkl,0.0
2007,tkl,0.0
2008,tkl,0.0
2009,tkl,0.0
2010,tkl,0.0
2011,tkl,0.0
2012,tkl,0.0
2013,tkl,0.0
1995,tkm,0.0
1996,tkm,0.0
1997,tkm,0.0
1998,tkm,0.0
1999,tkm,0.0
2000,tkm,0.0
2001,tkm,0.0
2002,tkm,0.0
2003,tkm,0.0
2004,tkm,0.0
2005,tkm,0.0
2006,tkm,0.0
2007,tkm,0.0
2008,tkm,0.0
2009,tkm,0.0
2010,tkm,0.0
2011,tkm,0.0
2012,tkm,0.0
2013,tkm,0.0
2002,tls,0.0
2003,tls,0.0
2004,tls,0.0
2005,tls,0.0
2006,tls,0.0
2007,tls,0.0
2008,tls,0.0
2009,tls,0.0
2010,tls,0.0
2011,tls,0.0
2012,tls,0.0
2013,tls,0.0
1995,ton,0.0
1996,ton,0.0
1997,ton,0.0
1998,ton,0.0
1999,ton,0.0
2000,ton,0.0
2001,ton,0.0
2002,ton,0.0
2003,ton,0.0
2004,ton,0.0
2005,ton,0.0
2006,ton,0.0
2007,ton,0.0
2008,ton,0.0
2009,ton,0.0
2010,ton,0.0
2011,ton,0.0
2012,ton,0.0
2013,ton,0.0
1995,tto,3.0
1996,tto,4.0
1997,tto,5.0
1998,tto,7.0
1999,tto,8.0
2000,tto,9.0
2001,tto,9.0
2002,tto,9.0
2003,tto,8.0
2004,tto,9.0
2005,tto,10.0
2006,tto,10.0
2007,tto,13.0
2008,tto,15.0
2009,tto,14.0
2010,tto,14.0
2011,tto,14.0
2012,tto,12.0
2013,tto,9.0
1995,tun,0.0
1996,tun,0.0
1997,tun,0.0
1998,tun,0.0
1999,tun,0.0
2000,tun,0.0
2001,tun,0.0
2002,tun,0.0
2003,tun,0.0
2004,tun,0.0
2005,tun,0.0
2006,tun,0.0
2007,tun,0.0
2008,tun,1.0
2009,tun,1.0
2010,tun,1.0
2011,tun,1.0
2012,tun,2.0
2013,tun,2.0
1995,tur,1.0
1996,tur,1.0
1997,tur,1.0
1998,tur,1.0
1999,tur,1.0
2000,tur,2.0
2001,tur,2.0
2002,tur,3.0
2003,tur,4.0
2004,tur,5.0
2005,tur,7.0
2006,tur,7.0
2007,tur,7.0
2008,tur,10.0
2009,tur,9.0
2010,tur,8.0
2011,tur,9.0
2012,tur,10.0
2013,tur,10.0
1995,tuv,0.0
1996,tuv,0.0
1997,tuv,0.0
1998,tuv,0.0
1999,tuv,0.0
2000,tuv,0.0
2001,tuv,0.0
2002,tuv,0.0
2003,tuv,0.0
2004,tuv,0.0
2005,tuv,0.0
2006,tuv,0.0
2007,tuv,0.0
2008,tuv,0.0
2009,tuv,0.0
2010,tuv,0.0
2011,tuv,0.0
2012,tuv,0.0
2013,tuv,0.0
1995,tza,12000.0
1996,tza,12000.0
1997,tza,12000.0
1998,tza,12000.0
1999,tza,12000.0
2000,tza,13000.0
2001,tza,12000.0
2002,tza,12000.0
2003,tza,12000.0
2004,tza,12000.0
2005,tza,11000.0
2006,tza,10000.0
2007,tza,9100.0
2008,tza,8400.0
2009,tza,8200.0
2010,tza,7700.0
2011,tza,7300.0
2012,tza,6800.0
2013,tza,6100.0
1995,uga,48000.0
1996,uga,46000.0
1997,uga,44000.0
1998,uga,41000.0
1999,uga,38000.0
2000,uga,35000.0
2001,uga,32000.0
2002,uga,29000.0
2003,uga,26000.0
2004,uga,23000.0
2005,uga,19000.0
2006,uga,18000.0
2007,uga,17000.0
2008,uga,15000.0
2009,uga,13000.0
2010,uga,12000.0
2011,uga,11000.0
2012,uga,9200.0
2013,uga,7200.0
1995,ukr,300.0
1996,ukr,440.0
1997,ukr,600.0
1998,ukr,780.0
1999,ukr,960.0
2000,ukr,1100.0
2001,ukr,1300.0
2002,ukr,1400.0
2003,ukr,1500.0
2004,ukr,1600.0
2005,ukr,1600.0
2006,ukr,1700.0
2007,ukr,1800.0
2008,ukr,1800.0
2009,ukr,1900.0
2010,ukr,1900.0
2011,ukr,1800.0
2012,ukr,1600.0
2013,ukr,1300.0
1995,ury,3.0
1996,ury,3.0
1997,ury,4.0
1998,ury,4.0
1999,ury,5.0
2000,ury,7.0
2001,ury,9.0
2002,ury,11.0
2003,ury,15.0
2004,ury,19.0
2005,ury,22.0
2006,ury,23.0
2007,ury,22.0
2008,ury,21.0
2009,ury,20.0
2010,ury,20.0
2011,ury,22.0
2012,ury,20.0
2013,ury,20.0
1995,usa,280.0
1996,usa,230.0
1997,usa,170.0
1998,usa,160.0
1999,usa,130.0
2000,usa,130.0
2001,usa,130.0
2002,usa,140.0
2003,usa,150.0
2004,usa,160.0
2005,usa,160.0
2006,usa,150.0
2007,usa,140.0
2008,usa,120.0
2009,usa,100.0
2010,usa,87.0
2011,usa,80.0
2012,usa,79.0
2013,usa,80.0
1995,uzb,59.0
1996,uzb,87.0
1997,uzb,120.0
1998,uzb,160.0
1999,uzb,200.0
2000,uzb,240.0
2001,uzb,280.0
2002,uzb,320.0
2003,uzb,350.0
2004,uzb,380.0
2005,uzb,410.0
2006,uzb,420.0
2007,uzb,410.0
2008,uzb,400.0
2009,uzb,390.0
2010,uzb,370.0
2011,uzb,330.0
2012,uzb,280.0
2013,uzb,230.0
1995,vct,0.0
1996,vct,0.0
1997,vct,0.0
1998,vct,0.0
1999,vct,0.0
2000,vct,0.0
2001,vct,0.0
2002,vct,0.0
2003,vct,0.0
2004,vct,0.0
2005,vct,0.0
2006,vct,0.0
2007,vct,0.0
2008,vct,0.0
2009,vct,0.0
2010,vct,0.0
2011,vct,0.0
2012,vct,0.0
2013,vct,0.0
1995,ven,240.0
1996,ven,270.0
1997,ven,280.0
1998,ven,280.0
1999,ven,280.0
2000,ven,280.0
2001,ven,280.0
2002,ven,290.0
2003,ven,290.0
2004,ven,300.0
2005,ven,320.0
2006,ven,330.0
2007,ven,340.0
2008,ven,340.0
2009,ven,340.0
2010,ven,330.0
2011,ven,330.0
2012,ven,330.0
2013,ven,320.0
1995,vgb,0.0
1996,vgb,0.0
1997,vgb,0.0
1998,vgb,0.0
1999,vgb,0.0
2000,vgb,0.0
2001,vgb,0.0
2002,vgb,0.0
2003,vgb,0.0
2004,vgb,0.0
2005,vgb,0.0
2006,vgb,0.0
2007,vgb,0.0
2008,vgb,0.0
2009,vgb,0.0
2010,vgb,0.0
2011,vgb,0.0
2012,vgb,0.0
2013,vgb,0.0
1995,vir,0.0
1996,vir,0.0
1997,vir,0.0
1998,vir,0.0
1999,vir,0.0
2000,vir,0.0
2001,vir,0.0
2002,vir,0.0
2003,vir,0.0
2004,vir,0.0
2005,vir,0.0
2006,vir,0.0
2007,vir,0.0
2008,vir,0.0
2009,vir,0.0
2010,vir,0.0
2011,vir,0.0
2012,vir,0.0
2013,vir,0.0
1995,vnm,320.0
1996,vnm,440.0
1997,vnm,600.0
1998,vnm,800.0
1999,vnm,1000.0
2000,vnm,1300.0
2001,vnm,1600.0
2002,vnm,1900.0
2003,vnm,2200.0
2004,vnm,2500.0
2005,vnm,2600.0
2006,vnm,2700.0
2007,vnm,2600.0
2008,vnm,2500.0
2009,vnm,2400.0
2010,vnm,2400.0
2011,vnm,2200.0
2012,vnm,2100.0
2013,vnm,2000.0
1995,vut,0.0
1996,vut,0.0
1997,vut,0.0
1998,vut,0.0
1999,vut,0.0
2000,vut,0.0
2001,vut,0.0
2002,vut,0.0
2003,vut,0.0
2004,vut,0.0
2005,vut,0.0
2006,vut,0.0
2007,vut,0.0
2008,vut,0.0
2009,vut,0.0
2010,vut,0.0
2011,vut,0.0
2012,vut,0.0
2013,vut,0.0
1995,wlf,0.0
1996,wlf,0.0
1997,wlf,0.0
1998,wlf,0.0
1999,wlf,0.0
2000,wlf,0.0
2001,wlf,0.0
2002,wlf,0.0
2003,wlf,0.0
2004,wlf,0.0
2005,wlf,0.0
2006,wlf,0.0
2007,wlf,0.0
2008,wlf,0.0
2009,wlf,0.0
2010,wlf,0.0
2011,wlf,0.0
2012,wlf,0.0
2013,wlf,0.0
1995,wsm,0.0
1996,wsm,0.0
1997,wsm,0.0
1998,wsm,0.0
1999,wsm,0.0
2000,wsm,0.0
2001,wsm,0.0
2002,wsm,0.0
2003,wsm,0.0
2004,wsm,0.0
2005,wsm,0.0
2006,wsm,0.0
2007,wsm,0.0
2008,wsm,0.0
2009,wsm,0.0
2010,wsm,0.0
2011,wsm,0.0
2012,wsm,0.0
2013,wsm,0.0
1995,yem,58.0
1996,yem,62.0
1997,yem,66.0
1998,yem,69.0
1999,yem,71.0
2000,yem,72.0
2001,yem,72.0
2002,yem,72.0
2003,yem,71.0
2004,yem,68.0
2005,yem,64.0
2006,yem,59.0
2007,yem,52.0
2008,yem,43.0
2009,yem,36.0
2010,yem,30.0
2011,yem,24.0
2012,yem,21.0
2013,yem,18.0
1995,zaf,5400.0
1996,zaf,8900.0
1997,zaf,15000.0
1998,zaf,23000.0
1999,zaf,33000.0
2000,zaf,46000.0
2001,zaf,59000.0
2002,zaf,72000.0
2003,zaf,84000.0
2004,zaf,92000.0
2005,zaf,96000.0
2006,zaf,96000.0
2007,zaf,92000.0
2008,zaf,89000.0
2009,zaf,88000.0
2010,zaf,85000.0
2011,zaf,77000.0
2012,zaf,67000.0
2013,zaf,64000.0
1995,zmb,20000.0
1996,zmb,19000.0
1997,zmb,18000.0
1998,zmb,17000.0
1999,zmb,16000.0
2000,zmb,15000.0
2001,zmb,14000.0
2002,zmb,13000.0
2003,zmb,12000.0
2004,zmb,10000.0
2005,zmb,9900.0
2006,zmb,9700.0
2007,zmb,9300.0
2008,zmb,8700.0
2009,zmb,8800.0
2010,zmb,9400.0
2011,zmb,9200.0
2012,zmb,8600.0
2013,zmb,8600.0
1995,zwe,17000.0
1996,zwe,19000.0
1997,zwe,21000.0
1998,zwe,23000.0
1999,zwe,26000.0
2000,zwe,28000.0
2001,zwe,31000.0
2002,zwe,33000.0
2003,zwe,35000.0
2004,zwe,35000.0
2005,zwe,35000.0
2006,zwe,33000.0
2007,zwe,31000.0
2008,zwe,29000.0
2009,zwe,27000.0
2010,zwe,26000.0
2011,zwe,24000.0
2012,zwe,22000.0
2013,zwe,22000.0
