year,area,hiv_prevalence_females_adults_15_49_upper_estimate
2000,03M49WLD,0.855981
2001,03M49WLD,0.8700540000000001
2002,03M49WLD,0.875807
2003,03M49WLD,0.8759
2004,03M49WLD,0.8719290000000001
2005,03M49WLD,0.867186
2006,03M49WLD,0.863383
2007,03M49WLD,0.859819
2008,03M49WLD,0.8587239999999999
2009,03M49WLD,0.860188
2010,03M49WLD,0.863224
2011,03M49WLD,0.866707
2012,03M49WLD,0.87597
2013,03M49WLD,0.8880540000000001
2014,03M49WLD,0.8996299999999999
2000,AFG,0.032417
2001,AFG,0.034239
2002,AFG,0.035229
2003,AFG,0.037527
2004,AFG,0.040166
2005,AFG,0.041699
2006,AFG,0.042961
2007,AFG,0.045867000000000005
2008,AFG,0.048010000000000004
2009,AFG,0.050913
2010,AFG,0.053485000000000005
2011,AFG,0.056172
2012,AFG,0.05969
2013,AFG,0.064339
2014,AFG,0.06866900000000001
2000,AGO,3.00787
2001,AGO,3.1436
2002,AGO,3.25405
2003,AGO,3.3634
2004,AGO,3.4203
2005,AGO,3.47641
2006,AGO,3.5397199999999995
2007,AGO,3.6514900000000003
2008,AGO,3.7263699999999997
2009,AGO,3.76134
2010,AGO,3.8289699999999995
2011,AGO,3.86865
2012,AGO,3.87565
2013,AGO,3.88717
2014,AGO,3.8965199999999998
2000,ARG,0.24350700000000003
2001,ARG,0.25627300000000003
2002,ARG,0.273251
2003,ARG,0.290435
2004,ARG,0.30328
2005,ARG,0.31545100000000004
2006,ARG,0.32558000000000004
2007,ARG,0.337505
2008,ARG,0.349961
2009,ARG,0.362729
2010,ARG,0.373631
2011,ARG,0.382934
2012,ARG,0.388953
2013,ARG,0.3963
2014,ARG,0.403929
2000,ARM,0.046619
2001,ARM,0.066436
2002,ARM,0.08416
2003,ARM,0.096596
2004,ARM,0.10394500000000001
2005,ARM,0.105073
2006,ARM,0.105347
2007,ARM,0.10626300000000001
2008,ARM,0.105242
2009,ARM,0.103684
2010,ARM,0.10323099999999999
2011,ARM,0.104715
2012,ARM,0.110295
2013,ARM,0.12004400000000001
2014,ARM,0.131193
2000,AZE,0.032822000000000004
2001,AZE,0.038744
2002,AZE,0.044426
2003,AZE,0.051227999999999996
2004,AZE,0.05789
2005,AZE,0.06509
2006,AZE,0.071615
2007,AZE,0.077698
2008,AZE,0.08388999999999999
2009,AZE,0.090278
2010,AZE,0.097605
2011,AZE,0.10303
2012,AZE,0.11028800000000001
2013,AZE,0.116525
2014,AZE,0.12358599999999999
2000,BDI,4.47665
2001,BDI,4.26745
2002,BDI,4.02647
2003,BDI,3.7526800000000002
2004,BDI,3.4697400000000003
2005,BDI,3.2084900000000003
2006,BDI,2.94507
2007,BDI,2.6926799999999997
2008,BDI,2.46129
2009,BDI,2.24788
2010,BDI,2.0669
2011,BDI,1.9514099999999999
2012,BDI,1.8
2013,BDI,1.6683299999999999
2014,BDI,1.5460399999999999
2000,BEN,1.7793299999999999
2001,BEN,1.7873
2002,BEN,1.8102200000000002
2003,BEN,1.80044
2004,BEN,1.76918
2005,BEN,1.72855
2006,BEN,1.67772
2007,BEN,1.61561
2008,BEN,1.56521
2009,BEN,1.575
2010,BEN,1.598
2011,BEN,1.65205
2012,BEN,1.633
2013,BEN,1.59025
2014,BEN,1.56316
2000,BFA,3.3228199999999997
2001,BFA,2.9847
2002,BFA,2.66784
2003,BFA,2.38
2004,BFA,2.15846
2005,BFA,1.9639400000000002
2006,BFA,1.8103099999999999
2007,BFA,1.67415
2008,BFA,1.58276
2009,BFA,1.51282
2010,BFA,1.4505700000000001
2011,BFA,1.4117600000000001
2012,BFA,1.37606
2013,BFA,1.34548
2014,BFA,1.32877
2000,BGD,0.000686
2001,BGD,0.000884
2002,BGD,0.001185
2003,BGD,0.0016820000000000001
2004,BGD,0.002132
2005,BGD,0.002694
2006,BGD,0.003368
2007,BGD,0.0039380000000000005
2008,BGD,0.004507
2009,BGD,0.005138
2010,BGD,0.005722
2011,BGD,0.006203
2012,BGD,0.006629
2013,BGD,0.0069489999999999994
2014,BGD,0.007234999999999999
2000,BLR,0.12555
2001,BLR,0.151754
2002,BLR,0.177852
2003,BLR,0.202454
2004,BLR,0.22373600000000002
2005,BLR,0.242975
2006,BLR,0.261897
2007,BLR,0.279787
2008,BLR,0.300066
2009,BLR,0.319782
2010,BLR,0.34405
2011,BLR,0.372767
2012,BLR,0.406564
2013,BLR,0.44078999999999996
2014,BLR,0.475984
2000,BLZ,1.7274
2001,BLZ,1.71922
2002,BLZ,1.68786
2003,BLZ,1.63255
2004,BLZ,1.5957299999999999
2005,BLZ,1.54714
2006,BLZ,1.5
2007,BLZ,1.4413
2008,BLZ,1.4044
2009,BLZ,1.3569200000000001
2010,BLZ,1.3174
2011,BLZ,1.30968
2012,BLZ,1.30082
2013,BLZ,3.3155
2014,BLZ,3.23678
2000,BOL,0.17594100000000001
2001,BOL,0.18598800000000001
2002,BOL,0.196671
2003,BOL,0.20133299999999998
2004,BOL,0.20258299999999999
2005,BOL,0.19903900000000002
2006,BOL,0.193416
2007,BOL,0.195854
2008,BOL,0.208335
2009,BOL,0.22507
2010,BOL,0.246799
2011,BOL,0.266154
2012,BOL,0.281475
2013,BOL,0.293271
2014,BOL,0.305631
2000,BRA,0.401584
2001,BRA,0.418271
2002,BRA,0.433133
2003,BRA,0.44809899999999997
2004,BRA,0.462516
2005,BRA,0.479907
2006,BRA,0.494949
2007,BRA,0.508131
2008,BRA,0.5207510000000001
2009,BRA,0.5309020000000001
2010,BRA,0.539742
2011,BRA,0.547014
2012,BRA,0.551712
2013,BRA,0.556098
2014,BRA,0.560629
2000,BWA,33.6909
2001,BWA,33.8165
2002,BWA,33.5356
2003,BWA,33.1124
2004,BWA,32.6369
2005,BWA,32.229
2006,BWA,31.8903
2007,BWA,31.5913
2008,BWA,31.2839
2009,BWA,30.9958
2010,BWA,30.8629
2011,BWA,30.7701
2012,BWA,30.6853
2013,BWA,30.5742
2014,BWA,30.465
2000,CAF,13.2536
2001,CAF,12.4735
2002,CAF,11.6029
2003,CAF,10.7529
2004,CAF,9.962539999999999
2005,CAF,9.191880000000001
2006,CAF,8.48368
2007,CAF,7.88053
2008,CAF,7.380560000000001
2009,CAF,6.99365
2010,CAF,6.64797
2011,CAF,6.312119999999999
2012,CAF,5.99709
2013,CAF,5.71344
2014,CAF,5.41515
2000,CHL,0.0516
2001,CHL,0.050626
2002,CHL,0.049511
2003,CHL,0.049223
2004,CHL,0.049629
2005,CHL,0.050595999999999995
2006,CHL,0.05198
2007,CHL,0.053434
2008,CHL,0.055066
2009,CHL,0.056846
2010,CHL,0.059151
2011,CHL,0.061862
2012,CHL,0.064763
2013,CHL,0.067883
2014,CHL,0.07171799999999999
2000,CIV,7.06745
2001,CIV,6.941339999999999
2002,CIV,6.75316
2003,CIV,6.52655
2004,CIV,6.27062
2005,CIV,6.005330000000001
2006,CIV,5.80457
2007,CIV,5.61549
2008,CIV,5.41368
2009,CIV,5.25318
2010,CIV,5.1361099999999995
2011,CIV,4.98548
2012,CIV,4.8457300000000005
2013,CIV,4.71812
2014,CIV,4.57503
2000,CMR,6.663760000000001
2001,CMR,6.713539999999999
2002,CMR,6.70255
2003,CMR,6.64135
2004,CMR,6.57189
2005,CMR,6.51236
2006,CMR,6.45284
2007,CMR,6.38457
2008,CMR,6.32509
2009,CMR,6.26325
2010,CMR,6.227130000000001
2011,CMR,6.1805
2012,CMR,6.111219999999999
2013,CMR,6.0974
2014,CMR,6.0397099999999995
2000,COD,2.10395
2001,COD,2.05301
2002,COD,2.00373
2003,COD,1.94353
2004,COD,1.8955099999999998
2005,COD,1.83535
2006,COD,1.7733299999999999
2007,COD,1.7242099999999998
2008,COD,1.65116
2009,COD,1.60202
2010,COD,1.54
2011,COD,1.5006899999999999
2012,COD,1.45036
2013,COD,1.41111
2014,COD,1.37192
2000,COG,6.781789999999999
2001,COG,6.5298099999999994
2002,COG,6.224480000000001
2003,COG,5.90066
2004,COG,5.57836
2005,COG,5.25483
2006,COG,4.98413
2007,COG,4.71092
2008,COG,4.4793400000000005
2009,COG,4.29864
2010,COG,4.14849
2011,COG,4.01882
2012,COG,3.93074
2013,COG,3.86591
2014,COG,3.7448
2000,COL,0.5015930000000001
2001,COL,0.49395900000000004
2002,COL,0.486263
2003,COL,0.475908
2004,COL,0.46223400000000003
2005,COL,0.447954
2006,COL,0.430389
2007,COL,0.41858199999999995
2008,COL,0.405744
2009,COL,0.390707
2010,COL,0.37497800000000003
2011,COL,0.36375599999999997
2012,COL,0.35141300000000003
2013,COL,0.338527
2014,COL,0.32896
2000,CPV,0.768955
2001,CPV,0.785702
2002,CPV,0.791161
2003,CPV,0.784646
2004,CPV,0.765419
2005,CPV,0.742611
2006,CPV,0.721906
2007,CPV,0.714046
2008,CPV,0.706332
2009,CPV,0.6994819999999999
2010,CPV,0.681055
2011,CPV,0.663921
2012,CPV,0.658686
2013,CPV,0.656542
2014,CPV,0.650147
2000,CRI,0.114745
2001,CRI,0.12455
2002,CRI,0.13438
2003,CRI,0.144786
2004,CRI,0.155204
2005,CRI,0.165348
2006,CRI,0.17499800000000001
2007,CRI,0.18368199999999998
2008,CRI,0.190858
2009,CRI,0.196741
2010,CRI,0.20074
2011,CRI,0.19842100000000001
2012,CRI,0.200163
2013,CRI,0.20052899999999999
2014,CRI,0.201102
2000,CUB,0.018302000000000002
2001,CUB,0.020089
2002,CUB,0.022433
2003,CUB,0.02585
2004,CUB,0.028924000000000002
2005,CUB,0.032532
2006,CUB,0.037304000000000004
2007,CUB,0.042866
2008,CUB,0.049324
2009,CUB,0.057103999999999995
2010,CUB,0.06622
2011,CUB,0.084375
2012,CUB,0.09479800000000001
2013,CUB,0.10713900000000001
2014,CUB,0.12135499999999999
2000,DJI,4.13261
2001,DJI,4.11841
2002,DJI,4.07276
2003,DJI,3.93141
2004,DJI,3.74199
2005,DJI,3.53672
2006,DJI,3.3268400000000002
2007,DJI,3.12662
2008,DJI,3.00375
2009,DJI,2.8721
2010,DJI,2.7770200000000003
2011,DJI,2.7010400000000003
2012,DJI,2.60982
2013,DJI,2.57203
2014,DJI,2.5459099999999997
2000,DNK,0.075695
2001,DNK,0.07980599999999999
2002,DNK,0.083722
2003,DNK,0.08727599999999999
2004,DNK,0.090735
2005,DNK,0.09418
2006,DNK,0.097153
2007,DNK,0.10004400000000001
2008,DNK,0.103123
2009,DNK,0.10613299999999999
2010,DNK,0.10908499999999999
2011,DNK,0.111928
2012,DNK,0.11438499999999999
2013,DNK,0.11719
2014,DNK,0.11991500000000001
2000,DOM,2.39744
2001,DOM,2.37637
2002,DOM,2.32222
2003,DOM,2.24522
2004,DOM,2.17936
2005,DOM,2.06759
2006,DOM,1.96628
2007,DOM,1.86493
2008,DOM,1.8066200000000001
2009,DOM,1.71262
2010,DOM,1.65041
2011,DOM,1.60407
2012,DOM,1.5525
2013,DOM,1.48296
2014,DOM,1.4276
2000,DZA,0.047205000000000004
2001,DZA,0.050714999999999996
2002,DZA,0.05318
2003,DZA,0.057766
2004,DZA,0.062488999999999996
2005,DZA,0.06464600000000001
2006,DZA,0.067962
2007,DZA,0.070413
2008,DZA,0.072304
2009,DZA,0.07409600000000001
2010,DZA,0.076342
2011,DZA,0.082383
2012,DZA,0.08559299999999999
2013,DZA,0.08979
2014,DZA,0.093539
2000,ECU,0.33364499999999997
2001,ECU,0.31816300000000003
2002,ECU,0.301365
2003,ECU,0.28284499999999996
2004,ECU,0.26158400000000004
2005,ECU,0.24444899999999997
2006,ECU,0.22969099999999998
2007,ECU,0.21958899999999998
2008,ECU,0.213741
2009,ECU,0.209632
2010,ECU,0.208511
2011,ECU,0.20823699999999998
2012,ECU,0.20501799999999998
2013,ECU,0.20771900000000001
2014,ECU,0.21026199999999998
2000,EGY,0.004424
2001,EGY,0.005029
2002,EGY,0.005632
2003,EGY,0.006203
2004,EGY,0.006889
2005,EGY,0.007734
2006,EGY,0.008545
2007,EGY,0.00923
2008,EGY,0.010131
2009,EGY,0.011266
2010,EGY,0.012192
2011,EGY,0.01351
2012,EGY,0.014854
2013,EGY,0.016331000000000002
2014,EGY,0.017995
2000,ERI,3.9419999999999997
2001,ERI,3.70376
2002,ERI,3.4709199999999996
2003,ERI,3.16941
2004,ERI,2.90978
2005,ERI,2.6057099999999997
2006,ERI,2.33174
2007,ERI,2.1367599999999998
2008,ERI,1.9496099999999998
2009,ERI,1.8079
2010,ERI,1.66839
2011,ERI,1.5339
2012,ERI,1.4404299999999999
2013,ERI,1.3522
2014,ERI,1.28108
2000,ETH,4.72222
2001,ETH,4.45177
2002,ETH,4.11972
2003,ETH,3.78104
2004,ETH,3.4436400000000003
2005,ETH,3.10627
2006,ETH,2.7977
2007,ETH,2.52936
2008,ETH,2.3122
2009,ETH,2.14986
2010,ETH,2.00362
2011,ETH,1.9007599999999998
2012,ETH,1.8201599999999998
2013,ETH,1.74908
2014,ETH,1.81565
2000,FJI,0.057886
2001,FJI,0.06138300000000001
2002,FJI,0.062806
2003,FJI,0.065727
2004,FJI,0.06846100000000001
2005,FJI,0.072555
2006,FJI,0.07695199999999999
2007,FJI,0.08271
2008,FJI,0.088086
2009,FJI,0.09482
2010,FJI,0.10375999999999999
2011,FJI,0.115203
2012,FJI,0.127342
2013,FJI,0.14541400000000002
2014,FJI,0.16258499999999998
2000,GAB,9.30217
2001,GAB,9.621789999999999
2002,GAB,9.81785
2003,GAB,9.81498
2004,GAB,9.71682
2005,GAB,9.54878
2006,GAB,9.30799
2007,GAB,8.9015
2008,GAB,8.50263
2009,GAB,8.0595
2010,GAB,7.5907
2011,GAB,7.108569999999999
2012,GAB,6.71012
2013,GAB,6.42042
2014,GAB,6.20522
2000,GEO,0.050952
2001,GEO,0.05507000000000001
2002,GEO,0.0596
2003,GEO,0.06446
2004,GEO,0.07055
2005,GEO,0.076502
2006,GEO,0.08270599999999999
2007,GEO,0.08936000000000001
2008,GEO,0.095153
2009,GEO,0.10182100000000001
2010,GEO,0.108396
2011,GEO,0.115657
2012,GEO,0.124102
2013,GEO,0.133179
2014,GEO,0.14348699999999998
2000,GHA,3.38459
2001,GHA,3.3470699999999995
2002,GHA,3.2867
2003,GHA,3.19548
2004,GHA,3.0925700000000003
2005,GHA,2.9918299999999998
2006,GHA,2.87938
2007,GHA,2.76602
2008,GHA,2.70168
2009,GHA,2.62246
2010,GHA,2.52909
2011,GHA,2.457
2012,GHA,2.43109
2013,GHA,2.3934900000000003
2014,GHA,2.36
2000,GIN,2.82286
2001,GIN,2.74757
2002,GIN,2.6484
2003,GIN,2.57574
2004,GIN,2.49123
2005,GIN,2.41629
2006,GIN,2.34135
2007,GIN,2.29814
2008,GIN,2.25677
2009,GIN,2.21083
2010,GIN,2.19841
2011,GIN,2.18713
2012,GIN,2.1774400000000003
2013,GIN,2.18872
2014,GIN,2.20284
2000,GMB,2.25854
2001,GMB,2.4942900000000003
2002,GMB,2.6865
2003,GMB,2.86469
2004,GMB,2.98778
2005,GMB,3.0906700000000003
2006,GMB,3.1320200000000002
2007,GMB,3.1329599999999997
2008,GMB,3.07872
2009,GMB,3.0287
2010,GMB,2.93317
2011,GMB,2.8735
2012,GMB,2.82342
2013,GMB,2.77617
2014,GMB,2.70703
2000,GNB,3.0251799999999998
2001,GNB,3.38691
2002,GNB,3.75401
2003,GNB,4.0871699999999995
2004,GNB,4.3793
2005,GNB,4.58767
2006,GNB,4.75845
2007,GNB,4.85379
2008,GNB,4.92016
2009,GNB,4.97982
2010,GNB,4.97615
2011,GNB,4.95584
2012,GNB,4.9048300000000005
2013,GNB,4.8667
2014,GNB,4.82081
2000,GNQ,1.8146900000000001
2001,GNQ,2.2534
2002,GNQ,2.73965
2003,GNQ,3.3215800000000004
2004,GNQ,3.9197900000000003
2005,GNQ,4.562880000000001
2006,GNQ,5.21617
2007,GNQ,5.80777
2008,GNQ,6.38277
2009,GNQ,6.879160000000001
2010,GNQ,7.285639999999999
2011,GNQ,7.530530000000001
2012,GNQ,7.67905
2013,GNQ,7.7064
2014,GNQ,7.65477
2000,GTM,0.307193
2001,GTM,0.364715
2002,GTM,0.410729
2003,GTM,0.442957
2004,GTM,0.4733
2005,GTM,0.49578199999999994
2006,GTM,0.513521
2007,GTM,0.530357
2008,GTM,0.555451
2009,GTM,0.567091
2010,GTM,0.5788979999999999
2011,GTM,0.5795130000000001
2012,GTM,0.587651
2013,GTM,0.592571
2014,GTM,0.601351
2000,GUY,1.1003
2001,GUY,1.3422399999999999
2002,GUY,1.58959
2003,GUY,1.78922
2004,GUY,1.9761900000000001
2005,GUY,2.14475
2006,GUY,2.28295
2007,GUY,2.3732599999999997
2008,GUY,2.46921
2009,GUY,2.56221
2010,GUY,2.6314
2011,GUY,2.75673
2012,GUY,2.92945
2013,GUY,3.13842
2014,GUY,3.36155
2000,HND,1.4280000000000002
2001,HND,1.296
2002,HND,1.15081
2003,HND,1.02567
2004,HND,0.9215479999999999
2005,HND,0.8301780000000001
2006,HND,0.751884
2007,HND,0.6847810000000001
2008,HND,0.627616
2009,HND,0.581091
2010,HND,0.5427069999999999
2011,HND,0.507555
2012,HND,0.478365
2013,HND,0.45565900000000004
2014,HND,0.43698400000000004
2000,HTI,3.9429
2001,HTI,3.7258199999999997
2002,HTI,3.4881900000000003
2003,HTI,3.27449
2004,HTI,3.082
2005,HTI,2.8906099999999997
2006,HTI,2.7509099999999997
2007,HTI,2.64942
2008,HTI,2.56977
2009,HTI,2.52
2010,HTI,2.45797
2011,HTI,2.4184200000000002
2012,HTI,2.3903
2013,HTI,2.37221
2014,HTI,2.37451
2000,IDN,0.018952
2001,IDN,0.028457
2002,IDN,0.042795
2003,IDN,0.063473
2004,IDN,0.090227
2005,IDN,0.121021
2006,IDN,0.154947
2007,IDN,0.190914
2008,IDN,0.226915
2009,IDN,0.26121700000000003
2010,IDN,0.294309
2011,IDN,0.324763
2012,IDN,0.35278400000000004
2013,IDN,0.37791399999999997
2014,IDN,0.399525
2000,IRL,0.092935
2001,IRL,0.10217999999999999
2002,IRL,0.111187
2003,IRL,0.12115
2004,IRL,0.13101500000000002
2005,IRL,0.141788
2006,IRL,0.152926
2007,IRL,0.163199
2008,IRL,0.173433
2009,IRL,0.182005
2010,IRL,0.192887
2011,IRL,0.204253
2012,IRL,0.21434899999999998
2013,IRL,0.22566399999999998
2014,IRL,0.236527
2000,IRN,0.022616
2001,IRN,0.024458
2002,IRN,0.026895
2003,IRN,0.029061
2004,IRN,0.031233999999999998
2005,IRN,0.033066000000000005
2006,IRN,0.034813
2007,IRN,0.036907
2008,IRN,0.039401
2009,IRN,0.041814
2010,IRN,0.044282999999999996
2011,IRN,0.047365
2012,IRN,0.051599
2013,IRN,0.055859000000000006
2014,IRN,0.05944
2000,JAM,2.15104
2001,JAM,2.14494
2002,JAM,2.0996599999999996
2003,JAM,2.0240400000000003
2004,JAM,1.9563599999999999
2005,JAM,1.8959400000000002
2006,JAM,1.84615
2007,JAM,1.80152
2008,JAM,1.7569599999999999
2009,JAM,1.71805
2010,JAM,1.695
2011,JAM,1.66385
2012,JAM,1.63598
2013,JAM,1.61891
2014,JAM,1.61265
2000,KAZ,0.05818400000000001
2001,KAZ,0.07145800000000001
2002,KAZ,0.07813099999999999
2003,KAZ,0.08469700000000001
2004,KAZ,0.091553
2005,KAZ,0.098322
2006,KAZ,0.106202
2007,KAZ,0.11401700000000001
2008,KAZ,0.12291099999999999
2009,KAZ,0.13197
2010,KAZ,0.141013
2011,KAZ,0.149341
2012,KAZ,0.158136
2013,KAZ,0.166088
2014,KAZ,0.174368
2000,KEN,12.9967
2001,KEN,12.142000000000001
2002,KEN,11.2652
2003,KEN,10.4427
2004,KEN,9.68309
2005,KEN,9.05188
2006,KEN,8.56359
2007,KEN,8.21087
2008,KEN,7.90152
2009,KEN,7.69066
2010,KEN,7.5681899999999995
2011,KEN,7.452789999999999
2012,KEN,7.387569999999999
2013,KEN,7.31785
2014,KEN,7.2369
2000,KGZ,0.05140700000000001
2001,KGZ,0.05581900000000001
2002,KGZ,0.06329
2003,KGZ,0.07171
2004,KGZ,0.0847
2005,KGZ,0.099174
2006,KGZ,0.127367
2007,KGZ,0.161236
2008,KGZ,0.18874100000000002
2009,KGZ,0.213732
2010,KGZ,0.23697
2011,KGZ,0.255158
2012,KGZ,0.27129699999999995
2013,KGZ,0.28417800000000004
2014,KGZ,0.299699
2000,KHM,2.51308
2001,KHM,2.4235
2002,KHM,2.31429
2003,KHM,2.1579900000000003
2004,KHM,2.06413
2005,KHM,1.9099099999999998
2006,KHM,1.80427
2007,KHM,1.74089
2008,KHM,1.69433
2009,KHM,1.6724400000000001
2010,KHM,1.6255
2011,KHM,1.5333700000000001
2012,KHM,1.48835
2013,KHM,1.4385700000000001
2014,KHM,1.41944
2000,LAO,0.061762
2001,LAO,0.091007
2002,LAO,0.119808
2003,LAO,0.14541600000000002
2004,LAO,0.169128
2005,LAO,0.192518
2006,LAO,0.21357800000000002
2007,LAO,0.23237600000000003
2008,LAO,0.24655300000000002
2009,LAO,0.258983
2010,LAO,0.26695399999999997
2011,LAO,0.271015
2012,LAO,0.27150100000000005
2013,LAO,0.271171
2014,LAO,0.27084600000000003
2000,LBN,0.016791
2001,LBN,0.017506999999999998
2002,LBN,0.018043
2003,LBN,0.018579
2004,LBN,0.019176
2005,LBN,0.019753
2006,LBN,0.02035
2007,LBN,0.020927
2008,LBN,0.021544999999999998
2009,LBN,0.021886000000000003
2010,LBN,0.022546
2011,LBN,0.023402000000000003
2012,LBN,0.024133
2013,LBN,0.024859
2014,LBN,0.025633999999999997
2000,LBR,3.3181
2001,LBR,3.3031800000000002
2002,LBR,3.2397
2003,LBR,3.0975599999999996
2004,LBR,2.95167
2005,LBR,2.7862
2006,LBR,2.59933
2007,LBR,2.43558
2008,LBR,2.25882
2009,LBR,2.1067099999999996
2010,LBR,1.9628400000000001
2011,LBR,1.8405799999999999
2012,LBR,1.73931
2013,LBR,1.6596799999999998
2014,LBR,1.6028200000000001
2000,LKA,0.005056000000000001
2001,LKA,0.005652
2002,LKA,0.006249
2003,LKA,0.006998000000000001
2004,LKA,0.008015999999999999
2005,LKA,0.009481
2006,LKA,0.011459
2007,LKA,0.013738
2008,LKA,0.016298
2009,LKA,0.018351
2010,LKA,0.020467
2011,LKA,0.022647999999999998
2012,LKA,0.025249
2013,LKA,0.027735000000000003
2014,LKA,0.030258999999999998
2000,LSO,26.3847
2001,LSO,26.7602
2002,LSO,27.016
2003,LSO,27.2105
2004,LSO,27.3878
2005,LSO,27.5107
2006,LSO,27.7059
2007,LSO,27.9023
2008,LSO,28.0663
2009,LSO,28.1884
2010,LSO,28.421999999999997
2011,LSO,28.6089
2012,LSO,28.7041
2013,LSO,28.814
2014,LSO,28.8927
2000,MAR,0.07426100000000001
2001,MAR,0.07852
2002,MAR,0.081747
2003,MAR,0.082722
2004,MAR,0.085836
2005,MAR,0.088324
2006,MAR,0.090507
2007,MAR,0.092667
2008,MAR,0.094855
2009,MAR,0.096586
2010,MAR,0.098396
2011,MAR,0.100391
2012,MAR,0.10254
2013,MAR,0.104831
2014,MAR,0.10706800000000001
2000,MDA,0.26076900000000003
2001,MDA,0.283177
2002,MDA,0.306962
2003,MDA,0.331494
2004,MDA,0.356694
2005,MDA,0.380898
2006,MDA,0.411233
2007,MDA,0.443011
2008,MDA,0.477867
2009,MDA,0.51283
2010,MDA,0.547837
2011,MDA,0.584685
2012,MDA,0.627592
2013,MDA,0.666556
2014,MDA,0.704858
2000,MDG,0.638682
2001,MDG,0.628556
2002,MDG,0.610348
2003,MDG,0.5858979999999999
2004,MDG,0.556037
2005,MDG,0.5275449999999999
2006,MDG,0.49617100000000003
2007,MDG,0.465577
2008,MDG,0.437949
2009,MDG,0.40928200000000003
2010,MDG,0.382967
2011,MDG,0.359385
2012,MDG,0.336524
2013,MDG,0.315461
2014,MDG,0.298145
2000,MEX,0.214995
2001,MEX,0.206325
2002,MEX,0.197974
2003,MEX,0.18986199999999998
2004,MEX,0.181538
2005,MEX,0.174786
2006,MEX,0.166408
2007,MEX,0.16053599999999998
2008,MEX,0.155169
2009,MEX,0.15112799999999998
2010,MEX,0.148532
2011,MEX,0.145458
2012,MEX,0.14231
2013,MEX,0.143176
2014,MEX,0.14307
2000,MLI,2.72492
2001,MLI,2.53855
2002,MLI,2.35669
2003,MLI,2.23329
2004,MLI,2.1042
2005,MLI,2.01799
2006,MLI,1.9533099999999999
2007,MLI,1.92
2008,MLI,1.90815
2009,MLI,1.90815
2010,MLI,1.91562
2011,MLI,1.9489900000000002
2012,MLI,1.99207
2013,MLI,2.02324
2014,MLI,2.09535
2000,MMR,0.373167
2001,MMR,0.41371800000000003
2002,MMR,0.44988599999999995
2003,MMR,0.481691
2004,MMR,0.5082260000000001
2005,MMR,0.5282439999999999
2006,MMR,0.540547
2007,MMR,0.548383
2008,MMR,0.551453
2009,MMR,0.550679
2010,MMR,0.548413
2011,MMR,0.5476800000000001
2012,MMR,0.5465949999999999
2013,MMR,0.547451
2014,MMR,0.54953
2000,MOZ,11.1747
2001,MOZ,12.2482
2002,MOZ,13.139000000000001
2003,MOZ,13.8743
2004,MOZ,14.4242
2005,MOZ,14.7536
2006,MOZ,14.9194
2007,MOZ,15.0037
2008,MOZ,15.0623
2009,MOZ,15.0294
2010,MOZ,14.9182
2011,MOZ,14.8248
2012,MOZ,14.7422
2013,MOZ,14.9029
2014,MOZ,14.7441
2000,MRT,1.18159
2001,MRT,1.20456
2002,MRT,1.20628
2003,MRT,1.2080799999999998
2004,MRT,1.18861
2005,MRT,1.16937
2006,MRT,1.13968
2007,MRT,1.12097
2008,MRT,1.08503
2009,MRT,1.06744
2010,MRT,1.048
2011,MRT,1.02725
2012,MRT,1.00734
2013,MRT,0.983783
2014,MRT,0.958975
2000,MUS,0.6249239999999999
2001,MUS,0.671495
2002,MUS,0.71838
2003,MUS,0.748358
2004,MUS,0.780562
2005,MUS,0.796006
2006,MUS,0.80145
2007,MUS,0.799366
2008,MUS,0.790982
2009,MUS,0.7777189999999999
2010,MUS,0.752188
2011,MUS,0.721534
2012,MUS,0.6884100000000001
2013,MUS,0.660904
2014,MUS,0.6336649999999999
2000,MWI,20.4947
2001,MWI,20.1628
2002,MWI,19.6396
2003,MWI,18.9516
2004,MWI,18.2398
2005,MWI,17.5268
2006,MWI,16.8646
2007,MWI,16.2744
2008,MWI,15.7423
2009,MWI,15.2722
2010,MWI,14.8579
2011,MWI,14.4178
2012,MWI,13.9693
2013,MWI,13.5202
2014,MWI,13.1071
2000,MYS,0.225489
2001,MYS,0.240499
2002,MYS,0.251406
2003,MYS,0.26055300000000003
2004,MYS,0.266059
2005,MYS,0.26868200000000003
2006,MYS,0.270121
2007,MYS,0.26961399999999996
2008,MYS,0.266839
2009,MYS,0.263314
2010,MYS,0.25808200000000003
2011,MYS,0.25082899999999997
2012,MYS,0.24218499999999998
2013,MYS,0.23103400000000002
2014,MYS,0.219453
2000,NAM,19.5819
2001,NAM,19.952
2002,NAM,20.0153
2003,NAM,19.7844
2004,NAM,19.3284
2005,NAM,18.8024
2006,NAM,18.396
2007,NAM,18.0719
2008,NAM,17.8643
2009,NAM,17.8164
2010,NAM,17.817999999999998
2011,NAM,17.8926
2012,NAM,17.9345
2013,NAM,17.9818
2014,NAM,18.0199
2000,NER,1.4466700000000001
2001,NER,1.47613
2002,NER,1.48766
2003,NER,1.44553
2004,NER,1.4072
2005,NER,1.3267
2006,NER,1.2480799999999999
2007,NER,1.15218
2008,NER,1.0665799999999999
2009,NER,0.977632
2010,NER,0.903458
2011,NER,0.8292309999999999
2012,NER,0.7648199999999999
2013,NER,0.703933
2014,NER,0.652407
2000,NGA,4.6357800000000005
2001,NGA,4.74263
2002,NGA,4.79876
2003,NGA,4.8141300000000005
2004,NGA,4.798109999999999
2005,NGA,4.774
2006,NGA,4.7308699999999995
2007,NGA,4.67786
2008,NGA,4.6041
2009,NGA,4.541180000000001
2010,NGA,4.47026
2011,NGA,4.38061
2012,NGA,4.26734
2013,NGA,4.16678
2014,NGA,4.0889
2000,NIC,0.42789799999999995
2001,NIC,0.41308999999999996
2002,NIC,0.395357
2003,NIC,0.37706999999999996
2004,NIC,0.358369
2005,NIC,0.342563
2006,NIC,0.328771
2007,NIC,0.315715
2008,NIC,0.300371
2009,NIC,0.285279
2010,NIC,0.27034400000000003
2011,NIC,0.257128
2012,NIC,0.245444
2013,NIC,0.233391
2014,NIC,0.22214499999999998
2000,NOR,0.06554199999999999
2001,NOR,0.070639
2002,NOR,0.07547999999999999
2003,NOR,0.080711
2004,NOR,0.085671
2005,NOR,0.090503
2006,NOR,0.09590599999999999
2007,NOR,0.100707
2008,NOR,0.10602400000000001
2009,NOR,0.111168
2010,NOR,0.116667
2011,NOR,0.12225699999999999
2012,NOR,0.1282
2013,NOR,0.133885
2014,NOR,0.139625
2000,NPL,0.06440499999999999
2001,NPL,0.088335
2002,NPL,0.11137799999999999
2003,NPL,0.13225399999999998
2004,NPL,0.150752
2005,NPL,0.165737
2006,NPL,0.177021
2007,NPL,0.184294
2008,NPL,0.18937400000000001
2009,NPL,0.191903
2010,NPL,0.190697
2011,NPL,0.186556
2012,NPL,0.181558
2013,NPL,0.17523699999999998
2014,NPL,0.16830799999999999
2000,OMN,0.077141
2001,OMN,0.076542
2002,OMN,0.075624
2003,OMN,0.07713300000000001
2004,OMN,0.078652
2005,OMN,0.079425
2006,OMN,0.080587
2007,OMN,0.081217
2008,OMN,0.08416699999999999
2009,OMN,0.087791
2010,OMN,0.095562
2011,OMN,0.10030599999999999
2012,OMN,0.106018
2013,OMN,0.110632
2014,OMN,0.11534000000000001
2000,PAK,0.008083
2001,PAK,0.009158
2002,PAK,0.010502
2003,PAK,0.012088
2004,PAK,0.014175
2005,PAK,0.016581
2006,PAK,0.019344999999999998
2007,PAK,0.023396
2008,PAK,0.027897
2009,PAK,0.033237
2010,PAK,0.040827999999999996
2011,PAK,0.050493
2012,PAK,0.062683
2013,PAK,0.080674
2014,PAK,0.103301
2000,PAN,0.495676
2001,PAN,0.520087
2002,PAN,0.53438
2003,PAN,0.533986
2004,PAN,0.525274
2005,PAN,0.511224
2006,PAN,0.49526499999999996
2007,PAN,0.477799
2008,PAN,0.459438
2009,PAN,0.44696099999999994
2010,PAN,0.437963
2011,PAN,0.43602299999999994
2012,PAN,0.471703
2013,PAN,0.455759
2014,PAN,0.45594399999999996
2000,PER,0.384668
2001,PER,0.380303
2002,PER,0.373265
2003,PER,0.367032
2004,PER,0.35775100000000004
2005,PER,0.346195
2006,PER,0.333389
2007,PER,0.321779
2008,PER,0.31303200000000003
2009,PER,0.302821
2010,PER,0.295349
2011,PER,0.28996700000000003
2012,PER,0.28251
2013,PER,0.277095
2014,PER,0.270372
2000,PHL,0.039171
2001,PHL,0.04102
2002,PHL,0.042352999999999995
2003,PHL,0.042839
2004,PHL,0.042656
2005,PHL,0.044249000000000004
2006,PHL,0.042282
2007,PHL,0.041765
2008,PHL,0.039146
2009,PHL,0.035445
2010,PHL,0.026539999999999998
2011,PHL,0.023957
2012,PHL,0.023045
2013,PHL,0.021377
2014,PHL,0.021107
2000,PNG,1.0902100000000001
2001,PNG,1.16352
2002,PNG,1.21915
2003,PNG,1.22843
2004,PNG,1.2313
2005,PNG,1.19987
2006,PNG,1.1593200000000001
2007,PNG,1.1236700000000002
2008,PNG,1.08457
2009,PNG,1.05365
2010,PNG,1.01688
2011,PNG,0.9833709999999999
2012,PNG,0.9581209999999999
2013,PNG,0.9476100000000001
2014,PNG,0.946434
2000,POL,0.035863
2001,POL,0.037193000000000004
2002,POL,0.038049
2003,POL,0.039382
2004,POL,0.039924
2005,POL,0.040969
2006,POL,0.041418
2007,POL,0.041741
2008,POL,0.042616
2009,POL,0.043453
2010,POL,0.044445
2011,POL,0.045058999999999995
2012,POL,0.046187
2013,POL,0.046686
2014,POL,0.047432
2000,PRY,0.236868
2001,PRY,0.240538
2002,PRY,0.246191
2003,PRY,0.254279
2004,PRY,0.261309
2005,PRY,0.270357
2006,PRY,0.280929
2007,PRY,0.291557
2008,PRY,0.300142
2009,PRY,0.314148
2010,PRY,0.327156
2011,PRY,0.350641
2012,PRY,0.490097
2013,PRY,0.525936
2014,PRY,0.569142
2000,RWA,6.87228
2001,RWA,6.41602
2002,RWA,5.92711
2003,RWA,5.4812199999999995
2004,RWA,5.075740000000001
2005,RWA,4.7626
2006,RWA,4.55
2007,RWA,4.40727
2008,RWA,4.28824
2009,RWA,4.16719
2010,RWA,4.067880000000001
2011,RWA,3.9762800000000005
2012,RWA,3.9085900000000002
2013,RWA,3.8648599999999997
2014,RWA,3.7755300000000003
2000,SDN,0.261239
2001,SDN,0.274312
2002,SDN,0.28782800000000003
2003,SDN,0.298291
2004,SDN,0.30545
2005,SDN,0.305852
2006,SDN,0.306791
2007,SDN,0.30281199999999997
2008,SDN,0.299589
2009,SDN,0.29194200000000003
2010,SDN,0.285881
2011,SDN,0.28
2012,SDN,0.280839
2013,SDN,0.293082
2014,SDN,0.314368
2000,SEN,0.53675
2001,SEN,0.595363
2002,SEN,0.642351
2003,SEN,0.6714979999999999
2004,SEN,0.6883819999999999
2005,SEN,0.686897
2006,SEN,0.6605800000000001
2007,SEN,0.631392
2008,SEN,0.611049
2009,SEN,0.5846279999999999
2010,SEN,0.5629
2011,SEN,0.598766
2012,SEN,0.577519
2013,SEN,0.5541020000000001
2014,SEN,0.532449
2000,SLE,1.40829
2001,SLE,1.61204
2002,SLE,1.79093
2003,SLE,1.96
2004,SLE,2.1019400000000004
2005,SLE,2.18951
2006,SLE,2.26315
2007,SLE,2.2729
2008,SLE,2.2397
2009,SLE,2.17564
2010,SLE,2.1130400000000003
2011,SLE,2.04115
2012,SLE,1.9804
2013,SLE,1.9202700000000001
2014,SLE,1.86086
2000,SLV,0.349642
2001,SLV,0.3699
2002,SLV,0.38805
2003,SLV,0.40307800000000005
2004,SLV,0.41803
2005,SLV,0.436317
2006,SLV,0.449743
2007,SLV,0.465054
2008,SLV,0.47474799999999995
2009,SLV,0.484138
2010,SLV,0.49671800000000005
2011,SLV,0.510278
2012,SLV,0.520306
2013,SLV,0.53627
2014,SLV,0.549091
2000,SOM,0.958375
2001,SOM,0.967018
2002,SOM,0.973267
2003,SOM,0.965791
2004,SOM,0.9457270000000001
2005,SOM,0.9181469999999999
2006,SOM,0.8903979999999999
2007,SOM,0.864725
2008,SOM,0.835528
2009,SOM,0.8062189999999999
2010,SOM,0.789297
2011,SOM,0.773341
2012,SOM,0.751001
2013,SOM,0.730589
2014,SOM,0.719305
2000,SSD,3.6483800000000004
2001,SSD,3.8616699999999997
2002,SSD,4.07643
2003,SSD,4.2607
2004,SSD,4.41708
2005,SSD,4.48233
2006,SSD,4.51961
2007,SSD,4.565919999999999
2008,SSD,4.587
2009,SSD,4.587
2010,SSD,4.54245
2011,SSD,4.5355
2012,SSD,4.50751
2013,SSD,4.47956
2014,SSD,4.42804
2000,STP,2.0427299999999997
2001,STP,1.99263
2002,STP,1.8978400000000002
2003,STP,1.80549
2004,STP,1.6896900000000001
2005,STP,1.58459
2006,STP,1.49576
2007,STP,1.40276
2008,STP,1.29624
2009,STP,1.20933
2010,STP,1.1181
2011,STP,1.04506
2012,STP,0.9709190000000001
2013,STP,0.9142399999999999
2014,STP,0.866215
2000,SUR,1.08505
2001,SUR,1.1303299999999998
2002,SUR,1.15004
2003,SUR,1.1637899999999999
2004,SUR,1.15675
2005,SUR,1.13085
2006,SUR,1.11304
2007,SUR,1.09952
2008,SUR,1.08932
2009,SUR,1.0777700000000001
2010,SUR,1.07482
2011,SUR,1.0918
2012,SUR,1.09601
2013,SUR,1.09497
2014,SUR,1.0887
2000,SVK,0.001116
2001,SVK,0.0012
2002,SVK,0.001327
2003,SVK,0.001434
2004,SVK,0.00143
2005,SVK,0.001655
2006,SVK,0.001759
2007,SVK,0.0020570000000000002
2008,SVK,0.0023940000000000003
2009,SVK,0.002698
2010,SVK,0.003286
2011,SVK,0.003822
2012,SVK,0.0043219999999999995
2013,SVK,0.005346
2014,SVK,0.0060490000000000006
2000,SVN,0.004451
2001,SVN,0.004911
2002,SVN,0.005339
2003,SVN,0.005857
2004,SVN,0.0064849999999999994
2005,SVN,0.0068980000000000005
2006,SVN,0.007889
2007,SVN,0.008729
2008,SVN,0.009854
2009,SVN,0.011172
2010,SVN,0.012872
2011,SVN,0.015489
2012,SVN,0.017756
2013,SVN,0.020233
2014,SVN,0.023207
2000,SWE,0.126673
2001,SWE,0.128477
2002,SWE,0.13008599999999998
2003,SWE,0.132172
2004,SWE,0.134762
2005,SWE,0.13930599999999999
2006,SWE,0.147404
2007,SWE,0.15102000000000002
2008,SWE,0.152221
2009,SWE,0.154013
2010,SWE,0.156911
2011,SWE,0.160796
2012,SWE,0.16598
2013,SWE,0.169113
2014,SWE,0.17374
2000,SWZ,29.5567
2001,SWZ,30.3765
2002,SWZ,30.9317
2003,SWZ,31.2867
2004,SWZ,31.5185
2005,SWZ,31.6037
2006,SWZ,31.7209
2007,SWZ,31.9401
2008,SWZ,32.215
2009,SWZ,32.5421
2010,SWZ,33.0362
2011,SWZ,33.3565
2012,SWZ,33.6316
2013,SWZ,33.8521
2014,SWZ,33.9663
2000,SYR,0.003871
2001,SYR,0.003843
2002,SYR,0.004
2003,SYR,0.004229999999999999
2004,SYR,0.004243
2005,SYR,0.0044
2006,SYR,0.004631000000000001
2007,SYR,0.004829
2008,SYR,0.004985
2009,SYR,0.00514
2010,SYR,0.005374
2011,SYR,0.005529
2012,SYR,0.005542
2013,SYR,0.005697
2014,SYR,0.005888
2000,TCD,4.6996
2001,TCD,4.81479
2002,TCD,4.8693599999999995
2003,TCD,4.8947
2004,TCD,4.87329
2005,TCD,4.813219999999999
2006,TCD,4.6982800000000005
2007,TCD,4.56401
2008,TCD,4.42214
2009,TCD,4.3233
2010,TCD,4.21267
2011,TCD,4.08277
2012,TCD,3.9195
2013,TCD,3.77046
2014,TCD,3.6287800000000003
2000,TGO,5.0019
2001,TGO,5.0728800000000005
2002,TGO,5.07166
2003,TGO,4.986669999999999
2004,TGO,4.89593
2005,TGO,4.76203
2006,TGO,4.61641
2007,TGO,4.45105
2008,TGO,4.27848
2009,TGO,4.0938099999999995
2010,TGO,3.9163699999999997
2011,TGO,3.7844
2012,TGO,3.6383400000000004
2013,TGO,3.5515199999999996
2014,TGO,3.4675
2000,THA,1.32691
2001,THA,1.3261100000000001
2002,THA,1.3039399999999999
2003,THA,1.2872700000000001
2004,THA,1.2615100000000001
2005,THA,1.25692
2006,THA,1.254
2007,THA,1.24771
2008,THA,1.232
2009,THA,1.2251100000000001
2010,THA,1.21846
2011,THA,1.2
2012,THA,1.18164
2013,THA,1.18222
2014,THA,1.1440700000000001
2000,TJK,0.390123
2001,TJK,0.380818
2002,TJK,0.36680100000000004
2003,TJK,0.346032
2004,TJK,0.326833
2005,TJK,0.309448
2006,TJK,0.299208
2007,TJK,0.293669
2008,TJK,0.290934
2009,TJK,0.294187
2010,TJK,0.299775
2011,TJK,0.310157
2012,TJK,0.323384
2013,TJK,0.336777
2014,TJK,0.350612
2000,TUN,0.009573
2001,TUN,0.01006
2002,TUN,0.010749
2003,TUN,0.011534
2004,TUN,0.012872999999999999
2005,TUN,0.013768
2006,TUN,0.014584999999999999
2007,TUN,0.016368999999999998
2008,TUN,0.017917
2009,TUN,0.019569
2010,TUN,0.02193
2011,TUN,0.024881999999999998
2012,TUN,0.028176999999999997
2013,TUN,0.032046
2014,TUN,0.036019999999999996
1990,TZA,6.58595
1991,TZA,7.487589999999999
1992,TZA,8.310369999999999
1993,TZA,9.01206
1994,TZA,9.56992
1995,TZA,9.96435
1996,TZA,10.2839
1997,TZA,10.4238
1998,TZA,10.4868
1999,TZA,10.3762
2000,TZA,10.2297
2001,TZA,10.0346
2002,TZA,9.78716
2003,TZA,9.51085
2004,TZA,9.2258
2005,TZA,8.920630000000001
2006,TZA,8.63809
2007,TZA,8.394910000000001
2008,TZA,8.20278
2009,TZA,7.99096
2010,TZA,7.779139999999999
2011,TZA,7.589289999999999
2012,TZA,7.381
2013,TZA,7.252160000000001
2014,TZA,7.06187
2000,UGA,8.71604
2001,UGA,8.26908
2002,UGA,7.95136
2003,UGA,7.73146
2004,UGA,7.655880000000001
2005,UGA,7.62591
2006,UGA,7.78822
2007,UGA,7.910089999999999
2008,UGA,8.05255
2009,UGA,8.25361
2010,UGA,8.43994
2011,UGA,8.93111
2012,UGA,9.36422
2013,UGA,9.43684
2014,UGA,9.44116
2000,UKR,0.523208
2001,UKR,0.6121850000000001
2002,UKR,0.69894
2003,UKR,0.7776310000000001
2004,UKR,0.849615
2005,UKR,0.9048649999999999
2006,UKR,0.957305
2007,UKR,0.9947239999999999
2008,UKR,1.03197
2009,UKR,1.04649
2010,UKR,1.06081
2011,UKR,1.0831899999999999
2012,UKR,1.10083
2013,UKR,1.1122100000000001
2014,UKR,1.1286
2000,UNAAP,0.15054
2001,UNAAP,0.1567
2002,UNAAP,0.161107
2003,UNAAP,0.16336199999999998
2004,UNAAP,0.163785
2005,UNAAP,0.16402
2006,UNAAP,0.164158
2007,UNAAP,0.163417
2008,UNAAP,0.16255
2009,UNAAP,0.162882
2010,UNAAP,0.16384
2011,UNAAP,0.166407
2012,UNAAP,0.169633
2013,UNAAP,0.17446
2014,UNAAP,0.178791
2000,UNACAR,1.95118
2001,UNACAR,1.9091599999999997
2002,UNACAR,1.8486200000000002
2003,UNACAR,1.77662
2004,UNACAR,1.7058099999999998
2005,UNACAR,1.62943
2006,UNACAR,1.56551
2007,UNACAR,1.5233
2008,UNACAR,1.48937
2009,UNACAR,1.46625
2010,UNACAR,1.4449100000000001
2011,UNACAR,1.43269
2012,UNACAR,1.41246
2013,UNACAR,1.399
2014,UNACAR,1.39726
2000,UNAEECA,0.2883
2001,UNAEECA,0.331244
2002,UNAEECA,0.370181
2003,UNAEECA,0.410793
2004,UNAEECA,0.454211
2005,UNAEECA,0.49719399999999997
2006,UNAEECA,0.5322720000000001
2007,UNAEECA,0.568645
2008,UNAEECA,0.604625
2009,UNAEECA,0.639351
2010,UNAEECA,0.674743
2011,UNAEECA,0.710378
2012,UNAEECA,0.747622
2013,UNAEECA,0.7868890000000001
2014,UNAEECA,0.8329200000000001
2000,UNAESA,11.296
2001,UNAESA,11.2624
2002,UNAESA,11.1391
2003,UNAESA,10.9523
2004,UNAESA,10.7156
2005,UNAESA,10.4797
2006,UNAESA,10.2505
2007,UNAESA,10.0688
2008,UNAESA,9.91766
2009,UNAESA,9.77162
2010,UNAESA,9.634319999999999
2011,UNAESA,9.51115
2012,UNAESA,9.441989999999999
2013,UNAESA,9.373510000000001
2014,UNAESA,9.29423
2000,UNALA,0.312612
2001,UNALA,0.317938
2002,UNALA,0.32240100000000005
2003,UNALA,0.326418
2004,UNALA,0.329899
2005,UNALA,0.33214899999999997
2006,UNALA,0.335124
2007,UNALA,0.33734200000000003
2008,UNALA,0.340102
2009,UNALA,0.342429
2010,UNALA,0.343858
2011,UNALA,0.344681
2012,UNALA,0.346325
2013,UNALA,0.348225
2014,UNALA,0.349326
2000,UNAMENA,0.067333
2001,UNAMENA,0.071574
2002,UNAMENA,0.074836
2003,UNAMENA,0.07711699999999999
2004,UNAMENA,0.07989600000000001
2005,UNAMENA,0.08143
2006,UNAMENA,0.08292200000000001
2007,UNAMENA,0.08433500000000001
2008,UNAMENA,0.08539
2009,UNAMENA,0.086845
2010,UNAMENA,0.089014
2011,UNAMENA,0.0904
2012,UNAMENA,0.091766
2013,UNAMENA,0.093562
2014,UNAMENA,0.095262
2000,UNASSA,7.538819999999999
2001,UNASSA,7.5163899999999995
2002,UNASSA,7.43558
2003,UNASSA,7.298719999999999
2004,UNASSA,7.13737
2005,UNASSA,6.97655
2006,UNASSA,6.82338
2007,UNASSA,6.679239999999999
2008,UNASSA,6.55737
2009,UNASSA,6.45177
2010,UNASSA,6.3406199999999995
2011,UNASSA,6.24308
2012,UNASSA,6.15977
2013,UNASSA,6.08122
2014,UNASSA,6.0253
2000,UNAWCA,3.9765599999999997
2001,UNAWCA,3.9739
2002,UNAWCA,3.9407300000000003
2003,UNAWCA,3.8818699999999997
2004,UNAWCA,3.8084
2005,UNAWCA,3.7289199999999996
2006,UNAWCA,3.6436300000000004
2007,UNAWCA,3.5591199999999996
2008,UNAWCA,3.46991
2009,UNAWCA,3.3862699999999997
2010,UNAWCA,3.3075699999999997
2011,UNAWCA,3.2275099999999997
2012,UNAWCA,3.13963
2013,UNAWCA,3.0623400000000003
2014,UNAWCA,2.99303
2000,UNAWCENA,0.195227
2001,UNAWCENA,0.20052799999999998
2002,UNAWCENA,0.20717600000000003
2003,UNAWCENA,0.213083
2004,UNAWCENA,0.21753899999999998
2005,UNAWCENA,0.22069899999999998
2006,UNAWCENA,0.223883
2007,UNAWCENA,0.229841
2008,UNAWCENA,0.232948
2009,UNAWCENA,0.23582199999999998
2010,UNAWCENA,0.236931
2011,UNAWCENA,0.23783400000000002
2012,UNAWCENA,0.23998200000000003
2013,UNAWCENA,0.23997399999999997
2014,UNAWCENA,0.240617
2000,URY,0.197161
2001,URY,0.21364
2002,URY,0.227825
2003,URY,0.238754
2004,URY,0.24826199999999998
2005,URY,0.25690599999999997
2006,URY,0.26163800000000004
2007,URY,0.266493
2008,URY,0.269592
2009,URY,0.269352
2010,URY,0.266438
2011,URY,0.263191
2012,URY,0.263049
2013,URY,0.265474
2014,URY,0.269404
2000,UZB,0.135346
2001,UZB,0.173128
2002,UZB,0.21027600000000002
2003,UZB,0.23743499999999998
2004,UZB,0.258142
2005,UZB,0.26950799999999997
2006,UZB,0.272701
2007,UZB,0.271208
2008,UZB,0.261732
2009,UZB,0.24841799999999997
2010,UZB,0.23303400000000002
2011,UZB,0.21646999999999997
2012,UZB,0.19931300000000002
2013,UZB,0.184372
2014,UZB,0.173177
2000,VEN,0.334924
2001,VEN,0.37860900000000003
2002,VEN,0.416965
2003,VEN,0.45401899999999995
2004,VEN,0.487124
2005,VEN,0.520079
2006,VEN,0.548849
2007,VEN,0.572488
2008,VEN,0.5964149999999999
2009,VEN,0.615795
2010,VEN,0.634894
2011,VEN,0.654976
2012,VEN,0.669751
2013,VEN,0.679446
2014,VEN,0.68607
2000,VNM,0.079568
2001,VNM,0.10359600000000001
2002,VNM,0.12884
2003,VNM,0.15417
2004,VNM,0.178171
2005,VNM,0.199785
2006,VNM,0.219298
2007,VNM,0.23872
2008,VNM,0.25744
2009,VNM,0.274386
2010,VNM,0.290419
2011,VNM,0.305856
2012,VNM,0.320303
2013,VNM,0.33321
2014,VNM,0.350265
2000,YEM,0.026075
2001,YEM,0.027795999999999998
2002,YEM,0.029107
2003,YEM,0.030407999999999998
2004,YEM,0.031508
2005,YEM,0.033138
2006,YEM,0.03435
2007,YEM,0.036316
2008,YEM,0.03783
2009,YEM,0.040088
2010,YEM,0.041809
2011,YEM,0.044759
2012,YEM,0.047677
2013,YEM,0.050735
2014,YEM,0.054107
2000,ZAF,18.9234
2001,ZAF,19.9558
2002,ZAF,20.7484
2003,ZAF,21.3571
2004,ZAF,21.7613
2005,ZAF,22.0637
2006,ZAF,22.3319
2007,ZAF,22.5804
2008,ZAF,22.7948
2009,ZAF,22.9823
2010,ZAF,23.1219
2011,ZAF,23.28
2012,ZAF,23.5478
2013,ZAF,23.8567
2014,ZAF,24.1135
2000,ZMB,15.0554
2001,ZMB,15.0078
2002,ZMB,14.91
2003,ZMB,14.7922
2004,ZMB,14.6338
2005,ZMB,14.4854
2006,ZMB,14.317
2007,ZMB,14.169
2008,ZMB,14.1106
2009,ZMB,14.0423
2010,ZMB,13.9932
2011,ZMB,14.0282
2012,ZMB,13.8597
2013,ZMB,13.7012
2014,ZMB,13.5032
2000,ZWE,33.2096
2001,ZWE,31.9774
2002,ZWE,30.5568
2003,ZWE,29.035999999999998
2004,ZWE,27.5168
2005,ZWE,26.0536
2006,ZWE,24.7186
2007,ZWE,23.5839
2008,ZWE,22.7418
2009,ZWE,22.1632
2010,ZWE,21.7774
2011,ZWE,21.4672
2012,ZWE,21.1823
2013,ZWE,20.8555
2014,ZWE,20.5486
