year,area,hiv_prevalence_males_young_people_15_24_estimate_modelled
1990,03m49wld,0.204112
1991,03m49wld,0.233658
1992,03m49wld,0.258862
1993,03m49wld,0.283437
1994,03m49wld,0.310533
1995,03m49wld,0.33536
1996,03m49wld,0.353078
1997,03m49wld,0.362942
1998,03m49wld,0.364238
1999,03m49wld,0.359072
2000,03m49wld,0.349461
2001,03m49wld,0.336496
2002,03m49wld,0.32309299999999996
2003,03m49wld,0.309971
2004,03m49wld,0.29761
2005,03m49wld,0.287078
2006,03m49wld,0.27878800000000004
2007,03m49wld,0.27264299999999997
2008,03m49wld,0.267851
2009,03m49wld,0.265878
2010,03m49wld,0.266353
2011,03m49wld,0.268125
2012,03m49wld,0.271439
2013,03m49wld,0.274064
2014,03m49wld,0.276717
1990,afg,0.0031
1991,afg,0.0038
1992,afg,0.0044
1993,afg,0.0048
1994,afg,0.0049
1995,afg,0.005
1996,afg,0.0049
1997,afg,0.0051
1998,afg,0.0052
1999,afg,0.0054
2000,afg,0.0057
2001,afg,0.0061
2002,afg,0.0065
2003,afg,0.0069
2004,afg,0.0073
2005,afg,0.0077
2006,afg,0.008
2007,afg,0.0083
2008,afg,0.0086
2009,afg,0.0089
2010,afg,0.0092
2011,afg,0.0096
2012,afg,0.0101
2013,afg,0.0107
2014,afg,0.0112
1990,ago,0.1898
1991,ago,0.2141
1992,ago,0.2431
1993,ago,0.2752
1994,ago,0.3102
1995,ago,0.3489
1996,ago,0.3868
1997,ago,0.4243
1998,ago,0.4594
1999,ago,0.4903
2000,ago,0.5153
2001,ago,0.5387
2002,ago,0.5586
2003,ago,0.5736
2004,ago,0.5854
2005,ago,0.5953
2006,ago,0.6017
2007,ago,0.6079
2008,ago,0.6112
2009,ago,0.6138
2010,ago,0.6139
2011,ago,0.6122
2012,ago,0.6088
2013,ago,0.604
2014,ago,0.5965
1990,arg,0.1272
1991,arg,0.1413
1992,arg,0.1547
1993,arg,0.1678
1994,arg,0.1812
1995,arg,0.1953
1996,arg,0.2073
1997,arg,0.2176
1998,arg,0.2261
1999,arg,0.2325
2000,arg,0.2369
2001,arg,0.2368
2002,arg,0.2429
2003,arg,0.2481
2004,arg,0.245
2005,arg,0.2404
2006,arg,0.2339
2007,arg,0.2326
2008,arg,0.2324
2009,arg,0.2341
2010,arg,0.2341
2011,arg,0.2316
2012,arg,0.2259
2013,arg,0.2244
2014,arg,0.2244
1990,arm,0.0005
1991,arm,0.001
1992,arm,0.0017
1993,arm,0.0027
1994,arm,0.0044
1995,arm,0.0072
1996,arm,0.0123
1997,arm,0.0216
1998,arm,0.0382
1999,arm,0.0608
2000,arm,0.0898
2001,arm,0.1241
2002,arm,0.1587
2003,arm,0.1846
2004,arm,0.1926
2005,arm,0.1919
2006,arm,0.1869
2007,arm,0.1797
2008,arm,0.1711
2009,arm,0.1619
2010,arm,0.1541
2011,arm,0.1484
2012,arm,0.1466
2013,arm,0.1496
2014,arm,0.1576
1990,aze,0.0005
1991,aze,0.0007
1992,aze,0.001
1993,aze,0.0015
1994,aze,0.0023
1995,aze,0.004
1996,aze,0.0064
1997,aze,0.0101
1998,aze,0.0154
1999,aze,0.0224
2000,aze,0.0313
2001,aze,0.0409
2002,aze,0.0501
2003,aze,0.0584
2004,aze,0.0656
2005,aze,0.0727
2006,aze,0.0782
2007,aze,0.0816
2008,aze,0.0845
2009,aze,0.0876
2010,aze,0.091
2011,aze,0.095
2012,aze,0.0998
2013,aze,0.1051
2014,aze,0.1105
1990,bdi,0.747
1991,bdi,0.8290000000000001
1992,bdi,0.9036
1993,bdi,0.9764
1994,bdi,1.03
1995,bdi,1.07
1996,bdi,1.09
1997,bdi,1.08
1998,bdi,1.04
1999,bdi,0.9746
2000,bdi,0.8909999999999999
2001,bdi,0.7964
2002,bdi,0.6968
2003,bdi,0.5987
2004,bdi,0.5089
2005,bdi,0.4332
2006,bdi,0.3743
2007,bdi,0.3325
2008,bdi,0.3069
2009,bdi,0.2956
2010,bdi,0.2961
2011,bdi,0.3047
2012,bdi,0.3178
2013,bdi,0.3318
2014,bdi,0.3438
1990,ben,0.1907
1991,ben,0.2165
1992,ben,0.24600000000000002
1993,ben,0.2794
1994,ben,0.3152
1995,ben,0.3506
1996,ben,0.3754
1997,ben,0.391
1998,ben,0.3933
1999,ben,0.3887
2000,ben,0.3778
2001,ben,0.365
2002,ben,0.35
2003,ben,0.3348
2004,ben,0.32
2005,ben,0.3062
2006,ben,0.2935
2007,ben,0.2819
2008,ben,0.2712
2009,ben,0.2702
2010,ben,0.266
2011,ben,0.2611
2012,ben,0.2547
2013,ben,0.2481
2014,ben,0.2418
1990,bfa,1.29
1991,bfa,1.27
1992,bfa,1.2
1993,bfa,1.1
1994,bfa,0.9816
1995,bfa,0.8615
1996,bfa,0.7343
1997,bfa,0.6181
1998,bfa,0.5185
1999,bfa,0.4388
2000,bfa,0.3804
2001,bfa,0.3425
2002,bfa,0.3228
2003,bfa,0.318
2004,bfa,0.3245
2005,bfa,0.3387
2006,bfa,0.3574
2007,bfa,0.3777
2008,bfa,0.3958
2009,bfa,0.41
2010,bfa,0.4236
2011,bfa,0.4306
2012,bfa,0.429
2013,bfa,0.4188
2014,bfa,0.4012
1990,bgd,0.0
1991,bgd,0.0
1992,bgd,0.0001
1993,bgd,0.0001
1994,bgd,0.0001
1995,bgd,0.0001
1996,bgd,0.0002
1997,bgd,0.0003
1998,bgd,0.0004
1999,bgd,0.0006
2000,bgd,0.0008
2001,bgd,0.0011
2002,bgd,0.0015
2003,bgd,0.0018
2004,bgd,0.0022
2005,bgd,0.0025
2006,bgd,0.0027
2007,bgd,0.0028
2008,bgd,0.003
2009,bgd,0.003
2010,bgd,0.003
2011,bgd,0.0031
2012,bgd,0.003
2013,bgd,0.0029
2014,bgd,0.0028
1990,blr,0.0006
1991,blr,0.0009
1992,blr,0.0016
1993,blr,0.0028
1994,blr,0.0048
1995,blr,0.008
1996,blr,0.0127
1997,blr,0.0194
1998,blr,0.0279
1999,blr,0.0382
2000,blr,0.0493
2001,blr,0.0606
2002,blr,0.0713
2003,blr,0.0801
2004,blr,0.0866
2005,blr,0.0916
2006,blr,0.0964
2007,blr,0.1012
2008,blr,0.1064
2009,blr,0.1124
2010,blr,0.1197
2011,blr,0.1283
2012,blr,0.1363
2013,blr,0.1401
2014,blr,0.1416
1990,blz,0.0026
1991,blz,0.0062
1992,blz,0.0145
1993,blz,0.0336
1994,blz,0.07400000000000001
1995,blz,0.1539
1996,blz,0.314
1997,blz,0.5869
1998,blz,0.9223
1999,blz,1.21
2000,blz,1.33
2001,blz,1.3
2002,blz,1.2
2003,blz,1.07
2004,blz,0.9282
2005,blz,0.7845
2006,blz,0.6494
2007,blz,0.5336
2008,blz,0.445
2009,blz,0.3856
2010,blz,0.3494
2011,blz,0.3314
2012,blz,0.3254
2013,blz,0.3284
2014,blz,0.3367
1990,bol,0.0206
1991,bol,0.0292
1992,bol,0.0396
1993,bol,0.0522
1994,bol,0.0671
1995,bol,0.0831
1996,bol,0.0993
1997,bol,0.1145
1998,bol,0.1292
1999,bol,0.141
2000,bol,0.1504
2001,bol,0.1596
2002,bol,0.1686
2003,bol,0.1806
2004,bol,0.1932
2005,bol,0.1961
2006,bol,0.1931
2007,bol,0.1928
2008,bol,0.1949
2009,bol,0.1982
2010,bol,0.2008
2011,bol,0.2017
2012,bol,0.1998
2013,bol,0.1956
2014,bol,0.1905
1990,bwa,3.39
1991,bwa,4.52
1992,bwa,5.74
1993,bwa,6.98
1994,bwa,8.13
1995,bwa,9.12
1996,bwa,9.76
1997,bwa,10.08
1998,bwa,10.09
1999,bwa,9.85
2000,bwa,9.42
2001,bwa,8.86
2002,bwa,8.23
2003,bwa,7.6
2004,bwa,6.99
2005,bwa,6.46
2006,bwa,6.03
2007,bwa,5.71
2008,bwa,5.51
2009,bwa,5.4
2010,bwa,5.37
2011,bwa,5.41
2012,bwa,5.5
2013,bwa,5.58
2014,bwa,5.65
1990,caf,1.81
1991,caf,2.12
1992,caf,2.43
1993,caf,2.71
1994,caf,2.96
1995,caf,3.11
1996,caf,3.12
1997,caf,3.01
1998,caf,2.8
1999,caf,2.54
2000,caf,2.26
2001,caf,1.98
2002,caf,1.74
2003,caf,1.53
2004,caf,1.38
2005,caf,1.28
2006,caf,1.22
2007,caf,1.2
2008,caf,1.21
2009,caf,1.25
2010,caf,1.29
2011,caf,1.34
2012,caf,1.37
2013,caf,1.39
2014,caf,1.4
1990,chl,0.1253
1991,chl,0.1352
1992,chl,0.1441
1993,chl,0.1512
1994,chl,0.1568
1995,chl,0.1611
1996,chl,0.1648
1997,chl,0.1679
1998,chl,0.1707
1999,chl,0.1735
2000,chl,0.1766
2001,chl,0.1796
2002,chl,0.1825
2003,chl,0.1854
2004,chl,0.1882
2005,chl,0.1907
2006,chl,0.193
2007,chl,0.1949
2008,chl,0.1963
2009,chl,0.1974
2010,chl,0.198
2011,chl,0.1985
2012,chl,0.1987
2013,chl,0.1991
2014,chl,0.1991
1990,civ,1.16
1991,civ,1.26
1992,civ,1.35
1993,civ,1.43
1994,civ,1.51
1995,civ,1.56
1996,civ,1.58
1997,civ,1.57
1998,civ,1.54
1999,civ,1.48
2000,civ,1.42
2001,civ,1.34
2002,civ,1.26
2003,civ,1.19
2004,civ,1.12
2005,civ,1.06
2006,civ,1.0
2007,civ,0.9595
2008,civ,0.9253
2009,civ,0.9006
2010,civ,0.8889
2011,civ,0.8833
2012,civ,0.8809
2013,civ,0.8788
2014,civ,0.8744
1990,cmr,1.08
1991,cmr,1.19
1992,cmr,1.28
1993,cmr,1.37
1994,cmr,1.44
1995,cmr,1.51
1996,cmr,1.54
1997,cmr,1.55
1998,cmr,1.55
1999,cmr,1.53
2000,cmr,1.5
2001,cmr,1.46
2002,cmr,1.42
2003,cmr,1.38
2004,cmr,1.35
2005,cmr,1.31
2006,cmr,1.29
2007,cmr,1.26
2008,cmr,1.25
2009,cmr,1.24
2010,cmr,1.24
2011,cmr,1.24
2012,cmr,1.24
2013,cmr,1.24
2014,cmr,1.23
1990,cod,0.5082
1991,cod,0.4941
1992,cod,0.4893
1993,cod,0.48100000000000004
1994,cod,0.4714
1995,cod,0.4626
1996,cod,0.4504
1997,cod,0.4393
1998,cod,0.4291
1999,cod,0.42
2000,cod,0.4119
2001,cod,0.4046
2002,cod,0.39799999999999996
2003,cod,0.3919
2004,cod,0.3859
2005,cod,0.38
2006,cod,0.3739
2007,cod,0.3682
2008,cod,0.3621
2009,cod,0.3558
2010,cod,0.3495
2011,cod,0.3429
2012,cod,0.3349
2013,cod,0.3257
2014,cod,0.3157
1990,cog,1.52
1991,cog,1.61
1992,cog,1.67
1993,cog,1.69
1994,cog,1.69
1995,cog,1.68
1996,cog,1.62
1997,cog,1.55
1998,cog,1.47
1999,cog,1.39
2000,cog,1.3
2001,cog,1.22
2002,cog,1.14
2003,cog,1.08
2004,cog,1.03
2005,cog,0.9869
2006,cog,0.9577
2007,cog,0.9401
2008,cog,0.9316
2009,cog,0.9303
2010,cog,0.9351
2011,cog,0.9415
2012,cog,0.9435
2013,cog,0.9387
2014,cog,0.9259
1990,col,0.0348
1991,col,0.0472
1992,col,0.0628
1993,col,0.0873
1994,col,0.1317
1995,col,0.2148
1996,col,0.3318
1997,col,0.4263
1998,col,0.4637
1999,col,0.4522
2000,col,0.4204
2001,col,0.3822
2002,col,0.3428
2003,col,0.305
2004,col,0.2715
2005,col,0.2451
2006,col,0.2279
2007,col,0.2198
2008,col,0.2184
2009,col,0.2203
2010,col,0.2238
2011,col,0.2265
2012,col,0.2282
2013,col,0.2291
2014,col,0.2282
1990,cpv,0.3054
1991,cpv,0.3543
1992,cpv,0.4032
1993,cpv,0.451
1994,cpv,0.499
1995,cpv,0.5423
1996,cpv,0.5776
1997,cpv,0.6043
1998,cpv,0.6219
1999,cpv,0.6313
2000,cpv,0.6342
2001,cpv,0.6322
2002,cpv,0.6278
2003,cpv,0.6227
2004,cpv,0.6196
2005,cpv,0.6186
2006,cpv,0.6194
2007,cpv,0.6482
2008,cpv,0.6745
2009,cpv,0.7003
2010,cpv,0.7273
2011,cpv,0.753
2012,cpv,0.7771
2013,cpv,0.7971
2014,cpv,0.8118
1990,cri,0.0677
1991,cri,0.0711
1992,cri,0.0746
1993,cri,0.0782
1994,cri,0.0818
1995,cri,0.0857
1996,cri,0.0904
1997,cri,0.0955
1998,cri,0.1009
1999,cri,0.1066
2000,cri,0.1127
2001,cri,0.1193
2002,cri,0.126
2003,cri,0.1328
2004,cri,0.1396
2005,cri,0.1458
2006,cri,0.1507
2007,cri,0.1534
2008,cri,0.1533
2009,cri,0.1505
2010,cri,0.146
2011,cri,0.1406
2012,cri,0.1349
2013,cri,0.13
2014,cri,0.1263
1990,cub,0.0179
1991,cub,0.0195
1992,cub,0.0211
1993,cub,0.0226
1994,cub,0.0243
1995,cub,0.0259
1996,cub,0.0278
1997,cub,0.0303
1998,cub,0.033
1999,cub,0.036000000000000004
2000,cub,0.0389
2001,cub,0.0429
2002,cub,0.0477
2003,cub,0.0555
2004,cub,0.0619
2005,cub,0.0694
2006,cub,0.0787
2007,cub,0.0901
2008,cub,0.1039
2009,cub,0.1205
2010,cub,0.1396
2011,cub,0.1566
2012,cub,0.177
2013,cub,0.201
2014,cub,0.2277
1990,dji,0.1855
1991,dji,0.2829
1992,dji,0.4053
1993,dji,0.5479
1994,dji,0.6978
1995,dji,0.8429
1996,dji,0.963
1997,dji,1.04
1998,dji,1.07
1999,dji,1.03
2000,dji,0.9482
2001,dji,0.8368
2002,dji,0.7146
2003,dji,0.5959
2004,dji,0.4927
2005,dji,0.4122
2006,dji,0.3577
2007,dji,0.3278
2008,dji,0.32
2009,dji,0.3306
2010,dji,0.3551
2011,dji,0.3885
2012,dji,0.426
2013,dji,0.4645
2014,dji,0.5001
1990,dnk,0.0574
1991,dnk,0.0593
1992,dnk,0.0611
1993,dnk,0.0629
1994,dnk,0.0645
1995,dnk,0.066
1996,dnk,0.0677
1997,dnk,0.0691
1998,dnk,0.0703
1999,dnk,0.0713
2000,dnk,0.0719
2001,dnk,0.0723
2002,dnk,0.0724
2003,dnk,0.0724
2004,dnk,0.0725
2005,dnk,0.0728
2006,dnk,0.0733
2007,dnk,0.07400000000000001
2008,dnk,0.0748
2009,dnk,0.0758
2010,dnk,0.0768
2011,dnk,0.0778
2012,dnk,0.0789
2013,dnk,0.0799
2014,dnk,0.0808
1990,dom,0.3138
1991,dom,0.4396
1992,dom,0.5898
1993,dom,0.7628
1994,dom,0.9437
1995,dom,1.12
1996,dom,1.27
1997,dom,1.38
1998,dom,1.43
1999,dom,1.42
2000,dom,1.35
2001,dom,1.25
2002,dom,1.12
2003,dom,0.9708
2004,dom,0.8265
2005,dom,0.6955
2006,dom,0.5849
2007,dom,0.4977
2008,dom,0.4343
2009,dom,0.3918
2010,dom,0.36700000000000005
2011,dom,0.3551
2012,dom,0.3522
2013,dom,0.3542
2014,dom,0.3562
1990,dza,0.0031
1991,dza,0.0035
1992,dza,0.0039
1993,dza,0.0044
1994,dza,0.0049
1995,dza,0.0054
1996,dza,0.006
1997,dza,0.0067
1998,dza,0.0074
1999,dza,0.0083
2000,dza,0.0091
2001,dza,0.0101
2002,dza,0.0109
2003,dza,0.0116
2004,dza,0.0124
2005,dza,0.0137
2006,dza,0.0146
2007,dza,0.016
2008,dza,0.0174
2009,dza,0.0183
2010,dza,0.0193
2011,dza,0.0205
2012,dza,0.0214
2013,dza,0.0223
2014,dza,0.0231
1990,ecu,0.1287
1991,ecu,0.1928
1992,ecu,0.2565
1993,ecu,0.3129
1994,ecu,0.3587
1995,ecu,0.3914
1996,ecu,0.3938
1997,ecu,0.3765
1998,ecu,0.354
1999,ecu,0.3288
2000,ecu,0.3038
2001,ecu,0.2814
2002,ecu,0.2628
2003,ecu,0.2489
2004,ecu,0.2395
2005,ecu,0.2337
2006,ecu,0.2302
2007,ecu,0.2279
2008,ecu,0.2255
2009,ecu,0.2226
2010,ecu,0.2188
2011,ecu,0.2141
2012,ecu,0.2093
2013,ecu,0.2053
2014,ecu,0.2016
1990,egy,0.0012
1991,egy,0.0014
1992,egy,0.0016
1993,egy,0.0019
1994,egy,0.0022
1995,egy,0.0025
1996,egy,0.0029
1997,egy,0.0034
1998,egy,0.0038
1999,egy,0.0043
2000,egy,0.0048
2001,egy,0.0053
2002,egy,0.0059
2003,egy,0.0064
2004,egy,0.006999999999999999
2005,egy,0.0077
2006,egy,0.0084
2007,egy,0.009000000000000001
2008,egy,0.0098
2009,egy,0.0105
2010,egy,0.0113
2011,egy,0.0121
2012,egy,0.0128
2013,egy,0.0138
2014,egy,0.0148
1990,eri,0.2106
1991,eri,0.2741
1992,eri,0.3355
1993,eri,0.3962
1994,eri,0.4424
1995,eri,0.4746
1996,eri,0.4905
1997,eri,0.4804
1998,eri,0.4531
1999,eri,0.4123
2000,eri,0.3646
2001,eri,0.3139
2002,eri,0.2644
2003,eri,0.2203
2004,eri,0.184
2005,eri,0.1572
2006,eri,0.1408
2007,eri,0.134
2008,eri,0.1358
2009,eri,0.1442
2010,eri,0.1572
2011,eri,0.1734
2012,eri,0.1908
2013,eri,0.2083
2014,eri,0.2236
1990,eth,0.535
1991,eth,0.6408
1992,eth,0.7519
1993,eth,0.8401
1994,eth,0.9175
1995,eth,0.9523
1996,eth,0.9555
1997,eth,0.9147
1998,eth,0.8369
1999,eth,0.7466
2000,eth,0.6444
2001,eth,0.546
2002,eth,0.4593
2003,eth,0.3889
2004,eth,0.3379
2005,eth,0.3066
2006,eth,0.293
2007,eth,0.2956
2008,eth,0.3107
2009,eth,0.335
2010,eth,0.3636
2011,eth,0.3942
2012,eth,0.4236
2013,eth,0.4485
2014,eth,0.4668
1990,fji,0.0051
1991,fji,0.006999999999999999
1992,fji,0.0097
1993,fji,0.0141
1994,fji,0.0226
1995,fji,0.0317
1996,fji,0.0372
1997,fji,0.0405
1998,fji,0.0427
1999,fji,0.0443
2000,fji,0.0429
2001,fji,0.0417
2002,fji,0.0408
2003,fji,0.0404
2004,fji,0.0407
2005,fji,0.0418
2006,fji,0.0439
2007,fji,0.0467
2008,fji,0.0503
2009,fji,0.0546
2010,fji,0.0598
2011,fji,0.0657
2012,fji,0.0722
2013,fji,0.079
2014,fji,0.0862
1990,gab,0.3586
1991,gab,0.4416
1992,gab,0.5375
1993,gab,0.6463
1994,gab,0.7659
1995,gab,0.8893
1996,gab,0.996
1997,gab,1.09
1998,gab,1.16
1999,gab,1.21
2000,gab,1.23
2001,gab,1.21
2002,gab,1.17
2003,gab,1.1
2004,gab,1.03
2005,gab,0.9458
2006,gab,0.8643
2007,gab,0.7895
2008,gab,0.7243
2009,gab,0.672
2010,gab,0.6347
2011,gab,0.6122
2012,gab,0.6029
2013,gab,0.6018
2014,gab,0.6098
1990,geo,0.0117
1991,geo,0.0154
1992,geo,0.0188
1993,geo,0.0222
1994,geo,0.0251
1995,geo,0.027000000000000003
1996,geo,0.0295
1997,geo,0.033
1998,geo,0.0379
1999,geo,0.0438
2000,geo,0.051
2001,geo,0.0596
2002,geo,0.0693
2003,geo,0.0803
2004,geo,0.0926
2005,geo,0.1064
2006,geo,0.1218
2007,geo,0.1391
2008,geo,0.158
2009,geo,0.1799
2010,geo,0.2027
2011,geo,0.2261
2012,geo,0.2478
2013,geo,0.2658
2014,geo,0.2807
1990,gha,0.4639
1991,gha,0.5085
1992,gha,0.5495
1993,gha,0.5866
1994,gha,0.6233
1995,gha,0.6471
1996,gha,0.655
1997,gha,0.6486
1998,gha,0.6328
1999,gha,0.6066
2000,gha,0.5766
2001,gha,0.5452
2002,gha,0.5142
2003,gha,0.4854
2004,gha,0.4601
2005,gha,0.4387
2006,gha,0.4212
2007,gha,0.4073
2008,gha,0.3962
2009,gha,0.3878
2010,gha,0.3814
2011,gha,0.3762
2012,gha,0.3708
2013,gha,0.3652
2014,gha,0.3586
1990,gin,0.2847
1991,gin,0.35700000000000004
1992,gin,0.4295
1993,gin,0.4922
1994,gin,0.5387
1995,gin,0.5635
1996,gin,0.5569
1997,gin,0.5329999999999999
1998,gin,0.4969
1999,gin,0.4574
2000,gin,0.4197
2001,gin,0.3879
2002,gin,0.3643
2003,gin,0.3497
2004,gin,0.3433
2005,gin,0.3435
2006,gin,0.3482
2007,gin,0.3558
2008,gin,0.3648
2009,gin,0.3742
2010,gin,0.3863
2011,gin,0.3958
2012,gin,0.4021
2013,gin,0.4049
2014,gin,0.4054
1990,gmb,0.0669
1991,gmb,0.0894
1992,gmb,0.1178
1993,gmb,0.1497
1994,gmb,0.1922
1995,gmb,0.2434
1996,gmb,0.3
1997,gmb,0.3641
1998,gmb,0.4319
1999,gmb,0.4974
2000,gmb,0.5518
2001,gmb,0.5916
2002,gmb,0.6137
2003,gmb,0.6175
2004,gmb,0.6138
2005,gmb,0.5995
2006,gmb,0.5712
2007,gmb,0.5363
2008,gmb,0.5004
2009,gmb,0.4666
2010,gmb,0.43700000000000006
2011,gmb,0.4109
2012,gmb,0.3892
2013,gmb,0.3724
2014,gmb,0.3617
1990,gnb,0.126
1991,gnb,0.1593
1992,gnb,0.204
1993,gnb,0.2627
1994,gnb,0.3346
1995,gnb,0.4233
1996,gnb,0.5033
1997,gnb,0.5817
1998,gnb,0.6621
1999,gnb,0.745
2000,gnb,0.8257
2001,gnb,0.9046
2002,gnb,0.9740000000000001
2003,gnb,1.03
2004,gnb,1.07
2005,gnb,1.08
2006,gnb,1.08
2007,gnb,1.06
2008,gnb,1.02
2009,gnb,0.9812
2010,gnb,0.9403
2011,gnb,0.9023
2012,gnb,0.8681
2013,gnb,0.8394
2014,gnb,0.818
1990,gnq,0.0337
1991,gnq,0.0459
1992,gnq,0.0627
1993,gnq,0.0856
1994,gnq,0.1163
1995,gnq,0.1554
1996,gnq,0.2026
1997,gnq,0.2601
1998,gnq,0.3293
1999,gnq,0.413
2000,gnq,0.5192
2001,gnq,0.6494
2002,gnq,0.8047
2003,gnq,0.9825
2004,gnq,1.18
2005,gnq,1.37
2006,gnq,1.55
2007,gnq,1.69
2008,gnq,1.79
2009,gnq,1.83
2010,gnq,1.82
2011,gnq,1.75
2012,gnq,1.62
2013,gnq,1.45
2014,gnq,1.26
1990,gtm,0.0151
1991,gtm,0.0244
1992,gtm,0.0388
1993,gtm,0.0619
1994,gtm,0.0962
1995,gtm,0.1441
1996,gtm,0.2042
1997,gtm,0.2744
1998,gtm,0.3492
1999,gtm,0.424
2000,gtm,0.4883
2001,gtm,0.5258
2002,gtm,0.5392
2003,gtm,0.5348
2004,gtm,0.5133
2005,gtm,0.4726
2006,gtm,0.4275
2007,gtm,0.3819
2008,gtm,0.33899999999999997
2009,gtm,0.3019
2010,gtm,0.2721
2011,gtm,0.2483
2012,gtm,0.2302
2013,gtm,0.2166
2014,gtm,0.2069
1990,guy,0.0062
1991,guy,0.0106
1992,guy,0.0177
1993,guy,0.0287
1994,guy,0.0456
1995,guy,0.0715
1996,guy,0.1088
1997,guy,0.1596
1998,guy,0.2228
1999,guy,0.2964
2000,guy,0.3811
2001,guy,0.4616
2002,guy,0.5324
2003,guy,0.5836
2004,guy,0.6142
2005,guy,0.6229
2006,guy,0.6147
2007,guy,0.5959
2008,guy,0.5734
2009,guy,0.5546
2010,guy,0.5453
2011,guy,0.5531
2012,guy,0.5796
2013,guy,0.6253
2014,guy,0.6884
1990,hnd,0.7214
1991,hnd,0.8111
1992,hnd,0.8649
1993,hnd,0.8871
1994,hnd,0.8817
1995,hnd,0.8554
1996,hnd,0.8084
1997,hnd,0.7469
1998,hnd,0.6773
1999,hnd,0.6056
2000,hnd,0.5366
2001,hnd,0.4742
2002,hnd,0.4204
2003,hnd,0.3752
2004,hnd,0.3385
2005,hnd,0.3099
2006,hnd,0.2871
2007,hnd,0.2689
2008,hnd,0.2542
2009,hnd,0.2417
2010,hnd,0.2304
2011,hnd,0.2195
2012,hnd,0.2085
2013,hnd,0.1975
2014,hnd,0.187
1990,hti,0.8579
1991,hti,0.9456
1992,hti,1.0
1993,hti,1.04
1994,hti,1.04
1995,hti,1.03
1996,hti,0.9669
1997,hti,0.9168
1998,hti,0.8499
1999,hti,0.7704
2000,hti,0.701
2001,hti,0.632
2002,hti,0.5742
2003,hti,0.5249
2004,hti,0.4949
2005,hti,0.4691
2006,hti,0.4615
2007,hti,0.466
2008,hti,0.4725
2009,hti,0.4854
2010,hti,0.5018
2011,hti,0.5154
2012,hti,0.5255
2013,hti,0.5299
2014,hti,0.5292
1990,idn,0.0002
1991,idn,0.0004
1992,idn,0.0008
1993,idn,0.0017
1994,idn,0.0036
1995,idn,0.006999999999999999
1996,idn,0.0131
1997,idn,0.0218
1998,idn,0.0329
1999,idn,0.0461
2000,idn,0.0647
2001,idn,0.0958
2002,idn,0.1516
2003,idn,0.2201
2004,idn,0.2761
2005,idn,0.3192
2006,idn,0.3532
2007,idn,0.3777
2008,idn,0.3816
2009,idn,0.3885
2010,idn,0.3922
2011,idn,0.3938
2012,idn,0.3935
2013,idn,0.39299999999999996
2014,idn,0.39299999999999996
1990,irl,0.0215
1991,irl,0.0276
1992,irl,0.0349
1993,irl,0.0431
1994,irl,0.0519
1995,irl,0.0606
1996,irl,0.0685
1997,irl,0.0768
1998,irl,0.0855
1999,irl,0.0947
2000,irl,0.1044
2001,irl,0.1125
2002,irl,0.1194
2003,irl,0.1248
2004,irl,0.129
2005,irl,0.132
2006,irl,0.1338
2007,irl,0.1346
2008,irl,0.1346
2009,irl,0.1342
2010,irl,0.1336
2011,irl,0.1334
2012,irl,0.1333
2013,irl,0.1332
2014,irl,0.1331
1990,irn,0.0018
1991,irn,0.002
1992,irn,0.0022
1993,irn,0.0025
1994,irn,0.0032
1995,irn,0.0046
1996,irn,0.006999999999999999
1997,irn,0.011000000000000001
1998,irn,0.0166
1999,irn,0.0237
2000,irn,0.0306
2001,irn,0.0362
2002,irn,0.0401
2003,irn,0.0423
2004,irn,0.0435
2005,irn,0.0445
2006,irn,0.0452
2007,irn,0.046
2008,irn,0.0462
2009,irn,0.0472
2010,irn,0.0483
2011,irn,0.0492
2012,irn,0.0496
2013,irn,0.0498
2014,irn,0.0496
1990,jam,1.23
1991,jam,1.54
1992,jam,1.68
1993,jam,1.78
1994,jam,1.83
1995,jam,1.83
1996,jam,1.8
1997,jam,1.74
1998,jam,1.67
1999,jam,1.58
2000,jam,1.5
2001,jam,1.43
2002,jam,1.36
2003,jam,1.29
2004,jam,1.22
2005,jam,1.14
2006,jam,1.08
2007,jam,1.01
2008,jam,0.9517
2009,jam,0.8999
2010,jam,0.8559
2011,jam,0.8216
2012,jam,0.7974
2013,jam,0.7816
2014,jam,0.7715
1990,kaz,0.0025
1991,kaz,0.0026
1992,kaz,0.0029
1993,kaz,0.0036
1994,kaz,0.0048
1995,kaz,0.0066
1996,kaz,0.0089
1997,kaz,0.0116
1998,kaz,0.0146
1999,kaz,0.0198
2000,kaz,0.0255
2001,kaz,0.0307
2002,kaz,0.0318
2003,kaz,0.0318
2004,kaz,0.0316
2005,kaz,0.031
2006,kaz,0.031
2007,kaz,0.0319
2008,kaz,0.0339
2009,kaz,0.0366
2010,kaz,0.0399
2011,kaz,0.0437
2012,kaz,0.0479
2013,kaz,0.0521
2014,kaz,0.0564
1990,kgz,0.0009
1991,kgz,0.0011
1992,kgz,0.0013
1993,kgz,0.0016
1994,kgz,0.002
1995,kgz,0.0026
1996,kgz,0.0033
1997,kgz,0.0042
1998,kgz,0.0054
1999,kgz,0.0071
2000,kgz,0.0092
2001,kgz,0.0122
2002,kgz,0.0156
2003,kgz,0.0198
2004,kgz,0.0251
2005,kgz,0.031
2006,kgz,0.0445
2007,kgz,0.057999999999999996
2008,kgz,0.0651
2009,kgz,0.0698
2010,kgz,0.0723
2011,kgz,0.0722
2012,kgz,0.0695
2013,kgz,0.0654
2014,kgz,0.0615
1990,khm,0.0503
1991,khm,0.1438
1992,khm,0.3975
1993,khm,0.8318
1994,khm,1.33
1995,khm,1.72
1996,khm,1.88
1997,khm,1.83
1998,khm,1.63
1999,khm,1.39
2000,khm,1.16
2001,khm,0.9421
2002,khm,0.7489
2003,khm,0.5846
2004,khm,0.4515
2005,khm,0.3504
2006,khm,0.2788
2007,khm,0.2304
2008,khm,0.1968
2009,khm,0.1735
2010,khm,0.1568
2011,khm,0.1431
2012,khm,0.1347
2013,khm,0.1293
2014,khm,0.1264
1990,lao,0.0002
1991,lao,0.0005
1992,lao,0.0011
1993,lao,0.002
1994,lao,0.004
1995,lao,0.0064
1996,lao,0.0103
1997,lao,0.0167
1998,lao,0.0283
1999,lao,0.0459
2000,lao,0.0699
2001,lao,0.0933
2002,lao,0.1111
2003,lao,0.1267
2004,lao,0.1414
2005,lao,0.1561
2006,lao,0.1659
2007,lao,0.171
2008,lao,0.1692
2009,lao,0.1635
2010,lao,0.1573
2011,lao,0.1502
2012,lao,0.1438
2013,lao,0.1385
2014,lao,0.1346
1990,lbn,0.0368
1991,lbn,0.0383
1992,lbn,0.0394
1993,lbn,0.0402
1994,lbn,0.0408
1995,lbn,0.0411
1996,lbn,0.040999999999999995
1997,lbn,0.0407
1998,lbn,0.0402
1999,lbn,0.0399
2000,lbn,0.0395
2001,lbn,0.0393
2002,lbn,0.0392
2003,lbn,0.0391
2004,lbn,0.0392
2005,lbn,0.0394
2006,lbn,0.0396
2007,lbn,0.0398
2008,lbn,0.04
2009,lbn,0.0403
2010,lbn,0.0405
2011,lbn,0.0409
2012,lbn,0.0412
2013,lbn,0.0417
2014,lbn,0.0422
1990,lbr,0.2315
1991,lbr,0.2976
1992,lbr,0.3695
1993,lbr,0.4474
1994,lbr,0.5228
1995,lbr,0.5938
1996,lbr,0.6444
1997,lbr,0.6784
1998,lbr,0.6971
1999,lbr,0.6917
2000,lbr,0.6721
2001,lbr,0.632
2002,lbr,0.5816
2003,lbr,0.5249
2004,lbr,0.4683
2005,lbr,0.4147
2006,lbr,0.3673
2007,lbr,0.32799999999999996
2008,lbr,0.2981
2009,lbr,0.278
2010,lbr,0.2665
2011,lbr,0.2625
2012,lbr,0.2643
2013,lbr,0.2706
2014,lbr,0.2764
1990,lka,0.0011
1991,lka,0.0014
1992,lka,0.0016
1993,lka,0.0022
1994,lka,0.0028
1995,lka,0.0034
1996,lka,0.0039
1997,lka,0.0045
1998,lka,0.0051
1999,lka,0.0057
2000,lka,0.0064
2001,lka,0.0067
2002,lka,0.0071
2003,lka,0.0077
2004,lka,0.0087
2005,lka,0.0101
2006,lka,0.012
2007,lka,0.013999999999999999
2008,lka,0.016
2009,lka,0.0172
2010,lka,0.0181
2011,lka,0.019
2012,lka,0.0198
2013,lka,0.0206
2014,lka,0.0215
1990,lso,0.8211
1991,lso,1.44
1992,lso,2.45
1993,lso,3.94
1994,lso,5.81
1995,lso,7.64
1996,lso,8.86
1997,lso,9.25
1998,lso,8.96
1999,lso,8.39
2000,lso,7.76
2001,lso,7.22
2002,lso,6.82
2003,lso,6.56
2004,lso,6.43
2005,lso,6.39
2006,lso,6.4
2007,lso,6.4
2008,lso,6.34
2009,lso,6.24
2010,lso,6.12
2011,lso,6.0
2012,lso,5.92
2013,lso,5.87
2014,lso,5.85
1990,mar,0.0081
1991,mar,0.0099
1992,mar,0.0121
1993,mar,0.0145
1994,mar,0.0175
1995,mar,0.0211
1996,mar,0.0258
1997,mar,0.0319
1998,mar,0.0402
1999,mar,0.0508
2000,mar,0.0628
2001,mar,0.0748
2002,mar,0.085
2003,mar,0.0932
2004,mar,0.0992
2005,mar,0.1025
2006,mar,0.1039
2007,mar,0.1031
2008,mar,0.1016
2009,mar,0.0996
2010,mar,0.0977
2011,mar,0.096
2012,mar,0.0944
2013,mar,0.0928
2014,mar,0.0914
1990,mdg,0.0994
1991,mdg,0.14400000000000002
1992,mdg,0.1934
1993,mdg,0.2426
1994,mdg,0.2882
1995,mdg,0.326
1996,mdg,0.3507
1997,mdg,0.359
1998,mdg,0.3549
1999,mdg,0.3411
2000,mdg,0.3199
2001,mdg,0.2946
2002,mdg,0.268
2003,mdg,0.2428
2004,mdg,0.2209
2005,mdg,0.2027
2006,mdg,0.188
2007,mdg,0.1761
2008,mdg,0.1664
2009,mdg,0.1594
2010,mdg,0.1546
2011,mdg,0.1515
2012,mdg,0.15
2013,mdg,0.1496
2014,mdg,0.1506
1990,mex,0.7543
1991,mex,0.7178
1992,mex,0.6715
1993,mex,0.6215
1994,mex,0.5714
1995,mex,0.5226
1996,mex,0.47100000000000003
1997,mex,0.42200000000000004
1998,mex,0.374
1999,mex,0.331
2000,mex,0.2925
2001,mex,0.2574
2002,mex,0.226
2003,mex,0.1983
2004,mex,0.1745
2005,mex,0.1551
2006,mex,0.1393
2007,mex,0.127
2008,mex,0.11800000000000001
2009,mex,0.1122
2010,mex,0.1086
2011,mex,0.1067
2012,mex,0.1054
2013,mex,0.1052
2014,mex,0.105
1990,mli,0.6887
1991,mli,0.7385
1992,mli,0.7474
1993,mli,0.7374
1994,mli,0.6991
1995,mli,0.6413
1996,mli,0.5677
1997,mli,0.495
1998,mli,0.4303
1999,mli,0.3784
2000,mli,0.3426
2001,mli,0.3223
2002,mli,0.3161
2003,mli,0.3211
2004,mli,0.3345
2005,mli,0.3529
2006,mli,0.3744
2007,mli,0.3962
2008,mli,0.4176
2009,mli,0.436
2010,mli,0.4548
2011,mli,0.4678
2012,mli,0.4733
2013,mli,0.4737
2014,mli,0.4697
1990,mmr,0.2902
1991,mmr,0.452
1992,mmr,0.5537
1993,mmr,0.5995
1994,mmr,0.6373
1995,mmr,0.6659
1996,mmr,0.688
1997,mmr,0.7296
1998,mmr,0.7711
1999,mmr,0.8302
2000,mmr,0.8909999999999999
2001,mmr,0.9255
2002,mmr,0.9274
2003,mmr,0.8933
2004,mmr,0.8353
2005,mmr,0.7718
2006,mmr,0.7029
2007,mmr,0.6369
2008,mmr,0.5673
2009,mmr,0.5077
2010,mmr,0.4578
2011,mmr,0.4206
2012,mmr,0.3942
2013,mmr,0.3758
2014,mmr,0.3625
1990,mrt,0.1262
1991,mrt,0.1631
1992,mrt,0.2031
1993,mrt,0.2489
1994,mrt,0.2963
1995,mrt,0.3446
1996,mrt,0.3901
1997,mrt,0.4342
1998,mrt,0.4708
1999,mrt,0.4948
2000,mrt,0.5097
2001,mrt,0.5118
2002,mrt,0.504
2003,mrt,0.4868
2004,mrt,0.4624
2005,mrt,0.4328
2006,mrt,0.3992
2007,mrt,0.3651
2008,mrt,0.33399999999999996
2009,mrt,0.3079
2010,mrt,0.2865
2011,mrt,0.2694
2012,mrt,0.2557
2013,mrt,0.2454
2014,mrt,0.2368
1990,mus,0.0223
1991,mus,0.0318
1992,mus,0.0451
1993,mus,0.0636
1994,mus,0.0929
1995,mus,0.1375
1996,mus,0.1907
1997,mus,0.2527
1998,mus,0.3131
1999,mus,0.3595
2000,mus,0.3834
2001,mus,0.3834
2002,mus,0.3699
2003,mus,0.3478
2004,mus,0.3229
2005,mus,0.2999
2006,mus,0.2805
2007,mus,0.2637
2008,mus,0.2487
2009,mus,0.2353
2010,mus,0.2216
2011,mus,0.2075
2012,mus,0.1924
2013,mus,0.1783
2014,mus,0.1656
1990,mwi,2.53
1991,mwi,2.9
1992,mwi,3.22
1993,mwi,3.47
1994,mwi,3.66
1995,mwi,3.77
1996,mwi,3.78
1997,mwi,3.73
1998,mwi,3.63
1999,mwi,3.49
2000,mwi,3.32
2001,mwi,3.15
2002,mwi,2.98
2003,mwi,2.83
2004,mwi,2.72
2005,mwi,2.64
2006,mwi,2.6
2007,mwi,2.58
2008,mwi,2.57
2009,mwi,2.57
2010,mwi,2.57
2011,mwi,2.55
2012,mwi,2.52
2013,mwi,2.47
2014,mwi,2.4
1990,mys,0.0903
1991,mys,0.2626
1992,mys,0.3752
1993,mys,0.3924
1994,mys,0.3803
1995,mys,0.3645
1996,mys,0.3458
1997,mys,0.3231
1998,mys,0.3024
1999,mys,0.2841
2000,mys,0.2713
2001,mys,0.2632
2002,mys,0.2559
2003,mys,0.248
2004,mys,0.2396
2005,mys,0.2301
2006,mys,0.2173
2007,mys,0.2033
2008,mys,0.1897
2009,mys,0.17600000000000002
2010,mys,0.1624
2011,mys,0.1477
2012,mys,0.1333
2013,mys,0.1207
2014,mys,0.1129
1990,nam,0.8085
1991,nam,1.18
1992,nam,1.7
1993,nam,2.34
1994,nam,3.11
1995,nam,3.92
1996,nam,4.6
1997,nam,5.1
1998,nam,5.39
1999,nam,5.42
2000,nam,5.21
2001,nam,4.84
2002,nam,4.4
2003,nam,3.96
2004,nam,3.54
2005,nam,3.19
2006,nam,2.92
2007,nam,2.72
2008,nam,2.58
2009,nam,2.6
2010,nam,2.69
2011,nam,2.78
2012,nam,2.85
2013,nam,2.9
2014,nam,2.93
1990,ner,0.1962
1991,ner,0.2231
1992,ner,0.2691
1993,ner,0.3287
1994,ner,0.4024
1995,ner,0.4802
1996,ner,0.5538
1997,ner,0.6203
1998,ner,0.6693
1999,ner,0.6984
2000,ner,0.7048
2001,ner,0.6877
2002,ner,0.6498
2003,ner,0.5943
2004,ner,0.5255
2005,ner,0.4489
2006,ner,0.3699
2007,ner,0.2949
2008,ner,0.2329
2009,ner,0.1844
2010,ner,0.1492
2011,ner,0.1249
2012,ner,0.1099
2013,ner,0.1018
2014,ner,0.098
1990,nga,0.4493
1991,nga,0.5131
1992,nga,0.583
1993,nga,0.6576
1994,nga,0.738
1995,nga,0.8245
1996,nga,0.9012
1997,nga,0.9654
1998,nga,1.01
1999,nga,1.04
2000,nga,1.04
2001,nga,1.04
2002,nga,1.02
2003,nga,0.992
2004,nga,0.9653
2005,nga,0.9375
2006,nga,0.9098
2007,nga,0.8828
2008,nga,0.8577
2009,nga,0.8344
2010,nga,0.8132
2011,nga,0.7938
2012,nga,0.7758
2013,nga,0.7576
2014,nga,0.7397
1990,nic,0.1366
1991,nic,0.1493
1992,nic,0.1685
1993,nic,0.1902
1994,nic,0.2173
1995,nic,0.2465
1996,nic,0.2733
1997,nic,0.2956
1998,nic,0.3075
1999,nic,0.3069
2000,nic,0.2973
2001,nic,0.2801
2002,nic,0.2571
2003,nic,0.2316
2004,nic,0.2065
2005,nic,0.1844
2006,nic,0.1671
2007,nic,0.1555
2008,nic,0.1499
2009,nic,0.1497
2010,nic,0.1542
2011,nic,0.1625
2012,nic,0.17300000000000001
2013,nic,0.1841
2014,nic,0.1954
1990,nor,0.013999999999999999
1991,nor,0.0173
1992,nor,0.0204
1993,nor,0.023
1994,nor,0.0249
1995,nor,0.0261
1996,nor,0.0273
1997,nor,0.0281
1998,nor,0.0288
1999,nor,0.0295
2000,nor,0.0301
2001,nor,0.0307
2002,nor,0.0313
2003,nor,0.0322
2004,nor,0.0333
2005,nor,0.0343
2006,nor,0.035
2007,nor,0.0356
2008,nor,0.0362
2009,nor,0.0366
2010,nor,0.037000000000000005
2011,nor,0.0374
2012,nor,0.0377
2013,nor,0.0381
2014,nor,0.0383
1990,npl,0.0001
1991,npl,0.0004
1992,npl,0.0011
1993,npl,0.0028
1994,npl,0.0062
1995,npl,0.0131
1996,npl,0.0271
1997,npl,0.0531
1998,npl,0.0892
1999,npl,0.1208
2000,npl,0.1387
2001,npl,0.1448
2002,npl,0.1433
2003,npl,0.1389
2004,npl,0.1304
2005,npl,0.1167
2006,npl,0.0982
2007,npl,0.0842
2008,npl,0.0713
2009,npl,0.0581
2010,npl,0.0483
2011,npl,0.0409
2012,npl,0.0348
2013,npl,0.0299
2014,npl,0.0269
1990,omn,0.0638
1991,omn,0.0617
1992,omn,0.0628
1993,omn,0.0642
1994,omn,0.0648
1995,omn,0.0672
1996,omn,0.0714
1997,omn,0.0748
1998,omn,0.0763
1999,omn,0.0783
2000,omn,0.0818
2001,omn,0.0848
2002,omn,0.08800000000000001
2003,omn,0.0889
2004,omn,0.0911
2005,omn,0.0937
2006,omn,0.0965
2007,omn,0.0994
2008,omn,0.0999
2009,omn,0.0998
2010,omn,0.0978
2011,omn,0.0978
2012,omn,0.0979
2013,omn,0.0988
2014,omn,0.0999
1990,pak,0.0005
1991,pak,0.0006
1992,pak,0.0007
1993,pak,0.0009
1994,pak,0.001
1995,pak,0.0012
1996,pak,0.0014
1997,pak,0.0017
1998,pak,0.002
1999,pak,0.0024
2000,pak,0.0029
2001,pak,0.0035
2002,pak,0.0042
2003,pak,0.0051
2004,pak,0.0062
2005,pak,0.0075
2006,pak,0.009000000000000001
2007,pak,0.0109
2008,pak,0.0131
2009,pak,0.0157
2010,pak,0.0186
2011,pak,0.0219
2012,pak,0.0257
2013,pak,0.0303
2014,pak,0.0355
1990,pan,0.3039
1991,pan,0.3067
1992,pan,0.3282
1993,pan,0.3771
1994,pan,0.4681
1995,pan,0.5993
1996,pan,0.7557
1997,pan,0.9157
1998,pan,1.05
1999,pan,1.14
2000,pan,1.17
2001,pan,1.12
2002,pan,1.02
2003,pan,0.8934
2004,pan,0.7503
2005,pan,0.6084
2006,pan,0.4806
2007,pan,0.3754
2008,pan,0.2971
2009,pan,0.2446
2010,pan,0.2146
2011,pan,0.2031
2012,pan,0.2054
2013,pan,0.2178
2014,pan,0.2314
1990,per,0.5012
1991,per,0.4501
1992,per,0.4093
1993,per,0.3824
1994,per,0.3695
1995,per,0.3675
1996,per,0.3704
1997,per,0.375
1998,per,0.3779
1999,per,0.3775
2000,per,0.3726
2001,per,0.3632
2002,per,0.3495
2003,per,0.3326
2004,per,0.3133
2005,per,0.2923
2006,per,0.2703
2007,per,0.2481
2008,per,0.2263
2009,per,0.2059
2010,per,0.1879
2011,per,0.1733
2012,per,0.1616
2013,per,0.1516
2014,per,0.1435
1990,phl,0.0003
1991,phl,0.0004
1992,phl,0.0009
1993,phl,0.0015
1994,phl,0.0022
1995,phl,0.003
1996,phl,0.0038
1997,phl,0.0047
1998,phl,0.0055
1999,phl,0.0062
2000,phl,0.0067
2001,phl,0.0073
2002,phl,0.0079
2003,phl,0.0088
2004,phl,0.0099
2005,phl,0.0115
2006,phl,0.0135
2007,phl,0.0166
2008,phl,0.0215
2009,phl,0.0294
2010,phl,0.0402
2011,phl,0.0499
2012,phl,0.0598
2013,phl,0.0692
2014,phl,0.0797
1990,png,0.0344
1991,png,0.0529
1992,png,0.0774
1993,png,0.1076
1994,png,0.1413
1995,png,0.17800000000000002
1996,png,0.2118
1997,png,0.2414
1998,png,0.2653
1999,png,0.2826
2000,png,0.2966
2001,png,0.2966
2002,png,0.2872
2003,png,0.267
2004,png,0.24100000000000002
2005,png,0.213
2006,png,0.1864
2007,png,0.1635
2008,png,0.1458
2009,png,0.1342
2010,png,0.1287
2011,png,0.1291
2012,png,0.1344
2013,png,0.1434
2014,png,0.1542
1990,pol,0.0433
1991,pol,0.0467
1992,pol,0.0485
1993,pol,0.049
1994,pol,0.0484
1995,pol,0.0469
1996,pol,0.0445
1997,pol,0.0425
1998,pol,0.040999999999999995
1999,pol,0.0399
2000,pol,0.0393
2001,pol,0.0391
2002,pol,0.0392
2003,pol,0.0394
2004,pol,0.0396
2005,pol,0.04
2006,pol,0.0401
2007,pol,0.0403
2008,pol,0.0403
2009,pol,0.0406
2010,pol,0.0408
2011,pol,0.0413
2012,pol,0.0418
2013,pol,0.0424
2014,pol,0.0428
1990,pry,0.0721
1991,pry,0.07200000000000001
1992,pry,0.0724
1993,pry,0.0748
1994,pry,0.0795
1995,pry,0.085
1996,pry,0.0905
1997,pry,0.0965
1998,pry,0.1029
1999,pry,0.1104
2000,pry,0.1183
2001,pry,0.1271
2002,pry,0.1372
2003,pry,0.1478
2004,pry,0.1594
2005,pry,0.1736
2006,pry,0.1877
2007,pry,0.2002
2008,pry,0.2114
2009,pry,0.2219
2010,pry,0.2322
2011,pry,0.2421
2012,pry,0.2543
2013,pry,0.2685
2014,pry,0.2849
1990,rwa,1.64
1991,rwa,1.81
1992,rwa,1.93
1993,rwa,1.96
1994,rwa,1.91
1995,rwa,1.79
1996,rwa,1.65
1997,rwa,1.48
1998,rwa,1.31
1999,rwa,1.14
2000,rwa,1.0
2001,rwa,0.8872
2002,rwa,0.8027
2003,rwa,0.7498
2004,rwa,0.7266
2005,rwa,0.73
2006,rwa,0.7555
2007,rwa,0.7998
2008,rwa,0.8545
2009,rwa,0.9085
2010,rwa,0.9554
2011,rwa,0.9909
2012,rwa,1.01
2013,rwa,1.02
2014,rwa,1.01
1990,sdn,0.0174
1991,sdn,0.0198
1992,sdn,0.0234
1993,sdn,0.0271
1994,sdn,0.0317
1995,sdn,0.0375
1996,sdn,0.0436
1997,sdn,0.0505
1998,sdn,0.0592
1999,sdn,0.0699
2000,sdn,0.08
2001,sdn,0.0907
2002,sdn,0.1018
2003,sdn,0.1106
2004,sdn,0.1175
2005,sdn,0.1217
2006,sdn,0.1249
2007,sdn,0.1277
2008,sdn,0.1298
2009,sdn,0.1309
2010,sdn,0.1331
2011,sdn,0.1344
2012,sdn,0.1353
2013,sdn,0.1358
2014,sdn,0.136
1990,sen,0.1962
1991,sen,0.2071
1992,sen,0.2265
1993,sen,0.2557
1994,sen,0.2951
1995,sen,0.3504
1996,sen,0.4163
1997,sen,0.4946
1998,sen,0.5799
1999,sen,0.6692
2000,sen,0.7479
2001,sen,0.8132
2002,sen,0.8479
2003,sen,0.8490000000000001
2004,sen,0.8163
2005,sen,0.7545
2006,sen,0.6695
2007,sen,0.5692
2008,sen,0.4648
2009,sen,0.3671
2010,sen,0.2838
2011,sen,0.2195
2012,sen,0.1725
2013,sen,0.1392
2014,sen,0.11699999999999999
1990,sle,0.0081
1991,sle,0.0149
1992,sle,0.0269
1993,sle,0.0459
1994,sle,0.0739
1995,sle,0.1135
1996,sle,0.1614
1997,sle,0.2157
1998,sle,0.2743
1999,sle,0.3325
2000,sle,0.3888
2001,sle,0.4361
2002,sle,0.4736
2003,sle,0.4983
2004,sle,0.5069
2005,sle,0.498
2006,sle,0.4722
2007,sle,0.4343
2008,sle,0.3914
2009,sle,0.3484
2010,sle,0.3098
2011,sle,0.2784
2012,sle,0.2555
2013,sle,0.2411
2014,sle,0.233
1990,slv,0.1749
1991,slv,0.1963
1992,slv,0.2194
1993,slv,0.2441
1994,slv,0.2704
1995,slv,0.2978
1996,slv,0.325
1997,slv,0.3511
1998,slv,0.3753
1999,slv,0.3964
2000,slv,0.4133
2001,slv,0.4251
2002,slv,0.431
2003,slv,0.4311
2004,slv,0.4257
2005,slv,0.4154
2006,slv,0.4008
2007,slv,0.3825
2008,slv,0.3614
2009,slv,0.3385
2010,slv,0.3149
2011,slv,0.2915
2012,slv,0.2687
2013,slv,0.247
2014,slv,0.2272
1990,som,0.0623
1991,som,0.0888
1992,som,0.1194
1993,som,0.1522
1994,som,0.1851
1995,som,0.2143
1996,som,0.2374
1997,som,0.2539
1998,som,0.2627
1999,som,0.2629
2000,som,0.2514
2001,som,0.2372
2002,som,0.2227
2003,som,0.2089
2004,som,0.1968
2005,som,0.1868
2006,som,0.1793
2007,som,0.1745
2008,som,0.1719
2009,som,0.1711
2010,som,0.1715
2011,som,0.17300000000000001
2012,som,0.175
2013,som,0.1775
2014,som,0.1803
1990,ssd,0.0793
1991,ssd,0.1305
1992,ssd,0.1984
1993,ssd,0.2727
1994,ssd,0.3472
1995,ssd,0.4214
1996,ssd,0.4901
1997,ssd,0.5529999999999999
1998,ssd,0.6101
1999,ssd,0.6585
2000,ssd,0.6993
2001,ssd,0.7266
2002,ssd,0.7425
2003,ssd,0.7482
2004,ssd,0.745
2005,ssd,0.7376
2006,ssd,0.7281
2007,ssd,0.7186
2008,ssd,0.7099
2009,ssd,0.7022
2010,ssd,0.6955
2011,ssd,0.6921
2012,ssd,0.6894
2013,ssd,0.6888
2014,ssd,0.6901
1990,stp,0.4509
1991,stp,1.17
1992,stp,1.52
1993,stp,1.6
1994,stp,1.53
1995,stp,1.45
1996,stp,1.4
1997,stp,1.37
1998,stp,1.34
1999,stp,1.35
2000,stp,1.33
2001,stp,1.31
2002,stp,1.27
2003,stp,1.21
2004,stp,1.12
2005,stp,1.01
2006,stp,0.8769
2007,stp,0.7409
2008,stp,0.6082
2009,stp,0.4879
2010,stp,0.3865
2011,stp,0.3063
2012,stp,0.2477
2013,stp,0.2086
2014,stp,0.1861
1990,sur,0.2479
1991,sur,0.3105
1992,sur,0.3657
1993,sur,0.4112
1994,sur,0.44299999999999995
1995,sur,0.4615
1996,sur,0.4932
1997,sur,0.5382
1998,sur,0.5959
1999,sur,0.6587
2000,sur,0.7182
2001,sur,0.7601
2002,sur,0.777
2003,sur,0.7687
2004,sur,0.7308
2005,sur,0.6753
2006,sur,0.6099
2007,sur,0.5418
2008,sur,0.4773
2009,sur,0.4213
2010,sur,0.3773
2011,sur,0.3466
2012,sur,0.3285
2013,sur,0.3197
2014,sur,0.3164
1990,svk,0.0009
1991,svk,0.0011
1992,svk,0.0015
1993,svk,0.0018
1994,svk,0.0022
1995,svk,0.0028
1996,svk,0.0033
1997,svk,0.0039
1998,svk,0.0044
1999,svk,0.0048
2000,svk,0.0051
2001,svk,0.0054
2002,svk,0.0056
2003,svk,0.0057
2004,svk,0.0057
2005,svk,0.0061
2006,svk,0.0069
2007,svk,0.0079
2008,svk,0.009000000000000001
2009,svk,0.0103
2010,svk,0.0117
2011,svk,0.0132
2012,svk,0.0147
2013,svk,0.0172
2014,svk,0.0185
1990,svn,0.0028
1991,svn,0.0036
1992,svn,0.0049
1993,svn,0.0064
1994,svn,0.0082
1995,svn,0.0103
1996,svn,0.0125
1997,svn,0.0149
1998,svn,0.0172
1999,svn,0.0193
2000,svn,0.021
2001,svn,0.0225
2002,svn,0.024
2003,svn,0.0254
2004,svn,0.0267
2005,svn,0.027999999999999997
2006,svn,0.0304
2007,svn,0.0338
2008,svn,0.0379
2009,svn,0.0426
2010,svn,0.0473
2011,svn,0.0525
2012,svn,0.0578
2013,svn,0.0629
2014,svn,0.0674
1990,swe,0.0798
1991,swe,0.0938
1992,swe,0.1046
1993,swe,0.1109
1994,swe,0.1123
1995,swe,0.1092
1996,swe,0.1034
1997,swe,0.0956
1998,swe,0.0868
1999,swe,0.0781
2000,swe,0.0701
2001,swe,0.063
2002,swe,0.0581
2003,swe,0.0553
2004,swe,0.0543
2005,swe,0.0553
2006,swe,0.0578
2007,swe,0.0614
2008,swe,0.0639
2009,swe,0.0665
2010,swe,0.0691
2011,swe,0.0715
2012,swe,0.0733
2013,swe,0.0745
2014,swe,0.075
1990,swz,1.28
1991,swz,2.23
1992,swz,3.49
1993,swz,4.89
1994,swz,6.28
1995,swz,7.47
1996,swz,8.26
1997,swz,8.67
1998,swz,8.76
1999,swz,8.6
2000,swz,8.31
2001,swz,8.01
2002,swz,7.74
2003,swz,7.51
2004,swz,7.35
2005,swz,7.25
2006,swz,7.18
2007,swz,7.14
2008,swz,7.13
2009,swz,7.15
2010,swz,7.33
2011,swz,7.38
2012,swz,7.37
2013,swz,7.29
2014,swz,7.16
1990,syr,0.0033
1991,syr,0.0034
1992,syr,0.0035
1993,syr,0.0036
1994,syr,0.0038
1995,syr,0.0039
1996,syr,0.0041
1997,syr,0.0042
1998,syr,0.0044
1999,syr,0.0045
2000,syr,0.0047
2001,syr,0.0048
2002,syr,0.0049
2003,syr,0.0051
2004,syr,0.0052
2005,syr,0.0053
2006,syr,0.0054
2007,syr,0.0055
2008,syr,0.0055
2009,syr,0.0056
2010,syr,0.0057
2011,syr,0.0057
2012,syr,0.0057
2013,syr,0.0057
2014,syr,0.0057
1990,tcd,0.506
1991,tcd,0.5452
1992,tcd,0.5845
1993,tcd,0.6357
1994,tcd,0.6968
1995,tcd,0.7718
1996,tcd,0.8269
1997,tcd,0.878
1998,tcd,0.9272
1999,tcd,0.9631
2000,tcd,0.9872
2001,tcd,0.9998
2002,tcd,0.9934
2003,tcd,0.9764
2004,tcd,0.9393
2005,tcd,0.8937
2006,tcd,0.8435
2007,tcd,0.7891
2008,tcd,0.7373
2009,tcd,0.6954
2010,tcd,0.6622
2011,tcd,0.6355
2012,tcd,0.6155
2013,tcd,0.6012
2014,tcd,0.5918
1990,tgo,0.4603
1991,tgo,0.5273
1992,tgo,0.5994
1993,tgo,0.6803
1994,tgo,0.7685
1995,tgo,0.8656
1996,tgo,0.9404
1997,tgo,0.9986
1998,tgo,1.04
1999,tgo,1.06
2000,tgo,1.05
2001,tgo,1.01
2002,tgo,0.9529
2003,tgo,0.8911
2004,tgo,0.8278
2005,tgo,0.7677
2006,tgo,0.7138
2007,tgo,0.6674
2008,tgo,0.6296
2009,tgo,0.6004
2010,tgo,0.5784
2011,tgo,0.5621
2012,tgo,0.5505
2013,tgo,0.542
2014,tgo,0.5338
1990,tha,2.05
1991,tha,2.98
1992,tha,3.39
1993,tha,3.44
1994,tha,3.21
1995,tha,2.82
1996,tha,2.35
1997,tha,1.87
1998,tha,1.43
1999,tha,1.04
2000,tha,0.7490000000000001
2001,tha,0.5526
2002,tha,0.4576
2003,tha,0.4204
2004,tha,0.4021
2005,tha,0.3906
2006,tha,0.3806
2007,tha,0.3715
2008,tha,0.3639
2009,tha,0.3565
2010,tha,0.3484
2011,tha,0.3403
2012,tha,0.3288
2013,tha,0.3174
2014,tha,0.3067
1990,tjk,0.004
1991,tjk,0.0062
1992,tjk,0.0101
1993,tjk,0.0157
1994,tjk,0.0232
1995,tjk,0.0332
1996,tjk,0.0433
1997,tjk,0.0549
1998,tjk,0.0651
1999,tjk,0.0724
2000,tjk,0.0764
2001,tjk,0.0761
2002,tjk,0.0749
2003,tjk,0.0734
2004,tjk,0.0735
2005,tjk,0.0745
2006,tjk,0.0786
2007,tjk,0.0835
2008,tjk,0.0886
2009,tjk,0.0949
2010,tjk,0.10099999999999999
2011,tjk,0.1063
2012,tjk,0.1103
2013,tjk,0.1123
2014,tjk,0.1127
1990,tun,0.0018
1991,tun,0.0022
1992,tun,0.0028
1993,tun,0.0036
1994,tun,0.0044
1995,tun,0.0051
1996,tun,0.0058
1997,tun,0.0064
1998,tun,0.006999999999999999
1999,tun,0.0077
2000,tun,0.0085
2001,tun,0.0093
2002,tun,0.0103
2003,tun,0.0114
2004,tun,0.0128
2005,tun,0.0144
2006,tun,0.0163
2007,tun,0.0183
2008,tun,0.0206
2009,tun,0.0229
2010,tun,0.0255
2011,tun,0.027999999999999997
2012,tun,0.0302
2013,tun,0.0321
2014,tun,0.0335
1990,tza,1.98
1991,tza,2.14
1992,tza,2.25
1993,tza,2.31
1994,tza,2.33
1995,tza,2.32
1996,tza,2.28
1997,tza,2.21
1998,tza,2.13
1999,tza,2.05
2000,tza,1.97
2001,tza,1.9
2002,tza,1.84
2003,tza,1.8
2004,tza,1.76
2005,tza,1.72
2006,tza,1.69
2007,tza,1.66
2008,tza,1.63
2009,tza,1.6
2010,tza,1.57
2011,tza,1.54
2012,tza,1.5
2013,tza,1.45
2014,tza,1.4
1990,uga,5.3
1991,uga,4.65
1992,uga,3.94
1993,uga,3.25
1994,uga,2.63
1995,uga,2.14
1996,uga,1.75
1997,uga,1.49
1998,uga,1.36
1999,uga,1.34
2000,uga,1.39
2001,uga,1.49
2002,uga,1.64
2003,uga,1.81
2004,uga,1.98
2005,uga,2.16
2006,uga,2.32
2007,uga,2.43
2008,uga,2.51
2009,uga,2.57
2010,uga,2.61
2011,uga,2.61
2012,uga,2.54
2013,uga,2.44
2014,uga,2.32
1990,unaap,0.051931
1991,unaap,0.077589
1992,unaap,0.094701
1993,unaap,0.109402
1994,unaap,0.127357
1995,unaap,0.1429
1996,unaap,0.154003
1997,unaap,0.160075
1998,unaap,0.161163
1999,unaap,0.159142
2000,unaap,0.155042
2001,unaap,0.148894
2002,unaap,0.14242
2003,unaap,0.13533599999999998
2004,unaap,0.12721400000000002
2005,unaap,0.11919600000000001
2006,unaap,0.111925
2007,unaap,0.10566600000000001
2008,unaap,0.09979600000000001
2009,unaap,0.096074
2010,unaap,0.093939
2011,unaap,0.093138
2012,unaap,0.094028
2013,unaap,0.094783
2014,unaap,0.096385
1990,unacar,0.393405
1991,unacar,0.479393
1992,unacar,0.55496
1993,unacar,0.6304609999999999
1994,unacar,0.69928
1995,unacar,0.7596689999999999
1996,unacar,0.800435
1997,unacar,0.82845
1998,unacar,0.831119
1999,unacar,0.809249
2000,unacar,0.7717149999999999
2001,unacar,0.719422
2002,unacar,0.6599729999999999
2003,unacar,0.599302
2004,unacar,0.543886
2005,unacar,0.4941
2006,unacar,0.456275
2007,unacar,0.429604
2008,unacar,0.411329
2009,unacar,0.40257800000000005
2010,unacar,0.40158699999999997
2011,unacar,0.40399999999999997
2012,unacar,0.40979799999999994
2013,unacar,0.416894
2014,unacar,0.423126
1990,unaeeca,0.02622
1991,unaeeca,0.036925
1992,unaeeca,0.04969
1993,unaeeca,0.065979
1994,unaeeca,0.084151
1995,unaeeca,0.102154
1996,unaeeca,0.129415
1997,unaeeca,0.154396
1998,unaeeca,0.172177
1999,unaeeca,0.184263
2000,unaeeca,0.19370199999999999
2001,unaeeca,0.203605
2002,unaeeca,0.20668000000000003
2003,unaeeca,0.207119
2004,unaeeca,0.20574299999999998
2005,unaeeca,0.204403
2006,unaeeca,0.199462
2007,unaeeca,0.195252
2008,unaeeca,0.19031700000000001
2009,unaeeca,0.18670599999999998
2010,unaeeca,0.18428699999999998
2011,unaeeca,0.18191
2012,unaeeca,0.17896700000000001
2013,unaeeca,0.175562
2014,unaeeca,0.1726
1990,unaesa,1.83979
1991,unaesa,2.06229
1992,unaesa,2.30151
1993,unaesa,2.54549
1994,unaesa,2.77668
1995,unaesa,2.965
1996,unaesa,3.06854
1997,unaesa,3.08623
1998,unaesa,3.0224599999999997
1999,unaesa,2.90237
2000,unaesa,2.74949
2001,unaesa,2.58683
2002,unaesa,2.43593
2003,unaesa,2.30537
2004,unaesa,2.1996900000000004
2005,unaesa,2.12106
2006,unaesa,2.06573
2007,unaesa,2.0259
2008,unaesa,1.9950900000000003
2009,unaesa,1.97615
2010,unaesa,1.96777
2011,unaesa,1.95469
2012,unaesa,1.9304
2013,unaesa,1.89537
2014,unaesa,1.85569
1990,unala,0.369043
1991,unala,0.356799
1992,unala,0.34124
1993,unala,0.326281
1994,unala,0.314817
1995,unala,0.309488
1996,unala,0.307137
1997,unala,0.305424
1998,unala,0.300906
1999,unala,0.29436799999999996
2000,unala,0.28685700000000003
2001,unala,0.278491
2002,unala,0.270392
2003,unala,0.26198499999999997
2004,unala,0.253117
2005,unala,0.24385500000000002
2006,unala,0.235614
2007,unala,0.229033
2008,unala,0.223827
2009,unala,0.219978
2010,unala,0.21708000000000002
2011,unala,0.215104
2012,unala,0.213716
2013,unala,0.213218
2014,unala,0.21340100000000004
1990,unamena,0.007943
1991,unamena,0.009578
1992,unamena,0.01151
1993,unamena,0.013586
1994,unamena,0.015759
1995,unamena,0.018197
1996,unamena,0.020793
1997,unamena,0.023719
1998,unamena,0.027199
1999,unamena,0.031148000000000002
2000,unamena,0.034825999999999996
2001,unamena,0.038084
2002,unamena,0.040772
2003,unamena,0.042608
2004,unamena,0.043927
2005,unamena,0.044943000000000004
2006,unamena,0.045757
2007,unamena,0.046585
2008,unamena,0.047320999999999995
2009,unamena,0.048223
2010,unamena,0.04941
2011,unamena,0.050629
2012,unamena,0.051738
2013,unamena,0.052773
2014,unamena,0.053696
1990,unassa,1.17864
1991,unassa,1.3102200000000002
1992,unassa,1.44872
1993,unassa,1.58802
1994,unassa,1.7208
1995,unassa,1.83339
1996,unassa,1.9003599999999998
1997,unassa,1.9211799999999999
1998,unassa,1.89651
1999,unassa,1.83824
2000,unassa,1.75859
2001,unassa,1.67071
2002,unassa,1.5852
2003,unassa,1.50857
2004,unassa,1.4434799999999999
2005,unassa,1.39149
2006,unassa,1.3512600000000001
2007,unassa,1.31942
2008,unassa,1.29345
2009,unassa,1.27506
2010,unassa,1.2637200000000002
2011,unassa,1.25132
2012,unassa,1.23394
2013,unassa,1.21115
2014,unassa,1.18583
1990,unawca,0.555984
1991,unawca,0.606254
1992,unawca,0.656734
1993,unawca,0.705923
1994,unawca,0.7547159999999999
1995,unawca,0.803054
1996,unawca,0.8374280000000001
1997,unawca,0.861341
1998,unawca,0.8728379999999999
1999,unawca,0.871983
2000,unawca,0.860691
2001,unawca,0.841939
2002,unawca,0.816418
2003,unawca,0.788941
2004,unawca,0.760447
2005,unawca,0.732237
2006,unawca,0.705213
2007,unawca,0.68007
2008,unawca,0.65782
2009,unawca,0.639057
2010,unawca,0.624005
2011,unawca,0.6112
2012,unawca,0.5993850000000001
2013,unawca,0.587357
2014,unawca,0.575129
1990,unawcena,0.237775
1991,unawcena,0.232902
1992,unawcena,0.223701
1993,unawcena,0.21159099999999997
1994,unawcena,0.200262
1995,unawcena,0.189392
1996,unawcena,0.18088900000000002
1997,unawcena,0.173644
1998,unawcena,0.16781300000000002
1999,unawcena,0.162685
2000,unawcena,0.15853
2001,unawcena,0.155411
2002,unawcena,0.154433
2003,unawcena,0.153449
2004,unawcena,0.152878
2005,unawcena,0.152732
2006,unawcena,0.152968
2007,unawcena,0.153523
2008,unawcena,0.154055
2009,unawcena,0.154641
2010,unawcena,0.15532100000000001
2011,unawcena,0.15599000000000002
2012,unawcena,0.15652
2013,unawcena,0.15676400000000001
2014,unawcena,0.15667
1990,ury,0.0813
1991,ury,0.1135
1992,ury,0.1504
1993,ury,0.1939
1994,ury,0.2234
1995,ury,0.2635
1996,ury,0.3134
1997,ury,0.3719
1998,ury,0.4352
1999,ury,0.5049
2000,ury,0.5815
2001,ury,0.6553
2002,ury,0.7143
2003,ury,0.7578
2004,ury,0.7797
2005,ury,0.778
2006,ury,0.7557
2007,ury,0.7168
2008,ury,0.6657
2009,ury,0.6076
2010,ury,0.5524
2011,ury,0.5046
2012,ury,0.4635
2013,ury,0.4285
2014,ury,0.3985
1990,uzb,0.0002
1991,uzb,0.0005
1992,uzb,0.0012
1993,uzb,0.0026
1994,uzb,0.0054
1995,uzb,0.0107
1996,uzb,0.0172
1997,uzb,0.0256
1998,uzb,0.0369
1999,uzb,0.0495
2000,uzb,0.0617
2001,uzb,0.0721
2002,uzb,0.0799
2003,uzb,0.0831
2004,uzb,0.0815
2005,uzb,0.076
2006,uzb,0.068
2007,uzb,0.0587
2008,uzb,0.0489
2009,uzb,0.0397
2010,uzb,0.0315
2011,uzb,0.0248
2012,uzb,0.0197
2013,uzb,0.0161
2014,uzb,0.0138
1990,ven,0.0171
1991,ven,0.0306
1992,ven,0.0526
1993,ven,0.0832
1994,ven,0.1192
1995,ven,0.1568
1996,ven,0.1964
1997,ven,0.2356
1998,ven,0.271
1999,ven,0.2999
2000,ven,0.3203
2001,ven,0.3328
2002,ven,0.3384
2003,ven,0.3378
2004,ven,0.3326
2005,ven,0.324
2006,ven,0.3134
2007,ven,0.3018
2008,ven,0.29
2009,ven,0.2783
2010,ven,0.2673
2011,ven,0.257
2012,ven,0.2475
2013,ven,0.2388
2014,ven,0.2312
1990,vnm,0.002
1991,vnm,0.0044
1992,vnm,0.0092
1993,vnm,0.019
1994,vnm,0.0383
1995,vnm,0.0743
1996,vnm,0.1335
1997,vnm,0.2112
1998,vnm,0.2895
1999,vnm,0.35200000000000004
2000,vnm,0.3932
2001,vnm,0.4181
2002,vnm,0.4232
2003,vnm,0.4228
2004,vnm,0.4149
2005,vnm,0.4018
2006,vnm,0.3823
2007,vnm,0.3565
2008,vnm,0.3376
2009,vnm,0.3265
2010,vnm,0.3191
2011,vnm,0.3106
2012,vnm,0.3009
2013,vnm,0.2866
2014,vnm,0.2714
1990,yem,0.022000000000000002
1991,yem,0.0241
1992,yem,0.0258
1993,yem,0.0272
1994,yem,0.0265
1995,yem,0.0259
1996,yem,0.0253
1997,yem,0.0249
1998,yem,0.0246
1999,yem,0.0245
2000,yem,0.0246
2001,yem,0.0249
2002,yem,0.0255
2003,yem,0.0262
2004,yem,0.0268
2005,yem,0.0273
2006,yem,0.0278
2007,yem,0.0281
2008,yem,0.0284
2009,yem,0.0287
2010,yem,0.028999999999999998
2011,yem,0.0292
2012,yem,0.0296
2013,yem,0.03
2014,yem,0.0305
1990,zaf,0.2599
1991,zaf,0.5388
1992,zaf,1.0
1993,zaf,1.68
1994,zaf,2.51
1995,zaf,3.41
1996,zaf,4.23
1997,zaf,4.88
1998,zaf,5.3
1999,zaf,5.49
2000,zaf,5.47
2001,zaf,5.32
2002,zaf,5.11
2003,zaf,4.89
2004,zaf,4.68
2005,zaf,4.49
2006,zaf,4.33
2007,zaf,4.21
2008,zaf,4.12
2009,zaf,4.08
2010,zaf,4.07
2011,zaf,4.06
2012,zaf,4.04
2013,zaf,4.0
2014,zaf,3.98
1990,zmb,5.05
1991,zmb,4.85
1992,zmb,4.69
1993,zmb,4.61
1994,zmb,4.59
1995,zmb,4.63
1996,zmb,4.66
1997,zmb,4.7
1998,zmb,4.73
1999,zmb,4.74
2000,zmb,4.73
2001,zmb,4.7
2002,zmb,4.64
2003,zmb,4.56
2004,zmb,4.45
2005,zmb,4.34
2006,zmb,4.21
2007,zmb,4.06
2008,zmb,3.91
2009,zmb,3.77
2010,zmb,3.69
2011,zmb,3.6
2012,zmb,3.5
2013,zmb,3.38
2014,zmb,3.26
1990,zwe,5.77
1991,zwe,7.17
1992,zwe,8.48
1993,zwe,9.57
1994,zwe,10.35
1995,zwe,10.8
1996,zwe,10.75
1997,zwe,10.34
1998,zwe,9.65
1999,zwe,8.8
2000,zwe,7.89
2001,zwe,7.03
2002,zwe,6.26
2003,zwe,5.65
2004,zwe,5.2
2005,zwe,4.9
2006,zwe,4.74
2007,zwe,4.67
2008,zwe,4.69
2009,zwe,4.75
2010,zwe,4.82
2011,zwe,4.87
2012,zwe,4.87
2013,zwe,4.83
2014,zwe,4.76
