year,area,people_living_with_hiv_males_adults_15_estimate
1990,03m49wld,4802460.0
1991,03m49wld,5643360.0
1992,03m49wld,6514040.0
1993,03m49wld,7432010.0
1994,03m49wld,8451890.0
1995,03m49wld,9479980.0
1996,03m49wld,10497900.0
1997,03m49wld,11453600.0
1998,03m49wld,12289600.0
1999,03m49wld,12989900.0
2000,03m49wld,13545700.0
2001,03m49wld,13975600.0
2002,03m49wld,14292300.0
2003,03m49wld,14518100.0
2004,03m49wld,14676500.0
2005,03m49wld,14808600.0
2006,03m49wld,14935800.0
2007,03m49wld,15087600.0
2008,03m49wld,15261000.0
2009,03m49wld,15478800.0
2010,03m49wld,15730900.0
2011,03m49wld,15996400.0
2012,03m49wld,16312600.0
2013,03m49wld,16604000.0
2014,03m49wld,16910800.0
1990,afg,276.0
1991,afg,378.0
1992,afg,501.0
1993,afg,621.0
1994,afg,719.0
1995,afg,802.0
1996,afg,871.0
1997,afg,940.0
1998,afg,1009.0
1999,afg,1088.0
2000,afg,1185.0
2001,afg,1298.0
2002,afg,1424.0
2003,afg,1561.0
2004,afg,1703.0
2005,afg,1840.0
2006,afg,1976.0
2007,afg,2121.0
2008,afg,2273.0
2009,afg,2435.0
2010,afg,2625.0
2011,afg,2837.0
2012,afg,3092.0
2013,afg,3370.0
2014,afg,3663.0
1990,ago,11540.0
1991,ago,13535.0
1992,ago,15933.0
1993,ago,18685.0
1994,ago,21783.0
1995,ago,25245.0
1996,ago,28993.0
1997,ago,33029.0
1998,ago,37309.0
1999,ago,41790.0
2000,ago,46360.0
2001,ago,51151.0
2002,ago,56004.0
2003,ago,60749.0
2004,ago,65386.0
2005,ago,69933.0
2006,ago,74362.0
2007,ago,79261.0
2008,ago,84151.0
2009,ago,89034.0
2010,ago,93856.0
2011,ago,98688.0
2012,ago,103427.0
2013,ago,108077.0
2014,ago,112608.0
1990,arg,13236.0
1991,arg,15722.0
1992,arg,18341.0
1993,arg,21091.0
1994,arg,23963.0
1995,arg,26906.0
1996,arg,29712.0
1997,arg,32568.0
1998,arg,35541.0
1999,arg,38712.0
2000,arg,41913.0
2001,arg,44878.0
2002,arg,48542.0
2003,arg,52370.0
2004,arg,55605.0
2005,arg,58717.0
2006,arg,61601.0
2007,arg,64955.0
2008,arg,68376.0
2009,arg,71914.0
2010,arg,75253.0
2011,arg,78306.0
2012,arg,80954.0
2013,arg,83889.0
2014,arg,86910.0
1990,arm,4.0
1991,arm,9.0
1992,arm,15.0
1993,arm,24.0
1994,arm,38.0
1995,arm,62.0
1996,arm,105.0
1997,arm,183.0
1998,arm,322.0
1999,arm,521.0
2000,arm,791.0
2001,arm,1135.0
2002,arm,1521.0
2003,arm,1879.0
2004,arm,2129.0
2005,arm,2320.0
2006,arm,2483.0
2007,arm,2622.0
2008,arm,2733.0
2009,arm,2812.0
2010,arm,2878.0
2011,arm,2933.0
2012,arm,2996.0
2013,arm,3086.0
2014,arm,3218.0
1990,aze,9.0
1991,aze,14.0
1992,aze,22.0
1993,aze,35.0
1994,aze,56.0
1995,aze,95.0
1996,aze,155.0
1997,aze,253.0
1998,aze,391.0
1999,aze,592.0
2000,aze,861.0
2001,aze,1182.0
2002,aze,1531.0
2003,aze,1892.0
2004,aze,2257.0
2005,aze,2617.0
2006,aze,2970.0
2007,aze,3321.0
2008,aze,3675.0
2009,aze,4030.0
2010,aze,4383.0
2011,aze,4727.0
2012,aze,5059.0
2013,aze,5395.0
2014,aze,5747.0
1990,bdi,21005.0
1991,bdi,25040.0
1992,bdi,29217.0
1993,bdi,33580.0
1994,bdi,37582.0
1995,bdi,41367.0
1996,bdi,44630.0
1997,bdi,47154.0
1998,bdi,48944.0
1999,bdi,50005.0
2000,bdi,50616.0
2001,bdi,50767.0
2002,bdi,50378.0
2003,bdi,49311.0
2004,bdi,47744.0
2005,bdi,45898.0
2006,bdi,43916.0
2007,bdi,41754.0
2008,bdi,39575.0
2009,bdi,37484.0
2010,bdi,35390.0
2011,bdi,33526.0
2012,bdi,31904.0
2013,bdi,30376.0
2014,bdi,28824.0
1990,ben,5540.0
1991,ben,6559.0
1992,ben,7779.0
1993,ben,9203.0
1994,ben,10790.0
1995,ben,12478.0
1996,ben,14167.0
1997,ben,15766.0
1998,ben,17153.0
1999,ben,18419.0
2000,ben,19521.0
2001,ben,20510.0
2002,ben,21355.0
2003,ben,22044.0
2004,ben,22556.0
2005,ben,22903.0
2006,ben,23097.0
2007,ben,23149.0
2008,ben,23290.0
2009,ben,24477.0
2010,ben,25575.0
2011,ben,27077.0
2012,ben,27935.0
2013,ben,28605.0
2014,ben,29049.0
1990,bfa,62104.0
1991,bfa,67467.0
1992,bfa,71500.0
1993,bfa,73670.0
1994,bfa,74298.0
1995,bfa,73563.0
1996,bfa,71614.0
1997,bfa,68705.0
1998,bfa,65098.0
1999,bfa,61074.0
2000,bfa,56881.0
2001,bfa,52717.0
2002,bfa,48748.0
2003,bfa,45111.0
2004,bfa,42086.0
2005,bfa,39771.0
2006,bfa,38243.0
2007,bfa,37386.0
2008,bfa,36845.0
2009,bfa,36659.0
2010,bfa,36910.0
2011,bfa,37389.0
2012,bfa,37821.0
2013,bfa,38017.0
2014,bfa,38036.0
1990,bgd,14.0
1991,bgd,23.0
1992,bgd,37.0
1993,bgd,56.0
1994,bgd,86.0
1995,bgd,126.0
1996,bgd,181.0
1997,bgd,264.0
1998,bgd,380.0
1999,bgd,549.0
2000,bgd,787.0
2001,bgd,1114.0
2002,bgd,1549.0
2003,bgd,2036.0
2004,bgd,2546.0
2005,bgd,3076.0
2006,bgd,3551.0
2007,bgd,4010.0
2008,bgd,4453.0
2009,bgd,4839.0
2010,bgd,5184.0
2011,bgd,5438.0
2012,bgd,5614.0
2013,bgd,5695.0
2014,bgd,5748.0
1990,blr,40.0
1991,blr,69.0
1992,blr,119.0
1993,blr,209.0
1994,blr,364.0
1995,blr,617.0
1996,blr,1008.0
1997,blr,1580.0
1998,blr,2349.0
1999,blr,3331.0
2000,blr,4480.0
2001,blr,5745.0
2002,blr,7063.0
2003,blr,8346.0
2004,blr,9513.0
2005,blr,10587.0
2006,blr,11604.0
2007,blr,12631.0
2008,blr,13590.0
2009,blr,14501.0
2010,blr,15437.0
2011,blr,16427.0
2012,blr,17434.0
2013,blr,18375.0
2014,blr,19320.0
1990,blz,1.0
1991,blz,3.0
1992,blz,7.0
1993,blz,17.0
1994,blz,39.0
1995,blz,85.0
1996,blz,181.0
1997,blz,355.0
1998,blz,591.0
1999,blz,835.0
2000,blz,1008.0
2001,blz,1102.0
2002,blz,1156.0
2003,blz,1193.0
2004,blz,1226.0
2005,blz,1248.0
2006,blz,1269.0
2007,blz,1285.0
2008,blz,1287.0
2009,blz,1287.0
2010,blz,1301.0
2011,blz,1318.0
2012,blz,1336.0
2013,blz,1357.0
2014,blz,1381.0
1990,bol,394.0
1991,bol,578.0
1992,bol,814.0
1993,bol,1114.0
1994,bol,1488.0
1995,bol,1922.0
1996,bol,2410.0
1997,bol,2931.0
1998,bol,3491.0
1999,bol,4044.0
2000,bol,4583.0
2001,bol,5151.0
2002,bol,5746.0
2003,bol,6439.0
2004,bol,7181.0
2005,bol,7732.0
2006,bol,8166.0
2007,bol,8657.0
2008,bol,9196.0
2009,bol,9775.0
2010,bol,10369.0
2011,bol,10884.0
2012,bol,11287.0
2013,bol,11672.0
2014,bol,12024.0
1990,bwa,21454.0
1991,bwa,30675.0
1992,bwa,41854.0
1993,bwa,54592.0
1994,bwa,68164.0
1995,bwa,81764.0
1996,bwa,94548.0
1997,bwa,105817.0
1998,bwa,115194.0
1999,bwa,122504.0
2000,bwa,127732.0
2001,bwa,131060.0
2002,bwa,132813.0
2003,bwa,133734.0
2004,bwa,134794.0
2005,bwa,136834.0
2006,bwa,139514.0
2007,bwa,142578.0
2008,bwa,145420.0
2009,bwa,148252.0
2010,bwa,150887.0
2011,bwa,153825.0
2012,bwa,157086.0
2013,bwa,159879.0
2014,bwa,162853.0
1990,caf,27404.0
1991,caf,34236.0
1992,caf,41765.0
1993,caf,49712.0
1994,caf,57664.0
1995,caf,64959.0
1996,caf,70939.0
1997,caf,75245.0
1998,caf,77714.0
1999,caf,78599.0
2000,caf,77957.0
2001,caf,76070.0
2002,caf,73293.0
2003,caf,70013.0
2004,caf,66556.0
2005,caf,63228.0
2006,caf,60189.0
2007,caf,57610.0
2008,caf,55730.0
2009,caf,54691.0
2010,caf,53719.0
2011,caf,52780.0
2012,caf,51828.0
2013,caf,50939.0
2014,caf,50285.0
1990,chl,9097.0
1991,chl,9779.0
1992,chl,10482.0
1993,chl,11197.0
1994,chl,11917.0
1995,chl,12644.0
1996,chl,13433.0
1997,chl,14248.0
1998,chl,15065.0
1999,chl,15878.0
2000,chl,16884.0
2001,chl,17841.0
2002,chl,18865.0
2003,chl,20076.0
2004,chl,21385.0
2005,chl,22717.0
2006,chl,24147.0
2007,chl,25583.0
2008,chl,27020.0
2009,chl,28443.0
2010,chl,29856.0
2011,chl,31221.0
2012,chl,32446.0
2013,chl,33715.0
2014,chl,35055.0
1990,civ,87496.0
1991,civ,103348.0
1992,civ,119815.0
1993,civ,136552.0
1994,civ,153088.0
1995,civ,168439.0
1996,civ,182249.0
1997,civ,193948.0
1998,civ,203035.0
1999,civ,208938.0
2000,civ,211571.0
2001,civ,211392.0
2002,civ,209199.0
2003,civ,205506.0
2004,civ,200617.0
2005,civ,195344.0
2006,civ,190598.0
2007,civ,186098.0
2008,civ,181787.0
2009,civ,178597.0
2010,civ,176801.0
2011,civ,174894.0
2012,civ,173444.0
2013,civ,172001.0
2014,civ,170708.0
1990,cmr,70399.0
1991,cmr,82924.0
1992,cmr,95954.0
1993,cmr,109279.0
1994,cmr,122580.0
1995,cmr,135600.0
1996,cmr,148009.0
1997,cmr,159462.0
1998,cmr,169769.0
1999,cmr,178810.0
2000,cmr,186528.0
2001,cmr,192921.0
2002,cmr,198057.0
2003,cmr,202109.0
2004,cmr,205554.0
2005,cmr,209934.0
2006,cmr,214526.0
2007,cmr,218633.0
2008,cmr,223847.0
2009,cmr,229690.0
2010,cmr,235392.0
2011,cmr,240313.0
2012,cmr,244517.0
2013,cmr,246602.0
2014,cmr,247769.0
1990,cod,136172.0
1991,cod,143323.0
1992,cod,150983.0
1993,cod,157229.0
1994,cod,161640.0
1995,cod,164260.0
1996,cod,165492.0
1997,cod,165834.0
1998,cod,165748.0
1999,cod,165445.0
2000,cod,165348.0
2001,cod,164994.0
2002,cod,164396.0
2003,cod,163571.0
2004,cod,162631.0
2005,cod,161936.0
2006,cod,161527.0
2007,cod,161617.0
2008,cod,161460.0
2009,cod,160939.0
2010,cod,161067.0
2011,cod,161217.0
2012,cod,160536.0
2013,cod,159630.0
2014,cod,158695.0
1990,cog,20669.0
1991,cog,23893.0
1992,cog,27030.0
1993,cog,29867.0
1994,cog,32466.0
1995,cog,34677.0
1996,cog,36465.0
1997,cog,37843.0
1998,cog,38760.0
1999,cog,39173.0
2000,cog,39116.0
2001,cog,38641.0
2002,cog,37809.0
2003,cog,36747.0
2004,cog,35505.0
2005,cog,34183.0
2006,cog,33101.0
2007,cog,32010.0
2008,cog,30990.0
2009,cog,30259.0
2010,cog,29690.0
2011,cog,29235.0
2012,cog,28721.0
2013,cog,28068.0
2014,cog,27344.0
1990,col,3562.0
1991,col,5058.0
1992,col,7041.0
1993,col,10093.0
1994,col,15447.0
1995,col,25301.0
1996,col,39727.0
1997,col,53448.0
1998,col,62568.0
1999,col,67159.0
2000,col,69568.0
2001,col,70995.0
2002,col,72123.0
2003,col,73065.0
2004,col,73873.0
2005,col,74569.0
2006,col,75205.0
2007,col,76604.0
2008,col,77642.0
2009,col,78052.0
2010,col,78345.0
2011,col,78921.0
2012,col,80338.0
2013,col,82113.0
2014,col,84404.0
1990,cpv,272.0
1991,cpv,335.0
1992,cpv,409.0
1993,cpv,490.0
1994,cpv,581.0
1995,cpv,675.0
1996,cpv,769.0
1997,cpv,861.0
1998,cpv,948.0
1999,cpv,1030.0
2000,cpv,1109.0
2001,cpv,1182.0
2002,cpv,1251.0
2003,cpv,1315.0
2004,cpv,1376.0
2005,cpv,1433.0
2006,cpv,1502.0
2007,cpv,1607.0
2008,cpv,1716.0
2009,cpv,1826.0
2010,cpv,1935.0
2011,cpv,2046.0
2012,cpv,2153.0
2013,cpv,2264.0
2014,cpv,2375.0
1990,cri,955.0
1991,cri,1045.0
1992,cri,1143.0
1993,cri,1248.0
1994,cri,1363.0
1995,cri,1488.0
1996,cri,1625.0
1997,cri,1772.0
1998,cri,1930.0
1999,cri,2099.0
2000,cri,2304.0
2001,cri,2578.0
2002,cri,2870.0
2003,cri,3178.0
2004,cri,3499.0
2005,cri,3826.0
2006,cri,4150.0
2007,cri,4458.0
2008,cri,4737.0
2009,cri,4985.0
2010,cri,5220.0
2011,cri,5587.0
2012,cri,5803.0
2013,cri,6020.0
2014,cri,6239.0
1990,cub,684.0
1991,cub,787.0
1992,cub,896.0
1993,cub,1011.0
1994,cub,1139.0
1995,cub,1271.0
1996,cub,1421.0
1997,cub,1584.0
1998,cub,1763.0
1999,cub,1959.0
2000,cub,2165.0
2001,cub,2425.0
2002,cub,2776.0
2003,cub,3246.0
2004,cub,3696.0
2005,cub,4198.0
2006,cub,4773.0
2007,cub,5432.0
2008,cub,6196.0
2009,cub,7088.0
2010,cub,8129.0
2011,cub,9212.0
2012,cub,10444.0
2013,cub,11869.0
2014,cub,13457.0
1990,dji,486.0
1991,dji,784.0
1992,dji,1185.0
1993,dji,1700.0
1994,dji,2308.0
1995,dji,2991.0
1996,dji,3687.0
1997,dji,4340.0
1998,dji,4902.0
1999,dji,5291.0
2000,dji,5523.0
2001,dji,5632.0
2002,dji,5620.0
2003,dji,5492.0
2004,dji,5285.0
2005,dji,5033.0
2006,dji,4777.0
2007,dji,4562.0
2008,dji,4381.0
2009,dji,4225.0
2010,dji,4092.0
2011,dji,3980.0
2012,dji,3895.0
2013,dji,3850.0
2014,dji,3823.0
1990,dnk,1575.0
1991,dnk,1636.0
1992,dnk,1695.0
1993,dnk,1752.0
1994,dnk,1806.0
1995,dnk,1859.0
1996,dnk,1908.0
1997,dnk,1976.0
1998,dnk,2115.0
1999,dnk,2266.0
2000,dnk,2415.0
2001,dnk,2559.0
2002,dnk,2698.0
2003,dnk,2834.0
2004,dnk,2971.0
2005,dnk,3109.0
2006,dnk,3245.0
2007,dnk,3383.0
2008,dnk,3519.0
2009,dnk,3663.0
2010,dnk,3810.0
2011,dnk,3961.0
2012,dnk,4114.0
2013,dnk,4269.0
2014,dnk,4422.0
1990,dom,6530.0
1991,dom,9538.0
1992,dom,13362.0
1993,dom,18065.0
1994,dom,23443.0
1995,dom,29326.0
1996,dom,35190.0
1997,dom,40632.0
1998,dom,45153.0
1999,dom,48560.0
2000,dom,50735.0
2001,dom,51668.0
2002,dom,51476.0
2003,dom,50379.0
2004,dom,48594.0
2005,dom,46450.0
2006,dom,44356.0
2007,dom,42431.0
2008,dom,40835.0
2009,dom,39458.0
2010,dom,38196.0
2011,dom,37028.0
2012,dom,36037.0
2013,dom,35278.0
2014,dom,34712.0
1990,dza,302.0
1991,dza,352.0
1992,dza,409.0
1993,dza,475.0
1994,dza,551.0
1995,dza,637.0
1996,dza,736.0
1997,dza,849.0
1998,dza,976.0
1999,dza,1118.0
2000,dza,1278.0
2001,dza,1454.0
2002,dza,1625.0
2003,dza,1798.0
2004,dza,1985.0
2005,dza,2235.0
2006,dza,2465.0
2007,dza,2812.0
2008,dza,3199.0
2009,dza,3550.0
2010,dza,3924.0
2011,dza,4331.0
2012,dza,4707.0
2013,dza,5111.0
2014,dza,5525.0
1990,ecu,3663.0
1991,ecu,5781.0
1992,ecu,8160.0
1993,ecu,10621.0
1994,ecu,13036.0
1995,ecu,15294.0
1996,ecu,16835.0
1997,ecu,17845.0
1998,ecu,18659.0
1999,ecu,19289.0
2000,ecu,19759.0
2001,ecu,20103.0
2002,ecu,20344.0
2003,ecu,20515.0
2004,ecu,20646.0
2005,ecu,20822.0
2006,ecu,21030.0
2007,ecu,21273.0
2008,ecu,21645.0
2009,ecu,22151.0
2010,ecu,22681.0
2011,ecu,23196.0
2012,ecu,23755.0
2013,ecu,24186.0
2014,ecu,24467.0
1990,egy,217.0
1991,egy,266.0
1992,egy,322.0
1993,egy,391.0
1994,egy,471.0
1995,egy,565.0
1996,egy,672.0
1997,egy,793.0
1998,egy,930.0
1999,egy,1081.0
2000,egy,1247.0
2001,egy,1429.0
2002,egy,1629.0
2003,egy,1843.0
2004,egy,2075.0
2005,egy,2325.0
2006,egy,2599.0
2007,egy,2936.0
2008,egy,3313.0
2009,egy,3691.0
2010,egy,4089.0
2011,egy,4519.0
2012,egy,4988.0
2013,egy,5522.0
2014,egy,6115.0
1990,eri,1620.0
1991,eri,2091.0
1992,eri,2527.0
1993,eri,2952.0
1994,eri,3330.0
1995,eri,3764.0
1996,eri,4217.0
1997,eri,4618.0
1998,eri,4993.0
1999,eri,5340.0
2000,eri,5652.0
2001,eri,5893.0
2002,eri,6026.0
2003,eri,6026.0
2004,eri,5888.0
2005,eri,5610.0
2006,eri,5353.0
2007,eri,5178.0
2008,eri,5064.0
2009,eri,4998.0
2010,eri,4959.0
2011,eri,4915.0
2012,eri,4895.0
2013,eri,4924.0
2014,eri,4970.0
1990,eth,113672.0
1991,eth,147004.0
1992,eth,185356.0
1993,eth,223759.0
1994,eth,262630.0
1995,eth,295032.0
1996,eth,323823.0
1997,eth,343926.0
1998,eth,354620.0
1999,eth,358546.0
2000,eth,354737.0
2001,eth,344914.0
2002,eth,330383.0
2003,eth,312372.0
2004,eth,292480.0
2005,eth,272655.0
2006,eth,254665.0
2007,eth,240872.0
2008,eth,232172.0
2009,eth,227320.0
2010,eth,225643.0
2011,eth,226617.0
2012,eth,229538.0
2013,eth,233263.0
2014,eth,236978.0
1990,fji,11.0
1991,fji,16.0
1992,fji,23.0
1993,fji,34.0
1994,fji,55.0
1995,fji,79.0
1996,fji,98.0
1997,fji,114.0
1998,fji,128.0
1999,fji,141.0
2000,fji,148.0
2001,fji,155.0
2002,fji,162.0
2003,fji,170.0
2004,fji,178.0
2005,fji,190.0
2006,fji,203.0
2007,fji,217.0
2008,fji,234.0
2009,fji,253.0
2010,fji,274.0
2011,fji,296.0
2012,fji,321.0
2013,fji,351.0
2014,fji,384.0
1990,gab,1884.0
1991,gab,2424.0
1992,gab,3083.0
1993,gab,3871.0
1994,gab,4790.0
1995,gab,5825.0
1996,gab,6945.0
1997,gab,8118.0
1998,gab,9292.0
1999,gab,10432.0
2000,gab,11445.0
2001,gab,12306.0
2002,gab,12999.0
2003,gab,13526.0
2004,gab,13899.0
2005,gab,14282.0
2006,gab,14716.0
2007,gab,14993.0
2008,gab,15081.0
2009,gab,15009.0
2010,gab,14913.0
2011,gab,14785.0
2012,gab,14699.0
2013,gab,14581.0
2014,gab,14540.0
1990,geo,165.0
1991,geo,225.0
1992,geo,283.0
1993,geo,346.0
1994,geo,405.0
1995,geo,455.0
1996,geo,515.0
1997,geo,588.0
1998,geo,679.0
1999,geo,784.0
2000,geo,906.0
2001,geo,1047.0
2002,geo,1205.0
2003,geo,1384.0
2004,geo,1586.0
2005,geo,1823.0
2006,geo,2098.0
2007,geo,2408.0
2008,geo,2743.0
2009,geo,3120.0
2010,geo,3520.0
2011,geo,3935.0
2012,geo,4356.0
2013,geo,4771.0
2014,geo,5181.0
1990,gha,44727.0
1991,gha,51112.0
1992,gha,57813.0
1993,gha,64713.0
1994,gha,71881.0
1995,gha,78422.0
1996,gha,84426.0
1997,gha,89490.0
1998,gha,93624.0
1999,gha,96548.0
2000,gha,98511.0
2001,gha,99534.0
2002,gha,99711.0
2003,gha,99176.0
2004,gha,98101.0
2005,gha,96741.0
2006,gha,95231.0
2007,gha,93778.0
2008,gha,92566.0
2009,gha,91776.0
2010,gha,91325.0
2011,gha,91245.0
2012,gha,91422.0
2013,gha,91430.0
2014,gha,91093.0
1990,gin,8562.0
1991,gin,11725.0
1992,gin,15487.0
1993,gin,19530.0
1994,gin,23448.0
1995,gin,26870.0
1996,gin,29614.0
1997,gin,31596.0
1998,gin,32857.0
1999,gin,33600.0
2000,gin,33930.0
2001,gin,33973.0
2002,gin,33856.0
2003,gin,33699.0
2004,gin,33571.0
2005,gin,33517.0
2006,gin,33694.0
2007,gin,34265.0
2008,gin,34866.0
2009,gin,35875.0
2010,gin,37305.0
2011,gin,38703.0
2012,gin,40067.0
2013,gin,41247.0
2014,gin,42151.0
1990,gmb,284.0
1991,gmb,399.0
1992,gmb,555.0
1993,gmb,748.0
1994,gmb,1005.0
1995,gmb,1326.0
1996,gmb,1705.0
1997,gmb,2154.0
1998,gmb,2664.0
1999,gmb,3216.0
2000,gmb,3781.0
2001,gmb,4333.0
2002,gmb,4846.0
2003,gmb,5298.0
2004,gmb,5716.0
2005,gmb,6073.0
2006,gmb,6361.0
2007,gmb,6566.0
2008,gmb,6708.0
2009,gmb,6803.0
2010,gmb,6860.0
2011,gmb,6927.0
2012,gmb,6966.0
2013,gmb,6983.0
2014,gmb,6973.0
1990,gnb,764.0
1991,gnb,985.0
1992,gnb,1262.0
1993,gnb,1606.0
1994,gnb,2019.0
1995,gnb,2517.0
1996,gnb,3102.0
1997,gnb,3778.0
1998,gnb,4562.0
1999,gnb,5441.0
2000,gnb,6390.0
2001,gnb,7397.0
2002,gnb,8407.0
2003,gnb,9410.0
2004,gnb,10352.0
2005,gnb,11202.0
2006,gnb,11954.0
2007,gnb,12633.0
2008,gnb,13257.0
2009,gnb,13878.0
2010,gnb,14376.0
2011,gnb,14747.0
2012,gnb,15041.0
2013,gnb,15222.0
2014,gnb,15262.0
1990,gnq,76.0
1991,gnq,104.0
1992,gnq,145.0
1993,gnq,201.0
1994,gnq,282.0
1995,gnq,394.0
1996,gnq,548.0
1997,gnq,758.0
1998,gnq,1036.0
1999,gnq,1398.0
2000,gnq,1867.0
2001,gnq,2453.0
2002,gnq,3162.0
2003,gnq,3990.0
2004,gnq,4919.0
2005,gnq,5927.0
2006,gnq,6982.0
2007,gnq,8034.0
2008,gnq,9079.0
2009,gnq,10051.0
2010,gnq,10943.0
2011,gnq,11627.0
2012,gnq,12146.0
2013,gnq,12510.0
2014,gnq,12669.0
1990,gtm,332.0
1991,gtm,555.0
1992,gtm,907.0
1993,gtm,1483.0
1994,gtm,2362.0
1995,gtm,3633.0
1996,gtm,5323.0
1997,gtm,7429.0
1998,gtm,9873.0
1999,gtm,12575.0
2000,gtm,15298.0
2001,gtm,17618.0
2002,gtm,19524.0
2003,gtm,21177.0
2004,gtm,22745.0
2005,gtm,23817.0
2006,gtm,24582.0
2007,gtm,25312.0
2008,gtm,26057.0
2009,gtm,26772.0
2010,gtm,27386.0
2011,gtm,27759.0
2012,gtm,27907.0
2013,gtm,28052.0
2014,gtm,28142.0
1990,guy,12.0
1991,guy,22.0
1992,guy,37.0
1993,guy,61.0
1994,guy,99.0
1995,guy,158.0
1996,guy,242.0
1997,guy,359.0
1998,guy,509.0
1999,guy,691.0
2000,guy,911.0
2001,guy,1141.0
2002,guy,1375.0
2003,guy,1596.0
2004,guy,1804.0
2005,guy,2000.0
2006,guy,2183.0
2007,guy,2349.0
2008,guy,2509.0
2009,guy,2673.0
2010,guy,2850.0
2011,guy,3055.0
2012,guy,3294.0
2013,guy,3573.0
2014,guy,3896.0
1990,hnd,10518.0
1991,hnd,12599.0
1992,hnd,14442.0
1993,hnd,16013.0
1994,hnd,17271.0
1995,hnd,18209.0
1996,hnd,18808.0
1997,hnd,19079.0
1998,hnd,19060.0
1999,hnd,18801.0
2000,hnd,18354.0
2001,hnd,17766.0
2002,hnd,17088.0
2003,hnd,16408.0
2004,hnd,15886.0
2005,hnd,15383.0
2006,hnd,14930.0
2007,hnd,14496.0
2008,hnd,14104.0
2009,hnd,13711.0
2010,hnd,13317.0
2011,hnd,12927.0
2012,hnd,12538.0
2013,hnd,12169.0
2014,hnd,11813.0
1990,hti,33565.0
1991,hti,39751.0
1992,hti,45731.0
1993,hti,51421.0
1994,hti,56441.0
1995,hti,60781.0
1996,hti,63462.0
1997,hti,65761.0
1998,hti,66847.0
1999,hti,66685.0
2000,hti,65890.0
2001,hti,64230.0
2002,hti,62127.0
2003,hti,59676.0
2004,hti,57338.0
2005,hti,54845.0
2006,hti,53033.0
2007,hti,52185.0
2008,hti,51750.0
2009,hti,51942.0
2010,hti,52451.0
2011,hti,52755.0
2012,hti,53141.0
2013,hti,53584.0
2014,hti,54211.0
1990,idn,81.0
1991,idn,160.0
1992,idn,319.0
1993,idn,676.0
1994,idn,1421.0
1995,idn,2862.0
1996,idn,5475.0
1997,idn,9447.0
1998,idn,14892.0
1999,idn,21859.0
2000,idn,31676.0
2001,idn,47256.0
2002,idn,73939.0
2003,idn,108681.0
2004,idn,142991.0
2005,idn,176597.0
2006,idn,210427.0
2007,idn,243992.0
2008,idn,271353.0
2009,idn,299643.0
2010,idn,325850.0
2011,idn,349304.0
2012,idn,370006.0
2013,idn,388753.0
2014,idn,405992.0
1990,irl,243.0
1991,irl,318.0
1992,irl,410.0
1993,irl,520.0
1994,irl,645.0
1995,irl,781.0
1996,irl,930.0
1997,irl,1107.0
1998,irl,1311.0
1999,irl,1542.0
2000,irl,1807.0
2001,irl,2084.0
2002,irl,2372.0
2003,irl,2664.0
2004,irl,2955.0
2005,irl,3237.0
2006,irl,3513.0
2007,irl,3786.0
2008,irl,4055.0
2009,irl,4321.0
2010,irl,4585.0
2011,irl,4849.0
2012,irl,5111.0
2013,irl,5368.0
2014,irl,5622.0
1990,irn,875.0
1991,irn,1039.0
1992,irn,1215.0
1993,irn,1424.0
1994,irn,1791.0
1995,irn,2434.0
1996,irn,3569.0
1997,irn,5431.0
1998,irn,8285.0
1999,irn,12253.0
2000,irn,16875.0
2001,irn,21717.0
2002,irn,26513.0
2003,irn,30883.0
2004,irn,34850.0
2005,irn,38516.0
2006,irn,41815.0
2007,irn,44990.0
2008,irn,47787.0
2009,irn,50777.0
2010,irn,53713.0
2011,irn,56486.0
2012,irn,59123.0
2013,irn,61697.0
2014,irn,64167.0
1990,jam,7892.0
1991,jam,10306.0
1992,jam,12009.0
1993,jam,13628.0
1994,jam,15138.0
1995,jam,16518.0
1996,jam,17743.0
1997,jam,18783.0
1998,jam,19623.0
1999,jam,20263.0
2000,jam,20690.0
2001,jam,20922.0
2002,jam,20983.0
2003,jam,20896.0
2004,jam,20573.0
2005,jam,20144.0
2006,jam,19813.0
2007,jam,19407.0
2008,jam,19036.0
2009,jam,18699.0
2010,jam,18437.0
2011,jam,18176.0
2012,jam,17945.0
2013,jam,17781.0
2014,jam,17609.0
1990,kaz,322.0
1991,kaz,373.0
1992,kaz,442.0
1993,kaz,548.0
1994,kaz,697.0
1995,kaz,901.0
1996,kaz,1172.0
1997,kaz,1509.0
1998,kaz,1919.0
1999,kaz,2585.0
2000,kaz,3413.0
2001,kaz,4317.0
2002,kaz,4972.0
2003,kaz,5530.0
2004,kaz,6041.0
2005,kaz,6449.0
2006,kaz,6866.0
2007,kaz,7303.0
2008,kaz,7774.0
2009,kaz,8293.0
2010,kaz,8902.0
2011,kaz,9584.0
2012,kaz,10373.0
2013,kaz,11307.0
2014,kaz,12420.0
1990,ken,291177.0
1991,ken,365234.0
1992,ken,442592.0
1993,ken,516913.0
1994,ken,580041.0
1995,ken,626354.0
1996,ken,653248.0
1997,ken,662052.0
1998,ken,655798.0
1999,ken,638425.0
2000,ken,614454.0
2001,ken,587441.0
2002,ken,558689.0
2003,ken,529758.0
2004,ken,502286.0
2005,ken,480854.0
2006,ken,467020.0
2007,ken,462624.0
2008,ken,460938.0
2009,ken,463799.0
2010,ken,472542.0
2011,ken,482392.0
2012,ken,491171.0
2013,ken,497470.0
2014,ken,502735.0
1990,kgz,27.0
1991,kgz,34.0
1992,kgz,44.0
1993,kgz,56.0
1994,kgz,72.0
1995,kgz,95.0
1996,kgz,127.0
1997,kgz,168.0
1998,kgz,225.0
1999,kgz,303.0
2000,kgz,405.0
2001,kgz,542.0
2002,kgz,708.0
2003,kgz,914.0
2004,kgz,1169.0
2005,kgz,1465.0
2006,kgz,2010.0
2007,kgz,2621.0
2008,kgz,3115.0
2009,kgz,3574.0
2010,kgz,3990.0
2011,kgz,4350.0
2012,kgz,4627.0
2013,kgz,4828.0
2014,kgz,5012.0
1990,khm,1080.0
1991,khm,3147.0
1992,khm,8945.0
1993,khm,19721.0
1994,khm,34108.0
1995,khm,48721.0
1996,khm,60486.0
1997,khm,67837.0
1998,khm,70444.0
1999,khm,70284.0
2000,khm,67811.0
2001,khm,63694.0
2002,khm,58801.0
2003,khm,53804.0
2004,khm,49239.0
2005,khm,45467.0
2006,khm,42783.0
2007,khm,41166.0
2008,khm,39708.0
2009,khm,38422.0
2010,khm,37142.0
2011,khm,35542.0
2012,khm,34307.0
2013,khm,33243.0
2014,khm,32304.0
1990,lao,2.0
1991,lao,5.0
1992,lao,12.0
1993,lao,23.0
1994,lao,47.0
1995,lao,80.0
1996,lao,132.0
1997,lao,221.0
1998,lao,383.0
1999,lao,639.0
2000,lao,1003.0
2001,lao,1402.0
2002,lao,1768.0
2003,lao,2143.0
2004,lao,2548.0
2005,lao,3012.0
2006,lao,3459.0
2007,lao,3877.0
2008,lao,4226.0
2009,lao,4515.0
2010,lao,4773.0
2011,lao,4975.0
2012,lao,5146.0
2013,lao,5318.0
2014,lao,5505.0
1990,lbn,422.0
1991,lbn,470.0
1992,lbn,521.0
1993,lbn,576.0
1994,lbn,635.0
1995,lbn,691.0
1996,lbn,742.0
1997,lbn,780.0
1998,lbn,813.0
1999,lbn,849.0
2000,lbn,888.0
2001,lbn,931.0
2002,lbn,975.0
2003,lbn,1020.0
2004,lbn,1066.0
2005,lbn,1109.0
2006,lbn,1150.0
2007,lbn,1191.0
2008,lbn,1233.0
2009,lbn,1278.0
2010,lbn,1329.0
2011,lbn,1384.0
2012,lbn,1440.0
2013,lbn,1498.0
2014,lbn,1562.0
1990,lbr,2171.0
1991,lbr,2845.0
1992,lbr,3622.0
1993,lbr,4545.0
1994,lbr,5647.0
1995,lbr,7002.0
1996,lbr,8606.0
1997,lbr,10352.0
1998,lbr,12066.0
1999,lbr,13485.0
2000,lbr,14330.0
2001,lbr,14919.0
2002,lbr,15123.0
2003,lbr,15136.0
2004,lbr,14994.0
2005,lbr,14800.0
2006,lbr,14538.0
2007,lbr,14309.0
2008,lbr,14007.0
2009,lbr,13638.0
2010,lbr,13217.0
2011,lbr,12869.0
2012,lbr,12597.0
2013,lbr,12370.0
2014,lbr,12107.0
1990,lka,65.0
1991,lka,84.0
1992,lka,104.0
1993,lka,139.0
1994,lka,181.0
1995,lka,225.0
1996,lka,270.0
1997,lka,320.0
1998,lka,374.0
1999,lka,433.0
2000,lka,498.0
2001,lka,547.0
2002,lka,600.0
2003,lka,669.0
2004,lka,756.0
2005,lka,872.0
2006,lka,1026.0
2007,lka,1193.0
2008,lka,1367.0
2009,lka,1511.0
2010,lka,1644.0
2011,lka,1783.0
2012,lka,1920.0
2013,lka,2062.0
2014,lka,2220.0
1990,lso,4714.0
1991,lso,8584.0
1992,lso,15206.0
1993,lso,25521.0
1994,lso,39341.0
1995,lso,54310.0
1996,lso,67355.0
1997,lso,76671.0
1998,lso,82308.0
1999,lso,85872.0
2000,lso,88501.0
2001,lso,90518.0
2002,lso,92217.0
2003,lso,93766.0
2004,lso,95300.0
2005,lso,96872.0
2006,lso,98976.0
2007,lso,101556.0
2008,lso,104502.0
2009,lso,107572.0
2010,lso,110669.0
2011,lso,113902.0
2012,lso,117070.0
2013,lso,119920.0
2014,lso,122569.0
1990,mar,632.0
1991,mar,809.0
1992,mar,1024.0
1993,mar,1285.0
1994,mar,1604.0
1995,mar,2000.0
1996,mar,2512.0
1997,mar,3178.0
1998,mar,4070.0
1999,mar,5203.0
2000,mar,6539.0
2001,mar,7972.0
2002,mar,9369.0
2003,mar,10702.0
2004,mar,12013.0
2005,mar,13207.0
2006,mar,14269.0
2007,mar,15153.0
2008,mar,15950.0
2009,mar,16701.0
2010,mar,17395.0
2011,mar,18007.0
2012,mar,18569.0
2013,mar,19101.0
2014,mar,19613.0
1990,mda,204.0
1991,mda,314.0
1992,mda,545.0
1993,mda,888.0
1994,mda,1287.0
1995,mda,1808.0
1996,mda,2442.0
1997,mda,3145.0
1998,mda,3854.0
1999,mda,4523.0
2000,mda,5120.0
2001,mda,5621.0
2002,mda,6044.0
2003,mda,6410.0
2004,mda,6732.0
2005,mda,7059.0
2006,mda,7392.0
2007,mda,7740.0
2008,mda,8109.0
2009,mda,8480.0
2010,mda,8847.0
2011,mda,9189.0
2012,mda,9486.0
2013,mda,9721.0
2014,mda,9899.0
1990,mdg,2925.0
1991,mdg,4495.0
1992,mdg,6421.0
1993,mdg,8585.0
1994,mdg,10881.0
1995,mdg,13154.0
1996,mdg,15242.0
1997,mdg,16973.0
1998,mdg,18392.0
1999,mdg,19521.0
2000,mdg,20353.0
2001,mdg,20920.0
2002,mdg,21252.0
2003,mdg,21389.0
2004,mdg,21370.0
2005,mdg,21219.0
2006,mdg,20960.0
2007,mdg,20625.0
2008,mdg,20246.0
2009,mdg,19875.0
2010,mdg,19533.0
2011,mdg,19240.0
2012,mdg,19018.0
2013,mdg,18861.0
2014,mdg,18813.0
1990,mex,259659.0
1991,mex,272169.0
1992,mex,280640.0
1993,mex,285802.0
1994,mex,288050.0
1995,mex,287749.0
1996,mex,284430.0
1997,mex,278881.0
1998,mex,270430.0
1999,mex,260359.0
2000,mex,249132.0
2001,mex,237317.0
2002,mex,225240.0
2003,mex,213407.0
2004,mex,202261.0
2005,mex,191555.0
2006,mex,181673.0
2007,mex,173307.0
2008,mex,166448.0
2009,mex,161118.0
2010,mex,157043.0
2011,mex,154045.0
2012,mex,151994.0
2013,mex,151092.0
2014,mex,150823.0
1990,mli,26605.0
1991,mli,30930.0
1992,mli,34455.0
1993,mli,37425.0
1994,mli,39395.0
1995,mli,40321.0
1996,mli,40425.0
1997,mli,39936.0
1998,mli,39049.0
1999,mli,37961.0
2000,mli,36869.0
2001,mli,35853.0
2002,mli,35007.0
2003,mli,34402.0
2004,mli,34126.0
2005,mli,34352.0
2006,mli,34823.0
2007,mli,35816.0
2008,mli,37214.0
2009,mli,38748.0
2010,mli,40546.0
2011,mli,42421.0
2012,mli,44148.0
2013,mli,45722.0
2014,mli,47201.0
1990,mmr,21392.0
1991,mmr,35896.0
1992,mmr,48478.0
1993,mmr,58872.0
1994,mmr,69842.0
1995,mmr,80746.0
1996,mmr,91450.0
1997,mmr,103738.0
1998,mmr,116101.0
1999,mmr,129895.0
2000,mmr,142954.0
2001,mmr,153351.0
2002,mmr,160594.0
2003,mmr,164307.0
2004,mmr,165157.0
2005,mmr,164405.0
2006,mmr,162113.0
2007,mmr,158981.0
2008,mmr,154801.0
2009,mmr,150394.0
2010,mmr,145927.0
2011,mmr,141311.0
2012,mmr,137291.0
2013,mmr,134160.0
2014,mmr,131874.0
1990,moz,47007.0
1991,moz,60435.0
1992,moz,77310.0
1993,moz,97482.0
1994,moz,120972.0
1995,moz,146362.0
1996,moz,174218.0
1997,moz,205096.0
1998,moz,237107.0
1999,moz,269633.0
2000,moz,303080.0
2001,moz,335039.0
2002,moz,364360.0
2003,moz,390343.0
2004,moz,413149.0
2005,moz,432887.0
2006,moz,450312.0
2007,moz,465905.0
2008,moz,481388.0
2009,moz,495887.0
2010,moz,507963.0
2011,moz,518665.0
2012,moz,529005.0
2013,moz,538991.0
2014,moz,551550.0
1990,mrt,719.0
1991,mrt,975.0
1992,mrt,1280.0
1993,mrt,1651.0
1994,mrt,2076.0
1995,mrt,2552.0
1996,mrt,3069.0
1997,mrt,3633.0
1998,mrt,4207.0
1999,mrt,4751.0
2000,mrt,5274.0
2001,mrt,5733.0
2002,mrt,6128.0
2003,mrt,6443.0
2004,mrt,6673.0
2005,mrt,6825.0
2006,mrt,6911.0
2007,mrt,6953.0
2008,mrt,6971.0
2009,mrt,6967.0
2010,mrt,6934.0
2011,mrt,6863.0
2012,mrt,6787.0
2013,mrt,6698.0
2014,mrt,6571.0
1990,mus,181.0
1991,mus,272.0
1992,mus,409.0
1993,mus,611.0
1994,mus,927.0
1995,mus,1381.0
1996,mus,1964.0
1997,mus,2669.0
1998,mus,3431.0
1999,mus,4162.0
2000,mus,4792.0
2001,mus,5296.0
2002,mus,5720.0
2003,mus,6059.0
2004,mus,6310.0
2005,mus,6478.0
2006,mus,6566.0
2007,mus,6586.0
2008,mus,6549.0
2009,mus,6464.0
2010,mus,6331.0
2011,mus,6172.0
2012,mus,6059.0
2013,mus,5906.0
2014,mus,5743.0
1990,mwi,170693.0
1991,mwi,202458.0
1992,mwi,231098.0
1993,mwi,257317.0
1994,mwi,280784.0
1995,mwi,303340.0
1996,mwi,323275.0
1997,mwi,340010.0
1998,mwi,353217.0
1999,mwi,362927.0
2000,mwi,369330.0
2001,mwi,372996.0
2002,mwi,374405.0
2003,mwi,373993.0
2004,mwi,372267.0
2005,mwi,370147.0
2006,mwi,368083.0
2007,mwi,366720.0
2008,mwi,366423.0
2009,mwi,367282.0
2010,mwi,369101.0
2011,mwi,371183.0
2012,mwi,372556.0
2013,mwi,373756.0
2014,mwi,374842.0
1990,mys,9501.0
1991,mys,29454.0
1992,mys,47491.0
1993,mys,58475.0
1994,mys,67238.0
1995,mys,75549.0
1996,mys,82537.0
1997,mys,87810.0
1998,mys,91767.0
1999,mys,94354.0
2000,mys,96038.0
2001,mys,97181.0
2002,mys,97961.0
2003,mys,98384.0
2004,mys,98485.0
2005,mys,98233.0
2006,mys,97242.0
2007,mys,95772.0
2008,mys,94077.0
2009,mys,92221.0
2010,mys,90203.0
2011,mys,87805.0
2012,mys,85098.0
2013,mys,82213.0
2014,mys,79768.0
1990,nam,5151.0
1991,nam,7929.0
1992,nam,11941.0
1993,nam,17389.0
1994,nam,24318.0
1995,nam,32469.0
1996,nam,41244.0
1997,nam,49902.0
1998,nam,57773.0
1999,nam,63996.0
2000,nam,68192.0
2001,nam,70550.0
2002,nam,71585.0
2003,nam,71680.0
2004,nam,71124.0
2005,nam,70388.0
2006,nam,70138.0
2007,nam,70752.0
2008,nam,71801.0
2009,nam,73712.0
2010,nam,76321.0
2011,nam,77655.0
2012,nam,111772.0
2013,nam,112561.0
2014,nam,113235.0
1990,ner,5238.0
1991,ner,6277.0
1992,ner,7726.0
1993,ner,9547.0
1994,ner,11818.0
1995,ner,14421.0
1996,ner,17294.0
1997,ner,20359.0
1998,ner,23362.0
1999,ner,26151.0
2000,ner,28512.0
2001,ner,30310.0
2002,ner,31471.0
2003,ner,31948.0
2004,ner,31738.0
2005,ner,30925.0
2006,ner,29662.0
2007,ner,28106.0
2008,ner,26428.0
2009,ner,24725.0
2010,ner,23320.0
2011,ner,21866.0
2012,ner,20527.0
2013,ner,19324.0
2014,ner,18163.0
1990,nga,264009.0
1991,nga,312264.0
1992,nga,367372.0
1993,nga,428868.0
1994,nga,496805.0
1995,nga,570952.0
1996,nga,650108.0
1997,nga,729871.0
1998,nga,806022.0
1999,nga,876082.0
2000,nga,938627.0
2001,nga,993456.0
2002,nga,1038800.0
2003,nga,1077560.0
2004,nga,1111410.0
2005,nga,1141710.0
2006,nga,1167310.0
2007,nga,1192030.0
2008,nga,1211030.0
2009,nga,1234200.0
2010,nga,1253500.0
2011,nga,1264770.0
2012,nga,1270990.0
2013,nga,1271070.0
2014,nga,1266320.0
1990,nic,2058.0
1991,nic,2314.0
1992,nic,2654.0
1993,nic,3047.0
1994,nic,3529.0
1995,nic,4071.0
1996,nic,4640.0
1997,nic,5203.0
1998,nic,5677.0
1999,nic,6011.0
2000,nic,6221.0
2001,nic,6309.0
2002,nic,6286.0
2003,nic,6182.0
2004,nic,6036.0
2005,nic,5878.0
2006,nic,5748.0
2007,nic,5679.0
2008,nic,5700.0
2009,nic,5764.0
2010,nic,5902.0
2011,nic,6084.0
2012,nic,6343.0
2013,nic,6666.0
2014,nic,7031.0
1990,nor,368.0
1991,nor,467.0
1992,nor,572.0
1993,nor,678.0
1994,nor,781.0
1995,nor,883.0
1996,nor,1002.0
1997,nor,1133.0
1998,nor,1272.0
1999,nor,1416.0
2000,nor,1563.0
2001,nor,1716.0
2002,nor,1869.0
2003,nor,2033.0
2004,nor,2209.0
2005,nor,2395.0
2006,nor,2588.0
2007,nor,2785.0
2008,nor,2984.0
2009,nor,3204.0
2010,nor,3394.0
2011,nor,3581.0
2012,nor,3767.0
2013,nor,3953.0
2014,nor,4139.0
1990,npl,13.0
1991,npl,44.0
1992,npl,113.0
1993,npl,308.0
1994,npl,722.0
1995,npl,1573.0
1996,npl,3345.0
1997,npl,6784.0
1998,npl,11996.0
1999,npl,17705.0
2000,npl,22851.0
2001,npl,27281.0
2002,npl,31042.0
2003,npl,34264.0
2004,npl,36437.0
2005,npl,37103.0
2006,npl,36249.0
2007,npl,35196.0
2008,npl,33812.0
2009,npl,32101.0
2010,npl,30463.0
2011,npl,28873.0
2012,npl,27312.0
2013,npl,25786.0
2014,npl,24436.0
1990,omn,355.0
1991,omn,365.0
1992,omn,384.0
1993,omn,404.0
1994,omn,422.0
1995,omn,445.0
1996,omn,477.0
1997,omn,510.0
1998,omn,539.0
1999,omn,573.0
2000,omn,620.0
2001,omn,684.0
2002,omn,755.0
2003,omn,820.0
2004,omn,893.0
2005,omn,972.0
2006,omn,1054.0
2007,omn,1142.0
2008,omn,1247.0
2009,omn,1326.0
2010,omn,1390.0
2011,omn,1459.0
2012,omn,1523.0
2013,omn,1588.0
2014,omn,1669.0
1990,pak,479.0
1991,pak,588.0
1992,pak,722.0
1993,pak,887.0
1994,pak,1087.0
1995,pak,1332.0
1996,pak,1638.0
1997,pak,2009.0
1998,pak,2471.0
1999,pak,3046.0
2000,pak,3752.0
2001,pak,4619.0
2002,pak,5698.0
2003,pak,7043.0
2004,pak,8713.0
2005,pak,10782.0
2006,pak,13324.0
2007,pak,16426.0
2008,pak,20231.0
2009,pak,24832.0
2010,pak,30339.0
2011,pak,36950.0
2012,pak,44910.0
2013,pak,54451.0
2014,pak,65823.0
1990,pan,2602.0
1991,pan,2887.0
1992,pan,3320.0
1993,pan,3980.0
1994,pan,5002.0
1995,pan,6405.0
1996,pan,8124.0
1997,pan,10006.0
1998,pan,11846.0
1999,pan,13509.0
2000,pan,14962.0
2001,pan,15826.0
2002,pan,16235.0
2003,pan,16265.0
2004,pan,15996.0
2005,pan,15524.0
2006,pan,14944.0
2007,pan,14335.0
2008,pan,13737.0
2009,pan,13207.0
2010,pan,12853.0
2011,pan,12540.0
2012,pan,12320.0
2013,pan,12270.0
2014,pan,12265.0
1990,per,47958.0
1991,per,48833.0
1992,per,49711.0
1993,per,50686.0
1994,per,51755.0
1995,per,52865.0
1996,per,53913.0
1997,per,54844.0
1998,per,55589.0
1999,per,56100.0
2000,per,56299.0
2001,per,56179.0
2002,per,55758.0
2003,per,55236.0
2004,per,54557.0
2005,per,53470.0
2006,per,52215.0
2007,per,51042.0
2008,per,49943.0
2009,per,48896.0
2010,per,48525.0
2011,per,48797.0
2012,per,48887.0
2013,per,48908.0
2014,per,48717.0
1990,phl,49.0
1991,phl,75.0
1992,phl,166.0
1993,phl,292.0
1994,phl,442.0
1995,phl,630.0
1996,phl,847.0
1997,phl,1092.0
1998,phl,1369.0
1999,phl,1629.0
2000,phl,1892.0
2001,phl,2176.0
2002,phl,2494.0
2003,phl,2873.0
2004,phl,3331.0
2005,phl,3912.0
2006,phl,4667.0
2007,phl,5734.0
2008,phl,7369.0
2009,phl,9883.0
2010,phl,13406.0
2011,phl,17106.0
2012,phl,21248.0
2013,phl,25762.0
2014,phl,31074.0
1990,png,687.0
1991,png,1102.0
1992,png,1686.0
1993,png,2457.0
1994,png,3401.0
1995,png,4509.0
1996,png,5747.0
1997,png,7057.0
1998,png,8398.0
1999,png,9724.0
2000,png,11064.0
2001,png,12151.0
2002,png,13002.0
2003,png,13532.0
2004,png,13787.0
2005,png,13804.0
2006,png,13675.0
2007,png,13561.0
2008,png,13567.0
2009,png,13580.0
2010,png,13551.0
2011,png,13490.0
2012,png,13490.0
2013,png,13648.0
2014,png,13977.0
1990,pry,1130.0
1991,pry,1229.0
1992,pry,1333.0
1993,pry,1461.0
1994,pry,1616.0
1995,pry,1785.0
1996,pry,1960.0
1997,pry,2148.0
1998,pry,2348.0
1999,pry,2573.0
2000,pry,2813.0
2001,pry,3080.0
2002,pry,3383.0
2003,pry,3712.0
2004,pry,4078.0
2005,pry,4521.0
2006,pry,5074.0
2007,pry,5667.0
2008,pry,6298.0
2009,pry,6973.0
2010,pry,7679.0
2011,pry,8406.0
2012,pry,9175.0
2013,pry,9998.0
2014,pry,10903.0
1990,rwa,53106.0
1991,rwa,59341.0
1992,rwa,63520.0
1993,rwa,66774.0
1994,rwa,70815.0
1995,rwa,76618.0
1996,rwa,83665.0
1997,rwa,90363.0
1998,rwa,94810.0
1999,rwa,96106.0
2000,rwa,93083.0
2001,rwa,89102.0
2002,rwa,84447.0
2003,rwa,79628.0
2004,rwa,74930.0
2005,rwa,71272.0
2006,rwa,69079.0
2007,rwa,68179.0
2008,rwa,67757.0
2009,rwa,67716.0
2010,rwa,68232.0
2011,rwa,69163.0
2012,rwa,70434.0
2013,rwa,71916.0
2014,rwa,73432.0
1990,sdn,1103.0
1991,sdn,1354.0
1992,sdn,1692.0
1993,sdn,2070.0
1994,sdn,2524.0
1995,sdn,3083.0
1996,sdn,3695.0
1997,sdn,4404.0
1998,sdn,5294.0
1999,sdn,6394.0
2000,sdn,7567.0
2001,sdn,8895.0
2002,sdn,10376.0
2003,sdn,11819.0
2004,sdn,13227.0
2005,sdn,14533.0
2006,sdn,15816.0
2007,sdn,17114.0
2008,sdn,18399.0
2009,sdn,19773.0
2010,sdn,21251.0
2011,sdn,22576.0
2012,sdn,23775.0
2013,sdn,24860.0
2014,sdn,25938.0
1990,sen,5370.0
1991,sen,5950.0
1992,sen,6692.0
1993,sen,7643.0
1994,sen,8832.0
1995,sen,10369.0
1996,sen,12269.0
1997,sen,14604.0
1998,sen,17338.0
1999,sen,20465.0
2000,sen,23735.0
2001,sen,27041.0
2002,sen,29948.0
2003,sen,32225.0
2004,sen,33706.0
2005,sen,34318.0
2006,sen,34080.0
2007,sen,33163.0
2008,sen,32223.0
2009,sen,30955.0
2010,sen,29456.0
2011,sen,27878.0
2012,sen,26282.0
2013,sen,24636.0
2014,sen,23097.0
1990,sle,132.0
1991,sle,248.0
1992,sle,450.0
1993,sle,775.0
1994,sle,1266.0
1995,sle,1978.0
1996,sle,2921.0
1997,sle,4100.0
1998,sle,5530.0
1999,sle,7188.0
2000,sle,9136.0
2001,sle,11264.0
2002,sle,13502.0
2003,sle,15688.0
2004,sle,17630.0
2005,sle,19084.0
2006,sle,20126.0
2007,sle,20778.0
2008,sle,21097.0
2009,sle,21218.0
2010,sle,21217.0
2011,sle,21108.0
2012,sle,20980.0
2013,sle,20783.0
2014,sle,20432.0
1990,slv,3045.0
1991,slv,3511.0
1992,slv,4031.0
1993,slv,4601.0
1994,slv,5211.0
1995,slv,5844.0
1996,slv,6492.0
1997,slv,7146.0
1998,slv,7795.0
1999,slv,8420.0
2000,slv,9010.0
2001,slv,9545.0
2002,slv,10030.0
2003,slv,10473.0
2004,slv,10900.0
2005,slv,11368.0
2006,slv,11799.0
2007,slv,12150.0
2008,slv,12441.0
2009,slv,12694.0
2010,slv,12925.0
2011,slv,13125.0
2012,slv,13245.0
2013,slv,13248.0
2014,slv,13180.0
1990,som,1703.0
1991,som,2467.0
1992,som,3392.0
1993,som,4460.0
1994,som,5663.0
1995,som,6993.0
1996,som,8379.0
1997,som,9751.0
1998,som,11025.0
1999,som,12121.0
2000,som,12864.0
2001,som,13418.0
2002,som,13814.0
2003,som,14066.0
2004,som,14207.0
2005,som,14248.0
2006,som,14238.0
2007,som,14208.0
2008,som,14182.0
2009,som,14187.0
2010,som,14227.0
2011,som,14294.0
2012,som,14369.0
2013,som,14473.0
2014,som,14589.0
1990,ssd,1872.0
1991,ssd,3053.0
1992,ssd,4645.0
1993,ssd,6517.0
1994,ssd,8662.0
1995,ssd,11223.0
1996,ssd,14238.0
1997,ssd,17663.0
1998,ssd,21398.0
1999,ssd,25356.0
2000,ssd,29327.0
2001,ssd,33260.0
2002,ssd,37106.0
2003,ssd,40817.0
2004,ssd,44347.0
2005,ssd,47802.0
2006,ssd,51108.0
2007,ssd,54248.0
2008,ssd,57222.0
2009,ssd,60059.0
2010,ssd,62894.0
2011,ssd,65612.0
2012,ssd,68137.0
2013,ssd,70490.0
2014,ssd,72662.0
1990,stp,118.0
1991,stp,310.0
1992,stp,436.0
1993,stp,511.0
1994,stp,551.0
1995,stp,585.0
1996,stp,622.0
1997,stp,662.0
1998,stp,706.0
1999,stp,757.0
2000,stp,805.0
2001,stp,847.0
2002,stp,875.0
2003,stp,891.0
2004,stp,894.0
2005,stp,885.0
2006,stp,867.0
2007,stp,839.0
2008,stp,802.0
2009,stp,761.0
2010,stp,720.0
2011,stp,677.0
2012,stp,637.0
2013,stp,601.0
2014,stp,568.0
1990,sur,315.0
1991,sur,416.0
1992,sur,519.0
1993,sur,623.0
1994,sur,722.0
1995,sur,815.0
1996,sur,934.0
1997,sur,1077.0
1998,sur,1242.0
1999,sur,1417.0
2000,sur,1590.0
2001,sur,1741.0
2002,sur,1857.0
2003,sur,1941.0
2004,sur,1992.0
2005,sur,2018.0
2006,sur,2030.0
2007,sur,2027.0
2008,sur,2023.0
2009,sur,2017.0
2010,sur,2010.0
2011,sur,1999.0
2012,sur,1990.0
2013,sur,1980.0
2014,sur,1972.0
1990,svn,19.0
1991,svn,25.0
1992,svn,34.0
1993,svn,45.0
1994,svn,58.0
1995,svn,74.0
1996,svn,92.0
1997,svn,113.0
1998,svn,136.0
1999,svn,159.0
2000,svn,182.0
2001,svn,205.0
2002,svn,230.0
2003,svn,256.0
2004,svn,283.0
2005,svn,312.0
2006,svn,348.0
2007,svn,391.0
2008,svn,440.0
2009,svn,495.0
2010,svn,549.0
2011,svn,609.0
2012,svn,672.0
2013,svn,739.0
2014,svn,806.0
1990,swz,3271.0
1991,swz,6098.0
1992,swz,10250.0
1993,swz,15569.0
1994,swz,21703.0
1995,swz,28109.0
1996,swz,34311.0
1997,swz,39961.0
1998,swz,44803.0
1999,swz,48741.0
2000,swz,51857.0
2001,swz,54332.0
2002,swz,56305.0
2003,swz,57898.0
2004,swz,59209.0
2005,swz,60477.0
2006,swz,62076.0
2007,swz,64143.0
2008,swz,66200.0
2009,swz,68353.0
2010,swz,70860.0
2011,swz,73126.0
2012,swz,75336.0
2013,swz,77521.0
2014,swz,79553.0
1990,syr,164.0
1991,syr,178.0
1992,syr,193.0
1993,syr,210.0
1994,syr,227.0
1995,syr,246.0
1996,syr,265.0
1997,syr,286.0
1998,syr,307.0
1999,syr,329.0
2000,syr,350.0
2001,syr,371.0
2002,syr,392.0
2003,syr,414.0
2004,syr,439.0
2005,syr,470.0
2006,syr,506.0
2007,syr,545.0
2008,syr,582.0
2009,syr,614.0
2010,syr,638.0
2011,syr,655.0
2012,syr,670.0
2013,syr,689.0
2014,syr,715.0
1990,tcd,18110.0
1991,tcd,20980.0
1992,tcd,23979.0
1993,tcd,27331.0
1994,tcd,30997.0
1995,tcd,35075.0
1996,tcd,39419.0
1997,tcd,43993.0
1998,tcd,48841.0
1999,tcd,53639.0
2000,tcd,58335.0
2001,tcd,62844.0
2002,tcd,66846.0
2003,tcd,70364.0
2004,tcd,72881.0
2005,tcd,74598.0
2006,tcd,75710.0
2007,tcd,76428.0
2008,tcd,76740.0
2009,tcd,77689.0
2010,tcd,78272.0
2011,tcd,78262.0
2012,tcd,77739.0
2013,tcd,77107.0
2014,tcd,76643.0
1990,tgo,9849.0
1991,tgo,11768.0
1992,tgo,13923.0
1993,tgo,16378.0
1994,tgo,19142.0
1995,tgo,22244.0
1996,tgo,25564.0
1997,tgo,28979.0
1998,tgo,32380.0
1999,tgo,35480.0
2000,tgo,38041.0
2001,tgo,39977.0
2002,tgo,41370.0
2003,tgo,42254.0
2004,tgo,42790.0
2005,tgo,43066.0
2006,tgo,43333.0
2007,tgo,43306.0
2008,tgo,42975.0
2009,tgo,42604.0
2010,tgo,42384.0
2011,tgo,42472.0
2012,tgo,42546.0
2013,tgo,42403.0
2014,tgo,41887.0
1990,tha,214877.0
1991,tha,338353.0
1992,tha,424712.0
1993,tha,488757.0
1994,tha,533952.0
1995,tha,559112.0
1996,tha,564994.0
1997,tha,555225.0
1998,tha,537524.0
1999,tha,518382.0
2000,tha,499304.0
2001,tha,476999.0
2002,tha,447906.0
2003,tha,414252.0
2004,tha,382995.0
2005,tha,357373.0
2006,tha,338336.0
2007,tha,322265.0
2008,tha,307987.0
2009,tha,295293.0
2010,tha,284084.0
2011,tha,274878.0
2012,tha,266000.0
2013,tha,257237.0
2014,tha,249187.0
1990,tjk,126.0
1991,tjk,203.0
1992,tjk,338.0
1993,tjk,543.0
1994,tjk,834.0
1995,tjk,1243.0
1996,tjk,1733.0
1997,tjk,2345.0
1998,tjk,3004.0
1999,tjk,3647.0
2000,tjk,4224.0
2001,tjk,4659.0
2002,tjk,5021.0
2003,tjk,5311.0
2004,tjk,5600.0
2005,tjk,5871.0
2006,tjk,6200.0
2007,tjk,6545.0
2008,tjk,6898.0
2009,tjk,7299.0
2010,tjk,7724.0
2011,tjk,8150.0
2012,tjk,8594.0
2013,tjk,8994.0
2014,tjk,9360.0
1990,tun,50.0
1991,tun,63.0
1992,tun,82.0
1993,tun,108.0
1994,tun,137.0
1995,tun,167.0
1996,tun,197.0
1997,tun,229.0
1998,tun,263.0
1999,tun,301.0
2000,tun,342.0
2001,tun,389.0
2002,tun,446.0
2003,tun,513.0
2004,tun,591.0
2005,tun,681.0
2006,tun,784.0
2007,tun,901.0
2008,tun,1031.0
2009,tun,1174.0
2010,tun,1330.0
2011,tun,1487.0
2012,tun,1642.0
2013,tun,1791.0
2014,tun,1927.0
1990,tza,257623.0
1991,tza,301815.0
1992,tza,345217.0
1993,tza,385821.0
1994,tza,421951.0
1995,tza,452427.0
1996,tza,477452.0
1997,tza,497254.0
1998,tza,512336.0
1999,tza,523149.0
2000,tza,530691.0
2001,tza,535207.0
2002,tza,537222.0
2003,tza,537239.0
2004,tza,535655.0
2005,tza,532872.0
2006,tza,530633.0
2007,tza,531931.0
2008,tza,538568.0
2009,tza,544430.0
2010,tza,549796.0
2011,tza,552906.0
2012,tza,551102.0
2013,tza,551352.0
2014,tza,551867.0
1990,uga,520362.0
1991,uga,534093.0
1992,uga,534321.0
1993,uga,523210.0
1994,uga,503377.0
1995,uga,478835.0
1996,uga,451458.0
1997,uga,424290.0
1998,uga,399102.0
1999,uga,377343.0
2000,uga,359420.0
2001,uga,345764.0
2002,uga,337976.0
2003,uga,335772.0
2004,uga,339303.0
2005,uga,351734.0
2006,uga,370776.0
2007,uga,389007.0
2008,uga,409455.0
2009,uga,435281.0
2010,uga,464934.0
2011,uga,494561.0
2012,uga,521546.0
2013,uga,545193.0
2014,uga,568223.0
1990,unaap,371700.0
1991,unaap,583178.0
1992,unaap,784651.0
1993,unaap,996733.0
1994,unaap,1281660.0
1995,unaap,1574600.0
1996,unaap,1861650.0
1997,unaap,2128810.0
1998,unaap,2366830.0
1999,unaap,2568970.0
2000,unaap,2727650.0
2001,unaap,2841780.0
2002,unaap,2914610.0
2003,unaap,2954030.0
2004,unaap,2966080.0
2005,unaap,2960340.0
2006,unaap,2948330.0
2007,unaap,2933420.0
2008,unaap,2917370.0
2009,unaap,2912180.0
2010,unaap,2919980.0
2011,unaap,2938960.0
2012,unaap,2970490.0
2013,unaap,3004560.0
2014,unaap,3053310.0
1990,unacar,50152.0
1991,unacar,62265.0
1992,unacar,74358.0
1993,unacar,87028.0
1994,unacar,99654.0
1995,unacar,111999.0
1996,unacar,122529.0
1997,unacar,132055.0
1998,unacar,139215.0
1999,unacar,143782.0
2000,unacar,146238.0
2001,unacar,146392.0
2002,unacar,144846.0
2003,unacar,141989.0
2004,unacar,138320.0
2005,unacar,134066.0
2006,unacar,130686.0
2007,unacar,128420.0
2008,unacar,127005.0
2009,unacar,126554.0
2010,unacar,126737.0
2011,unacar,126792.0
2012,unacar,127218.0
2013,unacar,128159.0
2014,unacar,129699.0
1990,unaeeca,32713.0
1991,unaeeca,51946.0
1992,unaeeca,74613.0
1993,unaeeca,101658.0
1994,unaeeca,132452.0
1995,unaeeca,166001.0
1996,unaeeca,207577.0
1997,unaeeca,254107.0
1998,unaeeca,301947.0
1999,unaeeca,349361.0
2000,unaeeca,398296.0
2001,unaeeca,452636.0
2002,unaeeca,499857.0
2003,unaeeca,544996.0
2004,unaeeca,586093.0
2005,unaeeca,625589.0
2006,unaeeca,656483.0
2007,unaeeca,687523.0
2008,unaeeca,717173.0
2009,unaeeca,748259.0
2010,unaeeca,779239.0
2011,unaeeca,807080.0
2012,unaeeca,832926.0
2013,unaeeca,864255.0
2014,unaeeca,897341.0
1990,unaesa,2075430.0
1991,unaesa,2461560.0
1992,unaesa,2891600.0
1993,unaesa,3361860.0
1994,unaesa,3860520.0
1995,unaesa,4360740.0
1996,unaesa,4832360.0
1997,unaesa,5248680.0
1998,unaesa,5589290.0
1999,unaesa,5851300.0
2000,unaesa,6033410.0
2001,unaesa,6149990.0
2002,unaesa,6219060.0
2003,unaesa,6250960.0
2004,unaesa,6259750.0
2005,unaesa,6270010.0
2006,unaesa,6293740.0
2007,unaesa,6342080.0
2008,unaesa,6418520.0
2009,unaesa,6516190.0
2010,unaesa,6632960.0
2011,unaesa,6762390.0
2012,unaesa,6939470.0
2013,unaesa,7092670.0
2014,unaesa,7250900.0
1990,unala,569196.0
1991,unala,604344.0
1992,unala,634382.0
1993,unala,661783.0
1994,unala,688523.0
1995,unala,717348.0
1996,unala,749490.0
1997,unala,780925.0
1998,unala,807148.0
1999,unala,829560.0
2000,unala,848136.0
2001,unala,863859.0
2002,unala,879124.0
2003,unala,893939.0
2004,unala,908291.0
2005,unala,920893.0
2006,unala,933946.0
2007,unala,949938.0
2008,unala,967682.0
2009,unala,986898.0
2010,unala,1008220.0
2011,unala,1031710.0
2012,unala,1056350.0
2013,unala,1082520.0
2014,unala,1109610.0
1990,unamena,7029.0
1991,unamena,9016.0
1992,unamena,11445.0
1993,unamena,14294.0
1994,unamena,17632.0
1995,unamena,21655.0
1996,unamena,26437.0
1997,unamena,32157.0
1998,unamena,39108.0
1999,unamena,47318.0
2000,unamena,56003.0
2001,unamena,64916.0
2002,unamena,73663.0
2003,unamena,81655.0
2004,unamena,89048.0
2005,unamena,95881.0
2006,unamena,102171.0
2007,unamena,108402.0
2008,unamena,114323.0
2009,unamena,120507.0
2010,unamena,126792.0
2011,unamena,132812.0
2012,unamena,138556.0
2013,unamena,144265.0
2014,unamena,149976.0
1990,unassa,2895100.0
1991,unassa,3407980.0
1992,unassa,3974330.0
1993,unassa,4586780.0
1994,unassa,5231170.0
1995,unassa,5877610.0
1996,unassa,6493330.0
1997,unassa,7045880.0
1998,unassa,7509990.0
1999,unassa,7879380.0
2000,unassa,8151640.0
2001,unassa,8341430.0
2002,unassa,8465600.0
2003,unassa,8538700.0
2004,unassa,8577780.0
2005,unassa,8612940.0
2006,unassa,8656730.0
2007,unassa,8723940.0
2008,unassa,8814810.0
2009,unassa,8935710.0
2010,unassa,9074720.0
2011,unassa,9218090.0
2012,unassa,9401910.0
2013,unassa,9551860.0
2014,unassa,9699670.0
1990,unawca,819679.0
1991,unawca,946421.0
1992,unawca,1082730.0
1993,unawca,1224930.0
1994,unawca,1370640.0
1995,unawca,1516870.0
1996,unawca,1660970.0
1997,unawca,1797200.0
1998,unawca,1920710.0
1999,unawca,2028090.0
2000,unawca,2118240.0
2001,unawca,2191430.0
2002,unawca,2246540.0
2003,unawca,2287740.0
2004,unawca,2318030.0
2005,unawca,2342940.0
2006,unawca,2363000.0
2007,unawca,2381860.0
2008,unawca,2396280.0
2009,unawca,2419520.0
2010,unawca,2441760.0
2011,unawca,2455700.0
2012,unawca,2462430.0
2013,unawca,2459190.0
2014,unawca,2448760.0
1990,unawcena,876565.0
1991,unawcena,924633.0
1992,unawcena,960262.0
1993,unawcena,983736.0
1994,unawcena,1000800.0
1995,unawcena,1010760.0
1996,unawcena,1036910.0
1997,unawcena,1079680.0
1998,unawcena,1125400.0
1999,unawcena,1171480.0
2000,unawcena,1217750.0
2001,unawcena,1264610.0
2002,unawcena,1314620.0
2003,unawcena,1362770.0
2004,unawcena,1410920.0
2005,unawcena,1458870.0
2006,unawcena,1507500.0
2007,unawcena,1555970.0
2008,unawcena,1602660.0
2009,unawcena,1648670.0
2010,unawcena,1695200.0
2011,unawcena,1740960.0
2012,unawcena,1785150.0
2013,unawcena,1828330.0
2014,unawcena,1871250.0
1990,ury,677.0
1991,ury,990.0
1992,ury,1369.0
1993,ury,1834.0
1994,ury,2229.0
1995,ury,2732.0
1996,ury,3353.0
1997,ury,4102.0
1998,ury,4999.0
1999,ury,6023.0
2000,ury,7174.0
2001,ury,8379.0
2002,ury,9539.0
2003,ury,10616.0
2004,ury,11508.0
2005,ury,12167.0
2006,ury,12591.0
2007,ury,12813.0
2008,ury,12850.0
2009,ury,12724.0
2010,ury,12525.0
2011,ury,12303.0
2012,ury,12105.0
2013,ury,12037.0
2014,ury,11948.0
1990,uzb,26.0
1991,uzb,62.0
1992,uzb,144.0
1993,uzb,329.0
1994,uzb,724.0
1995,uzb,1473.0
1996,uzb,2543.0
1997,uzb,4043.0
1998,uzb,6184.0
1999,uzb,8864.0
2000,uzb,11888.0
2001,uzb,15062.0
2002,uzb,18176.0
2003,uzb,20853.0
2004,uzb,22878.0
2005,uzb,24193.0
2006,uzb,24807.0
2007,uzb,24844.0
2008,uzb,24481.0
2009,uzb,23729.0
2010,uzb,22618.0
2011,uzb,21237.0
2012,uzb,19870.0
2013,uzb,18570.0
2014,uzb,17233.0
1990,ven,991.0
1991,ven,1808.0
1992,ven,3198.0
1993,ven,5251.0
1994,ven,7878.0
1995,ven,10925.0
1996,ven,14417.0
1997,ven,18263.0
1998,ven,22253.0
1999,ven,26200.0
2000,ven,29951.0
2001,ven,33665.0
2002,ven,37488.0
2003,ven,41122.0
2004,ven,44525.0
2005,ven,47698.0
2006,ven,50657.0
2007,ven,53415.0
2008,ven,56043.0
2009,ven,58429.0
2010,ven,60665.0
2011,ven,62777.0
2012,ven,64624.0
2013,ven,66180.0
2014,ven,67356.0
1990,vnm,279.0
1991,vnm,613.0
1992,vnm,1317.0
1993,vnm,2782.0
1994,vnm,5740.0
1995,vnm,11405.0
1996,vnm,21173.0
1997,vnm,35147.0
1998,vnm,51575.0
1999,vnm,68305.0
2000,vnm,84022.0
2001,vnm,98605.0
2002,vnm,110697.0
2003,vnm,121625.0
2004,vnm,130629.0
2005,vnm,137775.0
2006,vnm,142943.0
2007,vnm,146245.0
2008,vnm,149874.0
2009,vnm,154480.0
2010,vnm,159230.0
2011,vnm,162851.0
2012,vnm,165592.0
2013,vnm,167071.0
2014,vnm,168118.0
1990,yem,720.0
1991,yem,869.0
1992,yem,1026.0
1993,yem,1191.0
1994,yem,1299.0
1995,yem,1403.0
1996,yem,1506.0
1997,yem,1606.0
1998,yem,1704.0
1999,yem,1805.0
2000,yem,1910.0
2001,yem,2024.0
2002,yem,2149.0
2003,yem,2285.0
2004,yem,2417.0
2005,yem,2552.0
2006,yem,2698.0
2007,yem,2848.0
2008,yem,3019.0
2009,yem,3211.0
2010,yem,3414.0
2011,yem,3634.0
2012,yem,3855.0
2013,yem,4085.0
2014,yem,4333.0
1990,zaf,42550.0
1991,zaf,92408.0
1992,zaf,181295.0
1993,zaf,320273.0
1994,zaf,510358.0
1995,zaf,739271.0
1996,zaf,986691.0
1997,zaf,1233280.0
1998,zaf,1461080.0
1999,zaf,1660220.0
2000,zaf,1826000.0
2001,zaf,1958300.0
2002,zaf,2064470.0
2003,zaf,2145960.0
2004,zaf,2206080.0
2005,zaf,2254370.0
2006,zaf,2293590.0
2007,zaf,2330770.0
2008,zaf,2367540.0
2009,zaf,2398440.0
2010,zaf,2420640.0
2011,zaf,2448180.0
2012,zaf,2494960.0
2013,zaf,2556350.0
2014,zaf,2622820.0
1990,zmb,273876.0
1991,zmb,285925.0
1992,zmb,296732.0
1993,zmb,307042.0
1994,zmb,316875.0
1995,zmb,327464.0
1996,zmb,338253.0
1997,zmb,349019.0
1998,zmb,359124.0
1999,zmb,367960.0
2000,zmb,375301.0
2001,zmb,381127.0
2002,zmb,385679.0
2003,zmb,389345.0
2004,zmb,393862.0
2005,zmb,399045.0
2006,zmb,404777.0
2007,zmb,411792.0
2008,zmb,423132.0
2009,zmb,436068.0
2010,zmb,451154.0
2011,zmb,464299.0
2012,zmb,477369.0
2013,zmb,490724.0
2014,zmb,502892.0
1990,zwe,252631.0
1991,zwe,336113.0
1992,zwe,424971.0
1993,zwe,512845.0
1994,zwe,593611.0
1995,zwe,663615.0
1996,zwe,718164.0
1997,zwe,756085.0
1998,zwe,776491.0
1999,zwe,779703.0
2000,zwe,764546.0
2001,zwe,737127.0
2002,zwe,702400.0
2003,zwe,664433.0
2004,zwe,626010.0
2005,zwe,588555.0
2006,zwe,555746.0
2007,zwe,529355.0
2008,zwe,509999.0
2009,zwe,501640.0
2010,zwe,506642.0
2011,zwe,521295.0
2012,zwe,538990.0
2013,zwe,555514.0
2014,zwe,572560.0
