year,area,new_hiv_infections_children_0_14_estimate
1990,03m49wld,208684.0
1991,03m49wld,247059.0
1992,03m49wld,287557.0
1993,03m49wld,327839.0
1994,03m49wld,368885.0
1995,03m49wld,407989.0
1996,03m49wld,443609.0
1997,03m49wld,472737.0
1998,03m49wld,495133.0
1999,03m49wld,512292.0
2000,03m49wld,523340.0
2001,03m49wld,529672.0
2002,03m49wld,530441.0
2003,03m49wld,525859.0
2004,03m49wld,515748.0
2005,03m49wld,500985.0
2006,03m49wld,487289.0
2007,03m49wld,470007.0
2008,03m49wld,449126.0
2009,03m49wld,396920.0
2010,03m49wld,357932.0
2011,03m49wld,325922.0
2012,03m49wld,275355.0
2013,03m49wld,249775.0
2014,03m49wld,218531.0
2014,afg,81.0
1990,ago,888.0
1991,ago,1078.0
1992,ago,1306.0
1993,ago,1565.0
1994,ago,1853.0
1995,ago,2175.0
1996,ago,2516.0
1997,ago,2872.0
1998,ago,3236.0
1999,ago,3607.0
2000,ago,3975.0
2001,ago,4366.0
2002,ago,4745.0
2003,ago,5102.0
2004,ago,5415.0
2005,ago,5713.0
2006,ago,5789.0
2007,ago,6089.0
2008,ago,6261.0
2009,ago,6429.0
2010,ago,6514.0
2011,ago,6788.0
2012,ago,6850.0
2013,ago,5674.0
2014,ago,4834.0
1990,aze,0.0877
1991,aze,0.1435
1992,aze,0.2258
1993,aze,0.3661
1994,aze,0.5902
1995,aze,0.9762
1996,aze,2.0
1997,aze,2.0
1998,aze,4.0
1999,aze,5.0
2000,aze,8.0
2001,aze,10.0
2002,aze,13.0
2003,aze,15.0
2004,aze,18.0
2005,aze,21.0
2006,aze,23.0
2007,aze,22.0
2008,aze,19.0
2009,aze,26.0
2010,aze,26.0
2011,aze,23.0
2012,aze,24.0
2013,aze,19.0
2014,aze,21.0
1990,bdi,1156.0
1991,bdi,1483.0
1992,bdi,1852.0
1993,bdi,2257.0
1994,bdi,2615.0
1995,bdi,2988.0
1996,bdi,3292.0
1997,bdi,3512.0
1998,bdi,3647.0
1999,bdi,3703.0
2000,bdi,3740.0
2001,bdi,3755.0
2002,bdi,3707.0
2003,bdi,3618.0
2004,bdi,3461.0
2005,bdi,3203.0
2006,bdi,3008.0
2007,bdi,2819.0
2008,bdi,2523.0
2009,bdi,2295.0
2010,bdi,1860.0
2011,bdi,1643.0
2012,bdi,1428.0
2013,bdi,1186.0
2014,bdi,976.0
1990,ben,405.0
1991,ben,495.0
1992,ben,599.0
1993,ben,718.0
1994,ben,847.0
1995,ben,978.0
1996,ben,1103.0
1997,ben,1212.0
1998,ben,1295.0
1999,ben,1370.0
2000,ben,1428.0
2001,ben,1476.0
2002,ben,1505.0
2003,ben,1524.0
2004,ben,1532.0
2005,ben,1528.0
2006,ben,1511.0
2007,ben,1483.0
2008,ben,1237.0
2009,ben,1238.0
2010,ben,1140.0
2011,ben,1197.0
2012,ben,1167.0
2013,ben,1174.0
2014,ben,847.0
1990,bfa,4917.0
1991,bfa,5356.0
1992,bfa,5690.0
1993,bfa,5836.0
1994,bfa,5879.0
1995,bfa,5816.0
1996,bfa,5646.0
1997,bfa,5392.0
1998,bfa,5079.0
1999,bfa,4729.0
2000,bfa,4362.0
2001,bfa,3992.0
2002,bfa,3632.0
2003,bfa,3285.0
2004,bfa,2977.0
2005,bfa,2696.0
2006,bfa,2453.0
2007,bfa,2237.0
2008,bfa,2149.0
2009,bfa,1890.0
2010,bfa,1804.0
2011,bfa,1690.0
2012,bfa,1336.0
2013,bfa,1338.0
2014,bfa,1064.0
2014,bgd,63.0
1990,blz,0.0715
1991,blz,0.1672
1992,blz,0.3681
1993,blz,0.8568
1994,blz,2.0
1995,blz,4.0
1996,blz,8.0
1997,blz,14.0
1998,blz,22.0
1999,blz,28.0
2000,blz,31.0
2001,blz,29.0
2002,blz,23.0
2003,blz,22.0
2004,blz,23.0
2005,blz,23.0
2006,blz,17.0
2007,blz,12.0
2008,blz,13.0
2009,blz,5.0
2010,blz,8.0
2011,blz,3.0
2012,blz,10.0
2013,blz,4.0
2014,blz,4.0
1990,bol,7.0
1991,bol,11.0
1992,bol,15.0
1993,bol,21.0
1994,bol,28.0
1995,bol,36.0
1996,bol,44.0
1997,bol,52.0
1998,bol,61.0
1999,bol,69.0
2000,bol,77.0
2001,bol,85.0
2002,bol,94.0
2003,bol,104.0
2004,bol,113.0
2005,bol,116.0
2006,bol,114.0
2007,bol,114.0
2008,bol,119.0
2009,bol,105.0
2010,bol,81.0
2011,bol,85.0
2012,bol,49.0
2013,bol,55.0
2014,bol,48.0
1990,bwa,1082.0
1991,bwa,1515.0
1992,bwa,2013.0
1993,bwa,2544.0
1994,bwa,3071.0
1995,bwa,3552.0
1996,bwa,3960.0
1997,bwa,4281.0
1998,bwa,4505.0
1999,bwa,4638.0
2000,bwa,4325.0
2001,bwa,3944.0
2002,bwa,3504.0
2003,bwa,3140.0
2004,bwa,2750.0
2005,bwa,1549.0
2006,bwa,1212.0
2007,bwa,1607.0
2008,bwa,1661.0
2009,bwa,1168.0
2010,bwa,685.0
2011,bwa,874.0
2012,bwa,563.0
2013,bwa,352.0
2014,bwa,485.0
1990,caf,1906.0
1991,caf,2349.0
1992,caf,2831.0
1993,caf,3332.0
1994,caf,3818.0
1995,caf,4237.0
1996,caf,4541.0
1997,caf,4726.0
1998,caf,4793.0
1999,caf,4776.0
2000,caf,4668.0
2001,caf,4482.0
2002,caf,4245.0
2003,caf,3975.0
2004,caf,3681.0
2005,caf,3385.0
2006,caf,3019.0
2007,caf,2783.0
2008,caf,2580.0
2009,caf,2384.0
2010,caf,2262.0
2011,caf,2080.0
2012,caf,1960.0
2013,caf,2020.0
2014,caf,1668.0
1990,civ,4410.0
1991,civ,5227.0
1992,civ,6073.0
1993,civ,6945.0
1994,civ,7803.0
1995,civ,8565.0
1996,civ,9265.0
1997,civ,9822.0
1998,civ,10231.0
1999,civ,10458.0
2000,civ,10517.0
2001,civ,10375.0
2002,civ,10116.0
2003,civ,9781.0
2004,civ,9374.0
2005,civ,8773.0
2006,civ,8582.0
2007,civ,7771.0
2008,civ,6762.0
2009,civ,6340.0
2010,civ,6280.0
2011,civ,6417.0
2012,civ,5842.0
2013,civ,5119.0
2014,civ,4686.0
1990,cmr,4168.0
1991,cmr,4964.0
1992,cmr,5787.0
1993,cmr,6615.0
1994,cmr,7421.0
1995,cmr,8179.0
1996,cmr,8874.0
1997,cmr,9497.0
1998,cmr,10043.0
1999,cmr,10513.0
2000,cmr,10901.0
2001,cmr,11190.0
2002,cmr,11311.0
2003,cmr,11359.0
2004,cmr,11335.0
2005,cmr,11437.0
2006,cmr,11309.0
2007,cmr,11238.0
2008,cmr,10788.0
2009,cmr,10346.0
2010,cmr,8527.0
2011,cmr,8938.0
2012,cmr,8670.0
2013,cmr,7923.0
2014,cmr,7540.0
1990,cod,8803.0
1991,cod,9600.0
1992,cod,10522.0
1993,cod,11214.0
1994,cod,11767.0
1995,cod,12185.0
1996,cod,12485.0
1997,cod,12663.0
1998,cod,12745.0
1999,cod,12751.0
2000,cod,12708.0
2001,cod,12626.0
2002,cod,12496.0
2003,cod,12293.0
2004,cod,12037.0
2005,cod,11740.0
2006,cod,11633.0
2007,cod,11461.0
2008,cod,11205.0
2009,cod,10975.0
2010,cod,10521.0
2011,cod,10222.0
2012,cod,10012.0
2013,cod,9082.0
2014,cod,8050.0
1990,cog,1573.0
1991,cog,1766.0
1992,cog,1949.0
1993,cog,2098.0
1994,cog,2240.0
1995,cog,2346.0
1996,cog,2421.0
1997,cog,2469.0
1998,cog,2486.0
1999,cog,2472.0
2000,cog,2429.0
2001,cog,2361.0
2002,cog,2265.0
2003,cog,2157.0
2004,cog,2037.0
2005,cog,1945.0
2006,cog,1862.0
2007,cog,1763.0
2008,cog,1656.0
2009,cog,1647.0
2010,cog,1547.0
2011,cog,1522.0
2012,cog,1478.0
2013,cog,1081.0
2014,cog,1438.0
1990,col,330.0
1991,col,431.0
1992,col,537.0
1993,col,646.0
1994,col,747.0
1995,col,849.0
1996,col,936.0
1997,col,993.0
1998,col,1028.0
1999,col,1037.0
2000,col,1032.0
2001,col,1011.0
2002,col,634.0
2003,col,594.0
2004,col,544.0
2005,col,471.0
2006,col,505.0
2007,col,463.0
2008,col,253.0
2009,col,187.0
2010,col,136.0
2011,col,155.0
2012,col,150.0
2013,col,211.0
2014,col,104.0
2014,cri,10.0
1990,dji,21.0
1991,dji,37.0
1992,dji,61.0
1993,dji,92.0
1994,dji,128.0
1995,dji,166.0
1996,dji,199.0
1997,dji,227.0
1998,dji,250.0
1999,dji,261.0
2000,dji,266.0
2001,dji,266.0
2002,dji,263.0
2003,dji,246.0
2004,dji,234.0
2005,dji,229.0
2006,dji,209.0
2007,dji,197.0
2008,dji,187.0
2009,dji,181.0
2010,dji,169.0
2011,dji,151.0
2012,dji,143.0
2013,dji,141.0
2014,dji,131.0
1990,dom,355.0
1991,dom,471.0
1992,dom,582.0
1993,dom,685.0
1994,dom,770.0
1995,dom,843.0
1996,dom,898.0
1997,dom,939.0
1998,dom,966.0
1999,dom,980.0
2000,dom,980.0
2001,dom,965.0
2002,dom,932.0
2003,dom,890.0
2004,dom,819.0
2005,dom,742.0
2006,dom,680.0
2007,dom,609.0
2008,dom,520.0
2009,dom,462.0
2010,dom,305.0
2011,dom,176.0
2012,dom,103.0
2013,dom,137.0
2014,dom,89.0
1990,egy,3.0
1991,egy,3.0
1992,egy,4.0
1993,egy,5.0
1994,egy,6.0
1995,egy,7.0
1996,egy,8.0
1997,egy,10.0
1998,egy,11.0
1999,egy,13.0
2000,egy,15.0
2001,egy,17.0
2002,egy,19.0
2003,egy,22.0
2004,egy,24.0
2005,egy,27.0
2006,egy,30.0
2007,egy,34.0
2008,egy,38.0
2009,egy,41.0
2010,egy,44.0
2011,egy,48.0
2012,egy,52.0
2013,egy,55.0
2014,egy,59.0
1990,eri,201.0
1991,eri,269.0
1992,eri,331.0
1993,eri,388.0
1994,eri,425.0
1995,eri,454.0
1996,eri,487.0
1997,eri,509.0
1998,eri,532.0
1999,eri,554.0
2000,eri,576.0
2001,eri,594.0
2002,eri,603.0
2003,eri,600.0
2004,eri,577.0
2005,eri,520.0
2006,eri,491.0
2007,eri,427.0
2008,eri,382.0
2009,eri,344.0
2010,eri,319.0
2011,eri,267.0
2012,eri,213.0
2013,eri,189.0
2014,eri,164.0
1990,eth,12742.0
1991,eth,16522.0
1992,eth,20990.0
1993,eth,25184.0
1994,eth,29601.0
1995,eth,32782.0
1996,eth,35908.0
1997,eth,37412.0
1998,eth,37679.0
1999,eth,37348.0
2000,eth,35878.0
2001,eth,33878.0
2002,eth,31454.0
2003,eth,28743.0
2004,eth,25875.0
2005,eth,23023.0
2006,eth,20097.0
2007,eth,17341.0
2008,eth,15341.0
2009,eth,13983.0
2010,eth,12769.0
2011,eth,10930.0
2012,eth,9086.0
2013,eth,7387.0
2014,eth,4841.0
1990,gab,145.0
1991,gab,190.0
1992,gab,243.0
1993,gab,306.0
1994,gab,375.0
1995,gab,450.0
1996,gab,526.0
1997,gab,601.0
1998,gab,673.0
1999,gab,741.0
2000,gab,796.0
2001,gab,839.0
2002,gab,867.0
2003,gab,879.0
2004,gab,877.0
2005,gab,864.0
2006,gab,849.0
2007,gab,790.0
2008,gab,721.0
2009,gab,649.0
2010,gab,604.0
2011,gab,525.0
2012,gab,429.0
2013,gab,292.0
2014,gab,240.0
1990,gha,2386.0
1991,gha,2792.0
1992,gha,3205.0
1993,gha,3608.0
1994,gha,4009.0
1995,gha,4313.0
1996,gha,4581.0
1997,gha,4781.0
1998,gha,4946.0
1999,gha,5051.0
2000,gha,5126.0
2001,gha,5157.0
2002,gha,5138.0
2003,gha,5077.0
2004,gha,4975.0
2005,gha,4833.0
2006,gha,4663.0
2007,gha,4147.0
2008,gha,3835.0
2009,gha,3870.0
2010,gha,3465.0
2011,gha,2201.0
2012,gha,1890.0
2013,gha,2216.0
2014,gha,1889.0
1990,gmb,21.0
1991,gmb,31.0
1992,gmb,43.0
1993,gmb,58.0
1994,gmb,79.0
1995,gmb,105.0
1996,gmb,135.0
1997,gmb,170.0
1998,gmb,210.0
1999,gmb,251.0
2000,gmb,292.0
2001,gmb,330.0
2002,gmb,364.0
2003,gmb,393.0
2004,gmb,421.0
2005,gmb,439.0
2006,gmb,452.0
2007,gmb,460.0
2008,gmb,448.0
2009,gmb,433.0
2010,gmb,390.0
2011,gmb,358.0
2012,gmb,325.0
2013,gmb,383.0
2014,gmb,387.0
1990,gnb,50.0
1991,gnb,69.0
1992,gnb,93.0
1993,gnb,124.0
1994,gnb,161.0
1995,gnb,206.0
1996,gnb,257.0
1997,gnb,317.0
1998,gnb,386.0
1999,gnb,465.0
2000,gnb,547.0
2001,gnb,632.0
2002,gnb,711.0
2003,gnb,787.0
2004,gnb,852.0
2005,gnb,907.0
2006,gnb,936.0
2007,gnb,970.0
2008,gnb,1003.0
2009,gnb,1013.0
2010,gnb,1019.0
2011,gnb,1000.0
2012,gnb,963.0
2013,gnb,620.0
2014,gnb,815.0
2014,gnq,409.0
1990,gtm,3.0
1991,gtm,6.0
1992,gtm,10.0
1993,gtm,18.0
1994,gtm,31.0
1995,gtm,51.0
1996,gtm,79.0
1997,gtm,117.0
1998,gtm,162.0
1999,gtm,217.0
2000,gtm,269.0
2001,gtm,312.0
2002,gtm,357.0
2003,gtm,398.0
2004,gtm,429.0
2005,gtm,442.0
2006,gtm,308.0
2007,gtm,341.0
2008,gtm,378.0
2009,gtm,339.0
2010,gtm,418.0
2011,gtm,409.0
2012,gtm,472.0
2013,gtm,430.0
2014,gtm,442.0
1990,guy,0.6475
1991,guy,1.0
1992,guy,2.0
1993,guy,3.0
1994,guy,5.0
1995,guy,8.0
1996,guy,13.0
1997,guy,19.0
1998,guy,27.0
1999,guy,37.0
2000,guy,48.0
2001,guy,58.0
2002,guy,56.0
2003,guy,62.0
2004,guy,65.0
2005,guy,60.0
2006,guy,59.0
2007,guy,51.0
2008,guy,43.0
2009,guy,44.0
2010,guy,46.0
2011,guy,36.0
2012,guy,35.0
2013,guy,19.0
2014,guy,36.0
1990,hnd,675.0
1991,hnd,777.0
1992,hnd,841.0
1993,hnd,886.0
1994,hnd,909.0
1995,hnd,910.0
1996,hnd,890.0
1997,hnd,851.0
1998,hnd,796.0
1999,hnd,731.0
2000,hnd,661.0
2001,hnd,589.0
2002,hnd,518.0
2003,hnd,443.0
2004,hnd,384.0
2005,hnd,333.0
2006,hnd,286.0
2007,hnd,248.0
2008,hnd,223.0
2009,hnd,180.0
2010,hnd,166.0
2011,hnd,156.0
2012,hnd,142.0
2013,hnd,140.0
2014,hnd,122.0
1990,hti,1521.0
1991,hti,1831.0
1992,hti,2120.0
1993,hti,2395.0
1994,hti,2625.0
1995,hti,2818.0
1996,hti,2888.0
1997,hti,2988.0
1998,hti,2981.0
1999,hti,2908.0
2000,hti,2821.0
2001,hti,2681.0
2002,hti,2537.0
2003,hti,2380.0
2004,hti,2237.0
2005,hti,1974.0
2006,hti,1765.0
2007,hti,1455.0
2008,hti,1367.0
2009,hti,1277.0
2010,hti,1306.0
2011,hti,723.0
2012,hti,299.0
2013,hti,201.0
2014,hti,275.0
1990,idn,0.8303
1991,idn,2.0
1992,idn,3.0
1993,idn,5.0
1994,idn,10.0
1995,idn,18.0
1996,idn,33.0
1997,idn,56.0
1998,idn,94.0
1999,idn,151.0
2000,idn,233.0
2001,idn,357.0
2002,idn,549.0
2003,idn,825.0
2004,idn,1179.0
2005,idn,1583.0
2006,idn,2033.0
2007,idn,2513.0
2008,idn,2978.0
2009,idn,3364.0
2010,idn,3743.0
2011,idn,3824.0
2012,idn,4091.0
2013,idn,4180.0
2014,idn,4531.0
1990,irn,18.0
1991,irn,20.0
1992,irn,21.0
1993,irn,22.0
1994,irn,23.0
1995,irn,25.0
1996,irn,27.0
1997,irn,31.0
1998,irn,36.0
1999,irn,45.0
2000,irn,55.0
2001,irn,64.0
2002,irn,73.0
2003,irn,82.0
2004,irn,93.0
2005,irn,104.0
2006,irn,112.0
2007,irn,122.0
2008,irn,122.0
2009,irn,141.0
2010,irn,153.0
2011,irn,161.0
2012,irn,159.0
2013,irn,161.0
2014,irn,158.0
1990,jam,88.0
1991,jam,114.0
1992,jam,130.0
1993,jam,147.0
1994,jam,163.0
1995,jam,177.0
1996,jam,189.0
1997,jam,198.0
1998,jam,202.0
1999,jam,204.0
2000,jam,201.0
2001,jam,196.0
2002,jam,189.0
2003,jam,180.0
2004,jam,171.0
2005,jam,117.0
2006,jam,66.0
2007,jam,39.0
2008,jam,15.0
2009,jam,47.0
2010,jam,36.0
2011,jam,50.0
2012,jam,47.0
2013,jam,46.0
2014,jam,19.0
1990,ken,22880.0
1991,ken,28978.0
1992,ken,34906.0
1993,ken,40305.0
1994,ken,44500.0
1995,ken,47242.0
1996,ken,48513.0
1997,ken,48597.0
1998,ken,47777.0
1999,ken,46382.0
2000,ken,44693.0
2001,ken,42755.0
2002,ken,40464.0
2003,ken,38006.0
2004,ken,35167.0
2005,ken,31550.0
2006,ken,28631.0
2007,ken,26573.0
2008,ken,19484.0
2009,ken,17565.0
2010,ken,15290.0
2011,ken,9614.0
2012,ken,12277.0
2013,ken,13787.0
2014,ken,12515.0
1990,kgz,0.9822
1991,kgz,1.0
1992,kgz,1.0
1993,kgz,2.0
1994,kgz,2.0
1995,kgz,3.0
1996,kgz,4.0
1997,kgz,4.0
1998,kgz,6.0
1999,kgz,7.0
2000,kgz,8.0
2001,kgz,10.0
2002,kgz,12.0
2003,kgz,15.0
2004,kgz,20.0
2005,kgz,25.0
2006,kgz,32.0
2007,kgz,45.0
2008,kgz,48.0
2009,kgz,46.0
2010,kgz,51.0
2011,kgz,60.0
2012,kgz,48.0
2013,kgz,51.0
2014,kgz,54.0
1990,khm,24.0
1991,khm,66.0
1992,khm,178.0
1993,khm,388.0
1994,khm,664.0
1995,khm,938.0
1996,khm,1167.0
1997,khm,1347.0
1998,khm,1471.0
1999,khm,1559.0
2000,khm,1598.0
2001,khm,1512.0
2002,khm,1392.0
2003,khm,1258.0
2004,khm,1126.0
2005,khm,805.0
2006,khm,724.0
2007,khm,622.0
2008,khm,556.0
2009,khm,402.0
2010,khm,335.0
2011,khm,217.0
2012,khm,206.0
2013,khm,171.0
2014,khm,155.0
2014,lao,141.0
1990,lbr,155.0
1991,lbr,203.0
1992,lbr,257.0
1993,lbr,320.0
1994,lbr,391.0
1995,lbr,475.0
1996,lbr,572.0
1997,lbr,677.0
1998,lbr,778.0
1999,lbr,855.0
2000,lbr,903.0
2001,lbr,917.0
2002,lbr,913.0
2003,lbr,892.0
2004,lbr,864.0
2005,lbr,830.0
2006,lbr,792.0
2007,lbr,750.0
2008,lbr,669.0
2009,lbr,630.0
2010,lbr,563.0
2011,lbr,505.0
2012,lbr,474.0
2013,lbr,375.0
2014,lbr,312.0
1990,lka,0.4929
1991,lka,0.6409999999999999
1992,lka,0.7815
1993,lka,1.0
1994,lka,1.0
1995,lka,2.0
1996,lka,2.0
1997,lka,3.0
1998,lka,3.0
1999,lka,4.0
2000,lka,4.0
2001,lka,4.0
2002,lka,5.0
2003,lka,6.0
2004,lka,7.0
2005,lka,8.0
2006,lka,10.0
2007,lka,11.0
2008,lka,12.0
2009,lka,13.0
2010,lka,15.0
2011,lka,16.0
2012,lka,18.0
2013,lka,19.0
2014,lka,19.0
1990,lso,202.0
1991,lso,386.0
1992,lso,714.0
1993,lso,1233.0
1994,lso,1930.0
1995,lso,2662.0
1996,lso,3233.0
1997,lso,3571.0
1998,lso,3732.0
1999,lso,3832.0
2000,lso,3881.0
2001,lso,3893.0
2002,lso,3886.0
2003,lso,3875.0
2004,lso,3832.0
2005,lso,3779.0
2006,lso,3635.0
2007,lso,3123.0
2008,lso,3129.0
2009,lso,2708.0
2010,lso,2299.0
2011,lso,1635.0
2012,lso,2025.0
2013,lso,1776.0
2014,lso,1559.0
1990,mar,12.0
1991,mar,16.0
1992,mar,21.0
1993,mar,26.0
1994,mar,32.0
1995,mar,38.0
1996,mar,45.0
1997,mar,51.0
1998,mar,58.0
1999,mar,63.0
2000,mar,68.0
2001,mar,72.0
2002,mar,75.0
2003,mar,78.0
2004,mar,81.0
2005,mar,79.0
2006,mar,77.0
2007,mar,74.0
2008,mar,72.0
2009,mar,67.0
2010,mar,63.0
2011,mar,69.0
2012,mar,49.0
2013,mar,56.0
2014,mar,51.0
1990,mda,3.6191
1991,mda,5.8448
1992,mda,8.0
1993,mda,10.0
1994,mda,13.0
1995,mda,15.0
1996,mda,18.0
1997,mda,20.0
1998,mda,23.0
1999,mda,25.0
2000,mda,28.0
2001,mda,30.0
2002,mda,30.0
2003,mda,32.0
2004,mda,27.0
2005,mda,28.0
2006,mda,22.0
2007,mda,22.0
2008,mda,7.0
2009,mda,17.0
2010,mda,16.0
2011,mda,17.0
2012,mda,15.0
2013,mda,15.0
2014,mda,15.0
1990,mdg,181.0
1991,mdg,270.0
1992,mdg,380.0
1993,mdg,500.0
1994,mdg,623.0
1995,mdg,738.0
1996,mdg,838.0
1997,mdg,911.0
1998,mdg,963.0
1999,mdg,1000.0
2000,mdg,1017.0
2001,mdg,1019.0
2002,mdg,1008.0
2003,mdg,990.0
2004,mdg,963.0
2005,mdg,930.0
2006,mdg,892.0
2007,mdg,851.0
2008,mdg,811.0
2009,mdg,771.0
2010,mdg,729.0
2011,mdg,678.0
2012,mdg,648.0
2013,mdg,621.0
2014,mdg,597.0
1990,mex,1056.0
1991,mex,1110.0
1992,mex,1159.0
1993,mex,1168.0
1994,mex,1152.0
1995,mex,1120.0
1996,mex,1095.0
1997,mex,1048.0
1998,mex,984.0
1999,mex,914.0
2000,mex,844.0
2001,mex,770.0
2002,mex,694.0
2003,mex,635.0
2004,mex,583.0
2005,mex,545.0
2006,mex,507.0
2007,mex,485.0
2008,mex,386.0
2009,mex,311.0
2010,mex,272.0
2011,mex,251.0
2012,mex,178.0
2013,mex,87.0
2014,mex,11.0
1990,mli,2241.0
1991,mli,2625.0
1992,mli,2884.0
1993,mli,3132.0
1994,mli,3260.0
1995,mli,3310.0
1996,mli,3301.0
1997,mli,3254.0
1998,mli,3181.0
1999,mli,3096.0
2000,mli,3013.0
2001,mli,2932.0
2002,mli,2862.0
2003,mli,2810.0
2004,mli,2778.0
2005,mli,2756.0
2006,mli,2781.0
2007,mli,2737.0
2008,mli,2771.0
2009,mli,2798.0
2010,mli,2934.0
2011,mli,2949.0
2012,mli,2998.0
2013,mli,3259.0
2014,mli,3117.0
1990,mmr,79.0
1991,mmr,161.0
1992,mmr,258.0
1993,mmr,346.0
1994,mmr,460.0
1995,mmr,576.0
1996,mmr,699.0
1997,mmr,843.0
1998,mmr,984.0
1999,mmr,1135.0
2000,mmr,1275.0
2001,mmr,1389.0
2002,mmr,1490.0
2003,mmr,1569.0
2004,mmr,1625.0
2005,mmr,1658.0
2006,mmr,1656.0
2007,mmr,1628.0
2008,mmr,1532.0
2009,mmr,1435.0
2010,mmr,1337.0
2011,mmr,1332.0
2012,mmr,1016.0
2013,mmr,923.0
2014,mmr,667.0
1990,moz,2843.0
1991,moz,3948.0
1992,moz,5385.0
1993,moz,7218.0
1994,moz,9440.0
1995,moz,11920.0
1996,moz,14600.0
1997,moz,17556.0
1998,moz,20299.0
1999,moz,23045.0
2000,moz,25863.0
2001,moz,28332.0
2002,moz,30371.0
2003,moz,32009.0
2004,moz,33256.0
2005,moz,34021.0
2006,moz,34131.0
2007,moz,30561.0
2008,moz,30333.0
2009,moz,28825.0
2010,moz,30731.0
2011,moz,27946.0
2012,moz,16718.0
2013,moz,12629.0
2014,moz,9007.0
2014,mrt,273.0
1990,mwi,15602.0
1991,mwi,18154.0
1992,mwi,20363.0
1993,mwi,22378.0
1994,mwi,24115.0
1995,mwi,25684.0
1996,mwi,27083.0
1997,mwi,28117.0
1998,mwi,28734.0
1999,mwi,28941.0
2000,mwi,28816.0
2001,mwi,28457.0
2002,mwi,27934.0
2003,mwi,27361.0
2004,mwi,26718.0
2005,mwi,25974.0
2006,mwi,25102.0
2007,mwi,24221.0
2008,mwi,22329.0
2009,mwi,21463.0
2010,mwi,20749.0
2011,mwi,17385.0
2012,mwi,12498.0
2013,mwi,11000.0
2014,mwi,9992.0
2014,mys,22.0
1990,nam,289.0
1991,nam,446.0
1992,nam,665.0
1993,nam,950.0
1994,nam,1289.0
1995,nam,1653.0
1996,nam,2012.0
1997,nam,2327.0
1998,nam,2594.0
1999,nam,2791.0
2000,nam,2910.0
2001,nam,2960.0
2002,nam,2955.0
2003,nam,2903.0
2004,nam,2770.0
2005,nam,2471.0
2006,nam,2231.0
2007,nam,1983.0
2008,nam,1796.0
2009,nam,1476.0
2010,nam,1232.0
2011,nam,829.0
2012,nam,789.0
2013,nam,716.0
2014,nam,538.0
1990,nga,15337.0
1991,nga,18700.0
1992,nga,22488.0
1993,nga,26696.0
1994,nga,31290.0
1995,nga,36275.0
1996,nga,41542.0
1997,nga,46585.0
1998,nga,51232.0
1999,nga,55428.0
2000,nga,59148.0
2001,nga,62391.0
2002,nga,64957.0
2003,nga,67231.0
2004,nga,69070.0
2005,nga,70640.0
2006,nga,70234.0
2007,nga,70259.0
2008,nga,69573.0
2009,nga,68827.0
2010,nga,69209.0
2011,nga,67960.0
2012,nga,66713.0
2013,nga,61142.0
2014,nga,58331.0
1990,nic,108.0
1991,nic,116.0
1992,nic,125.0
1993,nic,129.0
1994,nic,133.0
1995,nic,133.0
1996,nic,131.0
1997,nic,128.0
1998,nic,124.0
1999,nic,117.0
2000,nic,111.0
2001,nic,105.0
2002,nic,99.0
2003,nic,93.0
2004,nic,88.0
2005,nic,80.0
2006,nic,71.0
2007,nic,61.0
2008,nic,53.0
2009,nic,36.0
2010,nic,33.0
2011,nic,22.0
2012,nic,14.0
2013,nic,16.0
2014,nic,12.0
1990,npl,0.0478
1991,npl,0.1941
1992,npl,0.6139
1993,npl,2.0
1994,npl,4.0
1995,npl,9.0
1996,npl,18.0
1997,npl,37.0
1998,npl,73.0
1999,npl,126.0
2000,npl,186.0
2001,npl,244.0
2002,npl,291.0
2003,npl,325.0
2004,npl,350.0
2005,npl,361.0
2006,npl,361.0
2007,npl,352.0
2008,npl,336.0
2009,npl,315.0
2010,npl,291.0
2011,npl,251.0
2012,npl,225.0
2013,npl,202.0
2014,npl,178.0
2014,pak,737.0
1990,pan,11.0
1991,pan,13.0
1992,pan,15.0
1993,pan,19.0
1994,pan,25.0
1995,pan,33.0
1996,pan,42.0
1997,pan,52.0
1998,pan,61.0
1999,pan,68.0
2000,pan,64.0
2001,pan,62.0
2002,pan,59.0
2003,pan,66.0
2004,pan,65.0
2005,pan,43.0
2006,pan,39.0
2007,pan,42.0
2008,pan,24.0
2009,pan,16.0
2010,pan,12.0
2011,pan,3.0
2012,pan,3.0
2013,pan,2.0
2014,pan,4.0
2014,per,56.0
2014,phl,105.0
1990,png,35.0
1991,png,60.0
1992,png,96.0
1993,png,145.0
1994,png,208.0
1995,png,283.0
1996,png,365.0
1997,png,450.0
1998,png,536.0
1999,png,618.0
2000,png,700.0
2001,png,747.0
2002,png,780.0
2003,png,789.0
2004,png,785.0
2005,png,768.0
2006,png,741.0
2007,png,710.0
2008,png,681.0
2009,png,638.0
2010,png,641.0
2011,png,602.0
2012,png,571.0
2013,png,458.0
2014,png,394.0
2014,pry,60.0
1990,rwa,4131.0
1991,rwa,4367.0
1992,rwa,4399.0
1993,rwa,4462.0
1994,rwa,4722.0
1995,rwa,5147.0
1996,rwa,5794.0
1997,rwa,6456.0
1998,rwa,6994.0
1999,rwa,7309.0
2000,rwa,7319.0
2001,rwa,7105.0
2002,rwa,6821.0
2003,rwa,6492.0
2004,rwa,5493.0
2005,rwa,4920.0
2006,rwa,4241.0
2007,rwa,3499.0
2008,rwa,2810.0
2009,rwa,2510.0
2010,rwa,2169.0
2011,rwa,729.0
2012,rwa,488.0
2013,rwa,348.0
2014,rwa,291.0
2014,sdn,878.0
1990,sen,107.0
1991,sen,122.0
1992,sen,142.0
1993,sen,166.0
1994,sen,196.0
1995,sen,236.0
1996,sen,284.0
1997,sen,343.0
1998,sen,410.0
1999,sen,486.0
2000,sen,560.0
2001,sen,634.0
2002,sen,693.0
2003,sen,737.0
2004,sen,762.0
2005,sen,768.0
2006,sen,750.0
2007,sen,698.0
2008,sen,628.0
2009,sen,533.0
2010,sen,459.0
2011,sen,556.0
2012,sen,530.0
2013,sen,416.0
2014,sen,441.0
1990,sle,10.0
1991,sle,19.0
1992,sle,35.0
1993,sle,60.0
1994,sle,97.0
1995,sle,151.0
1996,sle,219.0
1997,sle,301.0
1998,sle,396.0
1999,sle,502.0
2000,sle,623.0
2001,sle,748.0
2002,sle,876.0
2003,sle,993.0
2004,sle,1084.0
2005,sle,1135.0
2006,sle,1140.0
2007,sle,1134.0
2008,sle,936.0
2009,sle,942.0
2010,sle,845.0
2011,sle,746.0
2012,sle,572.0
2013,sle,586.0
2014,sle,255.0
1990,slv,44.0
1991,slv,51.0
1992,slv,58.0
1993,slv,67.0
1994,slv,76.0
1995,slv,86.0
1996,slv,95.0
1997,slv,103.0
1998,slv,109.0
1999,slv,113.0
2000,slv,116.0
2001,slv,117.0
2002,slv,84.0
2003,slv,69.0
2004,slv,52.0
2005,slv,52.0
2006,slv,71.0
2007,slv,82.0
2008,slv,80.0
2009,slv,84.0
2010,slv,85.0
2011,slv,79.0
2012,slv,62.0
2013,slv,52.0
2014,slv,43.0
1990,som,102.0
1991,som,153.0
1992,som,216.0
1993,som,289.0
1994,som,373.0
1995,som,465.0
1996,som,564.0
1997,som,664.0
1998,som,755.0
1999,som,830.0
2000,som,871.0
2001,som,906.0
2002,som,931.0
2003,som,947.0
2004,som,959.0
2005,som,964.0
2006,som,964.0
2007,som,961.0
2008,som,954.0
2009,som,947.0
2010,som,938.0
2011,som,931.0
2012,som,913.0
2013,som,718.0
2014,som,919.0
2014,ssd,3485.0
1990,swz,286.0
1991,swz,546.0
1992,swz,910.0
1993,swz,1342.0
1994,swz,1796.0
1995,swz,2213.0
1996,swz,2564.0
1997,swz,2848.0
1998,swz,3079.0
1999,swz,3274.0
2000,swz,3419.0
2001,swz,3519.0
2002,swz,3567.0
2003,swz,3595.0
2004,swz,3571.0
2005,swz,3517.0
2006,swz,3118.0
2007,swz,3088.0
2008,swz,3092.0
2009,swz,2432.0
2010,swz,2089.0
2011,swz,1587.0
2012,swz,1503.0
2013,swz,1243.0
2014,swz,906.0
1990,tcd,1335.0
1991,tcd,1585.0
1992,tcd,1841.0
1993,tcd,2146.0
1994,tcd,2474.0
1995,tcd,2845.0
1996,tcd,3228.0
1997,tcd,3622.0
1998,tcd,4038.0
1999,tcd,4423.0
2000,tcd,4798.0
2001,tcd,5145.0
2002,tcd,5419.0
2003,tcd,5656.0
2004,tcd,5770.0
2005,tcd,5826.0
2006,tcd,5722.0
2007,tcd,5635.0
2008,tcd,5387.0
2009,tcd,5193.0
2010,tcd,5183.0
2011,tcd,5040.0
2012,tcd,4638.0
2013,tcd,4026.0
2014,tcd,4187.0
1990,tgo,695.0
1991,tgo,848.0
1992,tgo,1013.0
1993,tgo,1199.0
1994,tgo,1399.0
1995,tgo,1618.0
1996,tgo,1837.0
1997,tgo,2043.0
1998,tgo,2241.0
1999,tgo,2404.0
2000,tgo,2515.0
2001,tgo,2577.0
2002,tgo,2603.0
2003,tgo,2589.0
2004,tgo,2550.0
2005,tgo,2642.0
2006,tgo,2708.0
2007,tgo,2766.0
2008,tgo,2561.0
2009,tgo,2396.0
2010,tgo,2187.0
2011,tgo,1124.0
2012,tgo,953.0
2013,tgo,845.0
2014,tgo,729.0
1990,tha,219.0
1991,tha,402.0
1992,tha,569.0
1993,tha,719.0
1994,tha,845.0
1995,tha,945.0
1996,tha,1016.0
1997,tha,1010.0
1998,tha,1031.0
1999,tha,1037.0
2000,tha,1025.0
2001,tha,970.0
2002,tha,912.0
2003,tha,734.0
2004,tha,651.0
2005,tha,586.0
2006,tha,524.0
2007,tha,442.0
2008,tha,360.0
2009,tha,280.0
2010,tha,204.0
2011,tha,176.0
2012,tha,158.0
2013,tha,136.0
2014,tha,121.0
1990,tjk,9.0
1991,tjk,14.0
1992,tjk,23.0
1993,tjk,36.0
1994,tjk,53.0
1995,tjk,75.0
1996,tjk,98.0
1997,tjk,124.0
1998,tjk,146.0
1999,tjk,162.0
2000,tjk,170.0
2001,tjk,170.0
2002,tjk,168.0
2003,tjk,162.0
2004,tjk,158.0
2005,tjk,154.0
2006,tjk,153.0
2007,tjk,153.0
2008,tjk,154.0
2009,tjk,158.0
2010,tjk,148.0
2011,tjk,150.0
2012,tjk,153.0
2013,tjk,140.0
2014,tjk,154.0
1990,tza,20255.0
1991,tza,23642.0
1992,tza,26929.0
1993,tza,29925.0
1994,tza,32548.0
1995,tza,34728.0
1996,tza,36461.0
1997,tza,37764.0
1998,tza,38674.0
1999,tza,39242.0
2000,tza,39535.0
2001,tza,39557.0
2002,tza,39342.0
2003,tza,38536.0
2004,tza,37496.0
2005,tza,35746.0
2006,tza,34342.0
2007,tza,31567.0
2008,tza,29243.0
2009,tza,26306.0
2010,tza,15572.0
2011,tza,12544.0
2012,tza,10374.0
2013,tza,9104.0
2014,tza,7245.0
1990,uga,36167.0
1991,uga,37270.0
1992,uga,37567.0
1993,uga,37039.0
1994,uga,35853.0
1995,uga,34386.0
1996,uga,32578.0
1997,uga,30783.0
1998,uga,29133.0
1999,uga,27770.0
2000,uga,26665.0
2001,uga,25870.0
2002,uga,25568.0
2003,uga,25513.0
2004,uga,25801.0
2005,uga,26763.0
2006,uga,28136.0
2007,uga,28525.0
2008,uga,28899.0
2009,uga,30484.0
2010,uga,31928.0
2011,uga,27798.0
2012,uga,11333.0
2013,uga,17120.0
2014,uga,9472.0
1990,unaap,1446.0
1991,unaap,2441.0
1992,unaap,3862.0
1993,unaap,5923.0
1994,unaap,8910.0
1995,unaap,12361.0
1996,unaap,16198.0
1997,unaap,19850.0
1998,unaap,23053.0
1999,unaap,26217.0
2000,unaap,28642.3
2001,unaap,30773.7
2002,unaap,31833.3
2003,unaap,32019.9
2004,unaap,31836.2
2005,unaap,30743.2
2006,unaap,29807.5
2007,unaap,28477.9
2008,unaap,26685.0
2009,unaap,25283.0
2010,unaap,24114.2
2011,unaap,22993.7
2012,unaap,22071.4
2013,unaap,21331.4
2014,unaap,20871.1
1990,unacar,1985.0
1991,unacar,2442.0
1992,unacar,2862.0
1993,unacar,3262.0
1994,unacar,3600.0
1995,unacar,3885.0
1996,unacar,4018.0
1997,unacar,4179.0
1998,unacar,4209.0
1999,unacar,4154.0
2000,unacar,4067.0
2001,unacar,3901.0
2002,unacar,3704.0
2003,unacar,3492.0
2004,unacar,3281.0
2005,unacar,2894.0
2006,unacar,2562.0
2007,unacar,2147.0
2008,unacar,1940.85
2009,unacar,1830.88
2010,unacar,1682.05
2011,unacar,973.6360000000001
2012,unacar,462.70099999999996
2013,unacar,410.718
2014,unacar,403.6
1990,unaeeca,139.649
1991,unaeeca,196.22
1992,unaeeca,260.567
1993,unaeeca,340.858
1994,unaeeca,454.245
1995,unaeeca,621.889
1996,unaeeca,661.288
1997,unaeeca,811.5930000000001
1998,unaeeca,1217.71
1999,unaeeca,1459.82
2000,unaeeca,1687.93
2001,unaeeca,1999.12
2002,unaeeca,2275.37
2003,unaeeca,2588.42
2004,unaeeca,2294.47
2005,unaeeca,2252.52
2006,unaeeca,2507.58
2007,unaeeca,2493.63
2008,unaeeca,1849.69
2009,unaeeca,1690.74
2010,unaeeca,1920.8
2011,unaeeca,1867.86
2012,unaeeca,1734.76
2013,unaeeca,1560.68
2014,unaeeca,1182.82
1990,unaesa,147301.0
1991,unaesa,174450.0
1992,unaesa,202786.0
1993,unaesa,231082.0
1994,unaesa,258690.0
1995,unaesa,283808.0
1996,unaesa,305822.0
1997,unaesa,322523.0
1998,unaesa,333954.0
1999,unaesa,341720.0
2000,unaesa,345246.0
2001,unaesa,345600.0
2002,unaesa,343396.0
2003,unaesa,337181.0
2004,unaesa,327478.0
2005,unaesa,314558.0
2006,unaesa,304765.0
2007,unaesa,292597.0
2008,unaesa,279842.0
2009,unaesa,232904.0
2010,unaesa,199245.0
2011,unaesa,173274.0
2012,unaesa,128844.0
2013,unaesa,116004.0
2014,unaesa,92675.7
1990,unala,4938.72
1991,unala,5403.17
1992,unala,5812.37
1993,unala,6173.86
1994,unala,6497.0
1995,unala,6793.0
1996,unala,6996.0
1997,unala,7161.0
1998,unala,7273.0
1999,unala,7342.0
2000,unala,7370.0
2001,unala,7326.0
2002,unala,6849.0
2003,unala,6726.0
2004,unala,6544.0
2005,unala,6331.0
2006,unala,5444.0
2007,unala,4752.0
2008,unala,3862.0
2009,unala,3321.0
2010,unala,3167.0
2011,unala,2852.0
2012,unala,2696.0
2013,unala,2434.0
2014,unala,1971.0
1990,unamena,242.415
1991,unamena,333.523
1992,unamena,455.67400000000004
1993,unamena,596.874
1994,unamena,759.0
1995,unamena,940.0
1996,unamena,1120.0
1997,unamena,1305.0
1998,unamena,1484.0
1999,unamena,1647.0
2000,unamena,1769.0
2001,unamena,1886.0
2002,unamena,1992.0
2003,unamena,2066.0
2004,unamena,2138.0
2005,unamena,2198.0
2006,unamena,2233.0
2007,unamena,2276.0
2008,unamena,2277.0
2009,unamena,2313.0
2010,unamena,2328.0
2011,unamena,2370.0
2012,unamena,2353.4
2013,unamena,2158.4
2014,unamena,2390.0
1990,unassa,198321.0
1991,unassa,234509.0
1992,unassa,272476.0
1993,unassa,310595.0
1994,unassa,348037.0
1995,unassa,382805.0
1996,unassa,414092.0
1997,unassa,439055.0
1998,unassa,457614.0
1999,unassa,471298.0
2000,unassa,479621.0
2001,unassa,483596.0
2002,unassa,483591.0
2003,unassa,478769.0
2004,unassa,469449.0
2005,unassa,456362.0
2006,unassa,444531.0
2007,unassa,429654.0
2008,unassa,412328.0
2009,unassa,362301.0
2010,unassa,324514.0
2011,unassa,294447.0
2012,unassa,245696.0
2013,unassa,221587.0
2014,unassa,191489.0
1990,unawca,51020.0
1991,unawca,60059.0
1992,unawca,69690.0
1993,unawca,79513.0
1994,unawca,89347.0
1995,unawca,98997.0
1996,unawca,108270.0
1997,unawca,116532.0
1998,unawca,123660.0
1999,unawca,129578.0
2000,unawca,134375.0
2001,unawca,137996.0
2002,unawca,140195.0
2003,unawca,141588.0
2004,unawca,141971.0
2005,unawca,141804.0
2006,unawca,139766.0
2007,unawca,137057.0
2008,unawca,132486.0
2009,unawca,129397.0
2010,unawca,125269.0
2011,unawca,121173.0
2012,unawca,116852.0
2013,unawca,105583.0
2014,unawca,98813.0
1990,unawcena,1611.06
1991,unawcena,1733.95
1992,unawcena,1828.76
1993,unawcena,947.1289999999999
1994,unawcena,627.862
1995,unawcena,582.441
1996,unawcena,523.783
1997,unawcena,375.531
1998,unawcena,281.93
1999,unawcena,174.331
2000,unawcena,182.649
2001,unawcena,190.31099999999998
2002,unawcena,196.562
2003,unawcena,197.989
2004,unawcena,205.11700000000002
2005,unawcena,204.4
2006,unawcena,204.31900000000002
2007,unawcena,206.71
2008,unawcena,183.115
2009,unawcena,180.72400000000002
2010,unawcena,205.805
2011,unawcena,417.379
2012,unawcena,340.82
2013,unawcena,293.012
2014,unawcena,223.657
2014,ven,387.0
1990,vnm,0.7963
1991,vnm,2.0
1992,vnm,4.0
1993,vnm,7.0
1994,vnm,13.0
1995,vnm,24.0
1996,vnm,43.0
1997,vnm,73.0
1998,vnm,116.0
1999,vnm,173.0
2000,vnm,240.0
2001,vnm,316.0
2002,vnm,395.0
2003,vnm,470.0
2004,vnm,554.0
2005,vnm,609.0
2006,vnm,602.0
2007,vnm,584.0
2008,vnm,534.0
2009,vnm,471.0
2010,vnm,419.0
2011,vnm,408.0
2012,vnm,368.0
2013,vnm,386.0
2014,vnm,325.0
2014,yem,101.0
1990,zaf,1740.0
1991,zaf,3784.0
1992,zaf,7368.0
1993,zaf,12785.0
1994,zaf,19843.0
1995,zaf,27734.0
1996,zaf,35572.0
1997,zaf,42764.0
1998,zaf,49032.0
1999,zaf,54489.0
2000,zaf,59110.0
2001,zaf,63074.0
2002,zaf,66496.0
2003,zaf,67803.0
2004,zaf,67389.0
2005,zaf,66243.0
2006,zaf,67086.0
2007,zaf,69978.0
2008,zaf,72863.0
2009,zaf,38089.0
2010,zaf,19606.0
2011,zaf,19015.0
2012,zaf,17627.0
2013,zaf,11620.0
2014,zaf,9156.0
1990,zmb,12457.0
1991,zmb,13288.0
1992,zmb,14094.0
1993,zmb,14876.0
1994,zmb,15645.0
1995,zmb,16405.0
1996,zmb,17140.0
1997,zmb,17821.0
1998,zmb,18429.0
1999,zmb,18935.0
2000,zmb,19332.0
2001,zmb,19608.0
2002,zmb,19789.0
2003,zmb,19886.0
2004,zmb,19640.0
2005,zmb,19131.0
2006,zmb,18747.0
2007,zmb,17249.0
2008,zmb,16233.0
2009,zmb,13751.0
2010,zmb,13466.0
2011,zmb,13282.0
2012,zmb,12760.0
2013,zmb,9085.0
2014,zmb,8502.0
1990,zwe,15193.0
1991,zwe,19719.0
1992,zwe,24063.0
1993,zwe,27838.0
1994,zwe,30732.0
1995,zwe,33451.0
1996,zwe,35477.0
1997,zwe,36622.0
1998,zwe,37007.0
1999,zwe,36763.0
2000,zwe,35893.0
2001,zwe,34416.0
2002,zwe,32437.0
2003,zwe,29995.0
2004,zwe,27968.0
2005,zwe,25751.0
2006,zwe,23779.0
2007,zwe,22677.0
2008,zwe,21827.0
2009,zwe,21156.0
2010,zwe,19689.0
2011,zwe,17911.0
2012,zwe,9577.0
2013,zwe,9988.0
2014,zwe,9086.0
