year,area,estimated_tb_related_deaths_among_people_living_with_hiv_lower_estimate
2000,1,460000.0
2001,1,480000.0
2002,1,470000.0
2003,1,490000.0
2004,1,490000.0
2005,1,510000.0
2006,1,500000.0
2007,1,490000.0
2008,1,470000.0
2009,1,460000.0
2010,1,450000.0
2011,1,430000.0
2012,1,420000.0
2013,1,390000.0
2014,1,360000.0
2015,1,330000.0
2016,1,290000.0
2017,1,270000.0
2000,10,8.0
2001,10,7.0
2002,10,7.0
2003,10,7.0
2004,10,7.0
2005,10,8.0
2006,10,9.0
2007,10,10.0
2008,10,10.0
2009,10,11.0
2010,10,12.0
2011,10,12.0
2012,10,13.0
2013,10,13.0
2014,10,16.0
2015,10,17.0
2016,10,17.0
2017,10,18.0
2000,101,1.0
2001,101,1.0
2002,101,1.0
2003,101,1.0
2004,101,1.0
2005,101,1.0
2006,101,2.0
2007,101,1.0
2008,101,1.0
2009,101,2.0
2010,101,2.0
2011,101,2.0
2012,101,3.0
2013,101,2.0
2014,101,1.0
2015,101,2.0
2016,101,3.0
2017,101,2.0
2000,102,0.0
2001,102,0.0
2002,102,0.0
2003,102,0.0
2004,102,0.0
2005,102,0.0
2006,102,0.0
2007,102,0.0
2008,102,0.0
2009,102,0.0
2010,102,0.0
2011,102,0.0
2012,102,0.0
2013,102,0.0
2014,102,0.0
2015,102,0.0
2016,102,0.0
2017,102,0.0
2000,103,0.0
2001,103,0.0
2002,103,0.0
2003,103,0.0
2004,103,0.0
2005,103,0.0
2006,103,0.0
2007,103,0.0
2008,103,0.0
2009,103,0.0
2010,103,0.0
2011,103,0.0
2012,103,1.0
2013,103,0.0
2014,103,0.0
2015,103,0.0
2016,103,1.0
2017,103,1.0
2000,105,1.0
2001,105,1.0
2002,105,1.0
2003,105,1.0
2004,105,1.0
2005,105,0.0
2006,105,0.0
2007,105,0.0
2008,105,0.0
2009,105,1.0
2010,105,1.0
2011,105,1.0
2012,105,1.0
2013,105,1.0
2014,105,1.0
2015,105,1.0
2016,105,1.0
2017,105,1.0
2000,107,1.0
2001,107,1.0
2002,107,1.0
2003,107,1.0
2004,107,1.0
2005,107,1.0
2006,107,1.0
2007,107,1.0
2008,107,1.0
2009,107,1.0
2010,107,1.0
2011,107,1.0
2012,107,1.0
2013,107,0.0
2014,107,0.0
2015,107,1.0
2016,107,1.0
2017,107,1.0
2000,109,7.0
2001,109,7.0
2002,109,6.0
2003,109,6.0
2004,109,5.0
2005,109,6.0
2006,109,9.0
2007,109,11.0
2008,109,11.0
2009,109,11.0
2010,109,11.0
2011,109,14.0
2012,109,18.0
2013,109,19.0
2014,109,18.0
2015,109,16.0
2016,109,12.0
2017,109,7.0
2000,11,0.0
2001,11,0.0
2002,11,0.0
2003,11,0.0
2004,11,0.0
2005,11,1.0
2006,11,1.0
2007,11,0.0
2008,11,0.0
2009,11,0.0
2010,11,0.0
2011,11,0.0
2012,11,2.0
2013,11,2.0
2014,11,2.0
2015,11,2.0
2016,11,2.0
2017,11,2.0
2000,110,5.0
2001,110,6.0
2002,110,5.0
2003,110,5.0
2004,110,5.0
2005,110,1.0
2006,110,2.0
2007,110,2.0
2008,110,3.0
2009,110,5.0
2010,110,3.0
2011,110,2.0
2012,110,2.0
2013,110,3.0
2014,110,6.0
2015,110,7.0
2016,110,6.0
2017,110,4.0
2000,111,6.0
2001,111,6.0
2002,111,7.0
2003,111,8.0
2004,111,7.0
2005,111,7.0
2006,111,8.0
2007,111,7.0
2008,111,6.0
2009,111,9.0
2010,111,12.0
2011,111,11.0
2012,111,17.0
2013,111,8.0
2014,111,7.0
2015,111,11.0
2016,111,17.0
2017,111,12.0
2000,113,1.0
2001,113,11.0
2002,113,11.0
2003,113,12.0
2004,113,11.0
2005,113,15.0
2006,113,18.0
2007,113,24.0
2008,113,27.0
2009,113,32.0
2010,113,33.0
2011,113,35.0
2012,113,40.0
2013,113,43.0
2014,113,47.0
2015,113,48.0
2016,113,42.0
2017,113,42.0
2000,114,35.0
2001,114,49.0
2002,114,41.0
2003,114,32.0
2004,114,74.0
2005,114,32.0
2006,114,95.0
2007,114,48.0
2008,114,130.0
2009,114,200.0
2010,114,200.0
2011,114,190.0
2012,114,230.0
2013,114,99.0
2014,114,120.0
2015,114,160.0
2016,114,450.0
2017,114,850.0
2000,115,2.0
2001,115,2.0
2002,115,2.0
2003,115,2.0
2004,115,2.0
2005,115,2.0
2006,115,2.0
2007,115,2.0
2008,115,2.0
2009,115,2.0
2010,115,3.0
2011,115,2.0
2012,115,3.0
2013,115,1.0
2014,115,1.0
2015,115,2.0
2016,115,3.0
2017,115,2.0
2000,117,5.0
2001,117,5.0
2002,117,4.0
2003,117,4.0
2004,117,4.0
2005,117,4.0
2006,117,4.0
2007,117,5.0
2008,117,4.0
2009,117,6.0
2010,117,4.0
2011,117,5.0
2012,117,5.0
2013,117,5.0
2014,117,3.0
2015,117,3.0
2016,117,2.0
2017,117,2.0
2000,118,10.0
2001,118,10.0
2002,118,9.0
2003,118,8.0
2004,118,8.0
2005,118,8.0
2006,118,7.0
2007,118,6.0
2008,118,6.0
2009,118,6.0
2010,118,6.0
2011,118,7.0
2012,118,7.0
2013,118,8.0
2014,118,8.0
2015,118,8.0
2016,118,9.0
2017,118,9.0
2000,119,0.0
2001,119,0.0
2002,119,0.0
2003,119,0.0
2004,119,0.0
2005,119,0.0
2006,119,0.0
2007,119,0.0
2008,119,0.0
2009,119,0.0
2010,119,0.0
2011,119,0.0
2012,119,0.0
2013,119,0.0
2014,119,0.0
2015,119,0.0
2016,119,0.0
2017,119,0.0
2000,12,31000.0
2001,12,29000.0
2002,12,31000.0
2003,12,31000.0
2004,12,31000.0
2005,12,31000.0
2006,12,32000.0
2007,12,31000.0
2008,12,32000.0
2009,12,32000.0
2010,12,33000.0
2011,12,33000.0
2012,12,32000.0
2013,12,30000.0
2014,12,28000.0
2015,12,25000.0
2016,12,23000.0
2017,12,21000.0
2000,122,1.0
2001,122,1.0
2002,122,1.0
2003,122,1.0
2004,122,1.0
2005,122,1.0
2006,122,5.0
2007,122,15.0
2008,122,28.0
2009,122,39.0
2010,122,36.0
2011,122,36.0
2012,122,39.0
2013,122,42.0
2014,122,45.0
2015,122,40.0
2016,122,42.0
2017,122,41.0
2000,123,0.0
2001,123,0.0
2002,123,0.0
2003,123,0.0
2004,123,0.0
2005,123,0.0
2006,123,0.0
2007,123,0.0
2008,123,0.0
2009,123,0.0
2010,123,0.0
2011,123,0.0
2012,123,0.0
2013,123,0.0
2014,123,0.0
2015,123,0.0
2016,123,0.0
2017,123,0.0
2000,124,0.0
2001,124,0.0
2002,124,0.0
2003,124,0.0
2004,124,0.0
2005,124,0.0
2006,124,0.0
2007,124,0.0
2008,124,0.0
2009,124,0.0
2010,124,0.0
2011,124,0.0
2012,124,0.0
2013,124,0.0
2014,124,0.0
2015,124,0.0
2016,124,0.0
2017,124,0.0
2005,125,1.0
2006,125,1.0
2007,125,1.0
2008,125,1.0
2009,125,1.0
2010,125,1.0
2011,125,1.0
2012,125,1.0
2013,125,1.0
2014,125,1.0
2015,125,1.0
2016,125,1.0
2017,125,1.0
2000,126,1.0
2001,126,1.0
2002,126,1.0
2003,126,1.0
2004,126,2.0
2005,126,2.0
2006,126,2.0
2007,126,1.0
2008,126,1.0
2009,126,2.0
2010,126,2.0
2011,126,2.0
2012,126,3.0
2013,126,1.0
2014,126,1.0
2015,126,2.0
2016,126,3.0
2017,126,2.0
2000,127,0.0
2001,127,0.0
2002,127,0.0
2003,127,0.0
2004,127,0.0
2005,127,0.0
2006,127,0.0
2007,127,0.0
2008,127,0.0
2009,127,1.0
2010,127,1.0
2011,127,1.0
2012,127,1.0
2013,127,0.0
2014,127,0.0
2015,127,1.0
2016,127,1.0
2017,127,1.0
2000,128,0.0
2001,128,0.0
2002,128,0.0
2003,128,0.0
2004,128,0.0
2005,128,0.0
2006,128,0.0
2007,128,0.0
2008,128,0.0
2009,128,0.0
2010,128,0.0
2011,128,0.0
2012,128,0.0
2013,128,0.0
2014,128,0.0
2015,128,0.0
2016,128,0.0
2017,128,0.0
2000,129,1.0
2001,129,1.0
2002,129,1.0
2003,129,1.0
2004,129,1.0
2005,129,1.0
2006,129,1.0
2007,129,2.0
2008,129,2.0
2009,129,2.0
2010,129,3.0
2011,129,3.0
2012,129,5.0
2013,129,6.0
2014,129,5.0
2015,129,6.0
2016,129,5.0
2017,129,5.0
2000,13,1400.0
2001,13,1300.0
2002,13,1300.0
2003,13,1300.0
2004,13,1200.0
2005,13,1300.0
2006,13,1100.0
2007,13,1100.0
2008,13,1000.0
2009,13,1100.0
2010,13,1200.0
2011,13,1300.0
2012,13,1200.0
2013,13,1200.0
2014,13,1200.0
2015,13,1200.0
2016,13,1300.0
2017,13,1200.0
2000,130,1.0
2001,130,1.0
2002,130,1.0
2003,130,1.0
2004,130,1.0
2005,130,1.0
2006,130,1.0
2007,130,1.0
2008,130,1.0
2009,130,1.0
2010,130,1.0
2011,130,1.0
2012,130,1.0
2013,130,1.0
2014,130,1.0
2015,130,0.0
2016,130,0.0
2017,130,0.0
2000,131,120.0
2001,131,130.0
2002,131,130.0
2003,131,120.0
2004,131,110.0
2005,131,84.0
2006,131,73.0
2007,131,74.0
2008,131,53.0
2009,131,50.0
2010,131,45.0
2011,131,38.0
2012,131,38.0
2013,131,36.0
2014,131,34.0
2015,131,33.0
2016,131,27.0
2017,131,25.0
2000,132,25.0
2001,132,26.0
2002,132,24.0
2003,132,23.0
2004,132,22.0
2005,132,22.0
2006,132,22.0
2007,132,22.0
2008,132,22.0
2009,132,8.0
2010,132,6.0
2011,132,5.0
2012,132,9.0
2013,132,12.0
2014,132,14.0
2015,132,15.0
2016,132,16.0
2017,132,16.0
2000,133,0.0
2001,133,0.0
2002,133,0.0
2003,133,0.0
2004,133,0.0
2005,133,0.0
2006,133,0.0
2007,133,0.0
2008,133,0.0
2009,133,0.0
2010,133,0.0
2011,133,0.0
2012,133,0.0
2013,133,0.0
2014,133,0.0
2015,133,0.0
2016,133,0.0
2017,133,0.0
2000,135,0.0
2001,135,0.0
2002,135,0.0
2003,135,0.0
2004,135,0.0
2005,135,0.0
2006,135,0.0
2007,135,0.0
2008,135,0.0
2009,135,0.0
2010,135,0.0
2011,135,0.0
2012,135,0.0
2013,135,0.0
2014,135,0.0
2015,135,0.0
2016,135,0.0
2017,135,0.0
2000,136,0.0
2001,136,0.0
2002,136,0.0
2003,136,0.0
2004,136,0.0
2005,136,0.0
2006,136,0.0
2007,136,0.0
2008,136,0.0
2009,136,0.0
2010,136,0.0
2011,136,0.0
2012,136,0.0
2013,136,0.0
2014,136,0.0
2015,136,0.0
2016,136,0.0
2017,136,0.0
2000,138,0.0
2001,138,0.0
2002,138,0.0
2003,138,0.0
2004,138,0.0
2005,138,0.0
2006,138,0.0
2007,138,0.0
2008,138,0.0
2009,138,0.0
2010,138,0.0
2011,138,0.0
2012,138,0.0
2013,138,0.0
2014,138,0.0
2015,138,0.0
2016,138,0.0
2017,138,0.0
2000,139,0.0
2001,139,0.0
2002,139,0.0
2003,139,0.0
2004,139,0.0
2005,139,0.0
2006,139,0.0
2007,139,0.0
2008,139,0.0
2009,139,0.0
2010,139,0.0
2011,139,0.0
2012,139,0.0
2013,139,0.0
2014,139,0.0
2015,139,0.0
2016,139,0.0
2017,139,0.0
2000,14,38.0
2001,14,33.0
2002,14,24.0
2003,14,21.0
2004,14,35.0
2005,14,15.0
2006,14,21.0
2007,14,22.0
2008,14,26.0
2009,14,23.0
2010,14,36.0
2011,14,45.0
2012,14,37.0
2013,14,23.0
2014,14,32.0
2015,14,17.0
2016,14,15.0
2017,14,16.0
2000,140,0.0
2001,140,0.0
2002,140,0.0
2003,140,0.0
2004,140,0.0
2005,140,0.0
2006,140,0.0
2007,140,0.0
2008,140,0.0
2009,140,0.0
2010,140,0.0
2011,140,1.0
2012,140,1.0
2013,140,2.0
2014,140,2.0
2015,140,2.0
2016,140,2.0
2017,140,2.0
2000,141,0.0
2001,141,0.0
2002,141,0.0
2003,141,0.0
2004,141,0.0
2005,141,0.0
2006,141,0.0
2007,141,0.0
2008,141,0.0
2009,141,0.0
2010,141,0.0
2011,141,0.0
2012,141,0.0
2013,141,0.0
2014,141,0.0
2015,141,0.0
2016,141,0.0
2017,141,0.0
2000,142,1.0
2001,142,0.0
2002,142,1.0
2003,142,1.0
2004,142,1.0
2005,142,1.0
2006,142,1.0
2007,142,1.0
2008,142,1.0
2009,142,1.0
2010,142,0.0
2011,142,0.0
2012,142,0.0
2013,142,0.0
2014,142,0.0
2015,142,0.0
2016,142,0.0
2017,142,0.0
2000,143,0.0
2001,143,0.0
2002,143,0.0
2003,143,0.0
2004,143,0.0
2005,143,0.0
2006,143,0.0
2007,143,0.0
2008,143,0.0
2009,143,0.0
2010,143,0.0
2011,143,0.0
2012,143,0.0
2013,143,0.0
2014,143,0.0
2015,143,0.0
2016,143,0.0
2017,143,0.0
2000,144,0.0
2001,144,0.0
2002,144,0.0
2003,144,0.0
2004,144,0.0
2005,144,0.0
2006,144,0.0
2007,144,0.0
2008,144,0.0
2009,144,0.0
2010,144,0.0
2011,144,0.0
2012,144,0.0
2013,144,0.0
2014,144,0.0
2015,144,0.0
2016,144,0.0
2017,144,0.0
2000,145,0.0
2001,145,0.0
2002,145,0.0
2003,145,0.0
2004,145,0.0
2005,145,0.0
2006,145,0.0
2007,145,0.0
2008,145,0.0
2009,145,0.0
2010,145,0.0
2011,145,0.0
2012,145,0.0
2013,145,0.0
2014,145,0.0
2015,145,0.0
2016,145,0.0
2017,145,0.0
2000,146,0.0
2001,146,0.0
2002,146,0.0
2003,146,0.0
2004,146,0.0
2005,146,0.0
2006,146,0.0
2007,146,0.0
2008,146,0.0
2009,146,0.0
2010,146,0.0
2011,146,0.0
2012,146,0.0
2013,146,0.0
2014,146,0.0
2015,146,0.0
2016,146,0.0
2017,146,0.0
2000,147,0.0
2001,147,13.0
2002,147,33.0
2003,147,110.0
2004,147,700.0
2005,147,720.0
2006,147,720.0
2007,147,650.0
2008,147,690.0
2009,147,120.0
2010,147,700.0
2011,147,700.0
2012,147,530.0
2013,147,520.0
2014,147,470.0
2015,147,470.0
2016,147,440.0
2017,147,510.0
2000,148,0.0
2001,148,0.0
2002,148,0.0
2003,148,0.0
2004,148,0.0
2005,148,0.0
2006,148,0.0
2007,148,0.0
2008,148,0.0
2009,148,0.0
2010,148,0.0
2011,148,0.0
2012,148,0.0
2013,148,0.0
2014,148,0.0
2015,148,0.0
2016,148,0.0
2017,148,0.0
2000,149,0.0
2001,149,0.0
2002,149,0.0
2003,149,0.0
2004,149,0.0
2005,149,0.0
2006,149,0.0
2007,149,0.0
2008,149,0.0
2009,149,0.0
2010,149,0.0
2011,149,0.0
2012,149,0.0
2013,149,0.0
2014,149,0.0
2015,149,0.0
2016,149,0.0
2017,149,0.0
2000,15,650.0
2001,15,730.0
2002,15,210.0
2003,15,230.0
2004,15,910.0
2005,15,180.0
2006,15,130.0
2007,15,190.0
2008,15,620.0
2009,15,720.0
2010,15,510.0
2011,15,470.0
2012,15,400.0
2013,15,280.0
2014,15,260.0
2015,15,390.0
2016,15,570.0
2017,15,610.0
2000,150,0.0
2001,150,0.0
2002,150,0.0
2003,150,0.0
2004,150,0.0
2005,150,0.0
2006,150,0.0
2007,150,0.0
2008,150,0.0
2009,150,0.0
2010,150,0.0
2011,150,0.0
2012,150,0.0
2013,150,0.0
2014,150,0.0
2015,150,0.0
2016,150,0.0
2017,150,0.0
2000,152,0.0
2001,152,0.0
2002,152,0.0
2003,152,0.0
2004,152,0.0
2005,152,0.0
2006,152,0.0
2007,152,0.0
2008,152,0.0
2009,152,0.0
2010,152,0.0
2011,152,0.0
2012,152,0.0
2013,152,0.0
2014,152,0.0
2015,152,0.0
2016,152,0.0
2017,152,0.0
2000,153,1.0
2001,153,1.0
2002,153,1.0
2003,153,1.0
2004,153,1.0
2005,153,1.0
2006,153,1.0
2007,153,1.0
2008,153,1.0
2009,153,1.0
2010,153,1.0
2011,153,0.0
2012,153,0.0
2013,153,0.0
2014,153,0.0
2015,153,0.0
2016,153,0.0
2017,153,0.0
2000,154,0.0
2001,154,0.0
2002,154,0.0
2003,154,0.0
2004,154,0.0
2005,154,0.0
2006,154,0.0
2007,154,0.0
2008,154,0.0
2009,154,0.0
2010,154,0.0
2011,154,0.0
2012,154,0.0
2013,154,0.0
2014,154,0.0
2015,154,0.0
2016,154,0.0
2017,154,1.0
2000,155,4.0
2001,155,4.0
2002,155,4.0
2003,155,4.0
2004,155,4.0
2005,155,4.0
2006,155,6.0
2007,155,5.0
2008,155,6.0
2009,155,5.0
2010,155,4.0
2011,155,3.0
2012,155,3.0
2013,155,3.0
2014,155,3.0
2015,155,3.0
2016,155,3.0
2017,155,4.0
2000,156,7.0
2001,156,5.0
2002,156,5.0
2003,156,4.0
2004,156,5.0
2005,156,4.0
2006,156,3.0
2007,156,3.0
2008,156,3.0
2009,156,1.0
2010,156,2.0
2011,156,1.0
2012,156,2.0
2013,156,1.0
2014,156,1.0
2015,156,1.0
2016,156,2.0
2017,156,1.0
2000,157,79.0
2001,157,80.0
2002,157,84.0
2003,157,82.0
2004,157,89.0
2005,157,86.0
2006,157,81.0
2007,157,70.0
2008,157,72.0
2009,157,71.0
2010,157,87.0
2011,157,95.0
2012,157,130.0
2013,157,64.0
2014,157,64.0
2015,157,97.0
2016,157,190.0
2017,157,140.0
2000,158,1700.0
2001,158,1900.0
2002,158,1700.0
2003,158,1600.0
2004,158,1600.0
2005,158,1600.0
2006,158,1600.0
2007,158,1500.0
2008,158,1300.0
2009,158,1100.0
2010,158,1100.0
2011,158,960.0
2012,158,810.0
2013,158,700.0
2014,158,710.0
2015,158,580.0
2016,158,570.0
2017,158,510.0
2000,159,11.0
2001,159,11.0
2002,159,16.0
2003,159,17.0
2004,159,16.0
2005,159,17.0
2006,159,25.0
2007,159,40.0
2008,159,35.0
2009,159,42.0
2010,159,36.0
2011,159,37.0
2012,159,39.0
2013,159,36.0
2014,159,27.0
2015,159,28.0
2016,159,29.0
2017,159,28.0
2000,16,930.0
2001,16,970.0
2002,16,1000.0
2003,16,1300.0
2004,16,1100.0
2005,16,1000.0
2006,16,1200.0
2007,16,1100.0
2008,16,1100.0
2009,16,1000.0
2010,16,970.0
2011,16,960.0
2012,16,970.0
2013,16,1000.0
2014,16,1200.0
2015,16,1200.0
2016,16,1100.0
2017,16,1200.0
2000,160,1600.0
2001,160,1500.0
2002,160,1600.0
2003,160,1700.0
2004,160,1700.0
2005,160,2100.0
2006,160,1900.0
2007,160,1900.0
2008,160,2000.0
2009,160,1900.0
2010,160,1800.0
2011,160,1800.0
2012,160,1700.0
2013,160,1400.0
2014,160,1300.0
2015,160,1500.0
2016,160,1400.0
2017,160,1400.0
2000,161,26.0
2001,161,39.0
2002,161,36.0
2003,161,37.0
2004,161,38.0
2005,161,43.0
2006,161,48.0
2007,161,50.0
2008,161,53.0
2009,161,48.0
2010,161,43.0
2011,161,46.0
2012,161,43.0
2013,161,38.0
2014,161,21.0
2015,161,37.0
2016,161,46.0
2017,161,59.0
2000,162,0.0
2001,162,0.0
2002,162,0.0
2003,162,0.0
2004,162,0.0
2005,162,0.0
2006,162,0.0
2007,162,0.0
2008,162,0.0
2009,162,0.0
2010,162,0.0
2011,162,0.0
2012,162,0.0
2013,162,0.0
2014,162,0.0
2015,162,0.0
2016,162,0.0
2017,162,0.0
2000,163,0.0
2001,163,0.0
2002,163,0.0
2003,163,0.0
2004,163,0.0
2005,163,0.0
2006,163,0.0
2007,163,0.0
2008,163,0.0
2009,163,0.0
2010,163,0.0
2011,163,0.0
2012,163,0.0
2013,163,0.0
2014,163,0.0
2015,163,0.0
2016,163,0.0
2017,163,0.0
2000,164,20.0
2001,164,20.0
2002,164,17.0
2003,164,19.0
2004,164,18.0
2005,164,16.0
2006,164,17.0
2007,164,19.0
2008,164,19.0
2009,164,19.0
2010,164,20.0
2011,164,21.0
2012,164,21.0
2013,164,23.0
2014,164,25.0
2015,164,22.0
2016,164,20.0
2017,164,21.0
2000,165,25.0
2001,165,24.0
2002,165,26.0
2003,165,23.0
2004,165,27.0
2005,165,38.0
2006,165,36.0
2007,165,41.0
2008,165,42.0
2009,165,42.0
2010,165,36.0
2011,165,37.0
2012,165,40.0
2013,165,39.0
2014,165,38.0
2015,165,35.0
2016,165,37.0
2017,165,30.0
2000,166,2.0
2001,166,2.0
2002,166,2.0
2003,166,2.0
2004,166,1.0
2005,166,3.0
2006,166,1.0
2007,166,1.0
2008,166,2.0
2009,166,2.0
2010,166,3.0
2011,166,2.0
2012,166,2.0
2013,166,3.0
2014,166,2.0
2015,166,3.0
2016,166,4.0
2017,166,3.0
2000,167,0.0
2001,167,0.0
2002,167,0.0
2003,167,0.0
2004,167,0.0
2005,167,0.0
2006,167,0.0
2007,167,1.0
2008,167,1.0
2009,167,1.0
2010,167,1.0
2011,167,1.0
2012,167,1.0
2013,167,0.0
2014,167,0.0
2015,167,0.0
2016,167,0.0
2017,167,0.0
2000,168,89.0
2001,168,77.0
2002,168,75.0
2003,168,88.0
2004,168,81.0
2005,168,57.0
2006,168,59.0
2007,168,63.0
2008,168,63.0
2009,168,62.0
2010,168,65.0
2011,168,94.0
2012,168,120.0
2013,168,120.0
2014,168,120.0
2015,168,120.0
2016,168,120.0
2017,168,140.0
2000,169,98.0
2001,169,81.0
2002,169,98.0
2003,169,89.0
2004,169,130.0
2005,169,130.0
2006,169,120.0
2007,169,110.0
2008,169,110.0
2009,169,76.0
2010,169,78.0
2011,169,64.0
2012,169,68.0
2013,169,57.0
2014,169,47.0
2015,169,49.0
2016,169,44.0
2017,169,50.0
2000,17,0.0
2001,17,0.0
2002,17,0.0
2003,17,0.0
2004,17,0.0
2005,17,0.0
2006,17,0.0
2007,17,0.0
2008,17,0.0
2009,17,0.0
2010,17,0.0
2011,17,0.0
2012,17,0.0
2013,17,0.0
2014,17,0.0
2015,17,0.0
2016,17,0.0
2017,17,0.0
2000,170,0.0
2001,170,0.0
2002,170,0.0
2003,170,0.0
2004,170,0.0
2005,170,0.0
2006,170,0.0
2007,170,0.0
2008,170,0.0
2009,170,7.0
2010,170,37.0
2011,170,37.0
2012,170,32.0
2013,170,29.0
2014,170,29.0
2015,170,31.0
2016,170,30.0
2017,170,30.0
2000,171,16.0
2001,171,17.0
2002,171,15.0
2003,171,14.0
2004,171,18.0
2005,171,18.0
2006,171,19.0
2007,171,15.0
2008,171,15.0
2009,171,21.0
2010,171,28.0
2011,171,24.0
2012,171,38.0
2013,171,19.0
2014,171,23.0
2015,171,31.0
2016,171,46.0
2017,171,40.0
2000,173,4.0
2001,173,3.0
2002,173,2.0
2003,173,2.0
2004,173,2.0
2005,173,2.0
2006,173,4.0
2007,173,2.0
2008,173,2.0
2009,173,2.0
2010,173,2.0
2011,173,2.0
2012,173,1.0
2013,173,1.0
2014,173,2.0
2015,173,3.0
2016,173,4.0
2017,173,3.0
2000,174,0.0
2001,174,0.0
2002,174,0.0
2003,174,0.0
2004,174,0.0
2005,174,0.0
2006,174,0.0
2007,174,0.0
2008,174,1.0
2009,174,6.0
2010,174,7.0
2011,174,8.0
2012,174,9.0
2013,174,11.0
2014,174,11.0
2015,174,10.0
2016,174,8.0
2017,174,8.0
2000,176,0.0
2001,176,0.0
2002,176,0.0
2003,176,0.0
2004,176,0.0
2005,176,0.0
2006,176,1.0
2007,176,0.0
2008,176,0.0
2009,176,0.0
2010,176,0.0
2011,176,0.0
2012,176,1.0
2013,176,0.0
2014,176,0.0
2015,176,0.0
2016,176,0.0
2017,176,0.0
2000,177,59.0
2001,177,47.0
2002,177,42.0
2003,177,38.0
2004,177,45.0
2005,177,52.0
2006,177,64.0
2007,177,64.0
2008,177,68.0
2009,177,69.0
2010,177,66.0
2011,177,72.0
2012,177,63.0
2013,177,59.0
2014,177,55.0
2015,177,52.0
2016,177,46.0
2017,177,35.0
2000,178,0.0
2001,178,0.0
2002,178,0.0
2003,178,0.0
2004,178,0.0
2005,178,0.0
2006,178,0.0
2007,178,0.0
2008,178,0.0
2009,178,0.0
2010,178,0.0
2011,178,0.0
2012,178,0.0
2013,178,0.0
2014,178,0.0
2015,178,0.0
2016,178,0.0
2017,178,0.0
2000,18,79.0
2001,18,79.0
2002,18,78.0
2003,18,80.0
2004,18,72.0
2005,18,86.0
2006,18,99.0
2007,18,96.0
2008,18,92.0
2009,18,95.0
2010,18,110.0
2011,18,110.0
2012,18,97.0
2013,18,100.0
2014,18,120.0
2015,18,110.0
2016,18,130.0
2017,18,150.0
2000,180,8.0
2001,180,8.0
2002,180,7.0
2003,180,8.0
2004,180,7.0
2005,180,5.0
2006,180,5.0
2007,180,5.0
2008,180,5.0
2009,180,5.0
2010,180,5.0
2011,180,4.0
2012,180,3.0
2013,180,3.0
2014,180,3.0
2015,180,5.0
2016,180,4.0
2017,180,6.0
2000,182,70.0
2001,182,63.0
2002,182,53.0
2003,182,63.0
2004,182,60.0
2005,182,76.0
2006,182,62.0
2007,182,59.0
2008,182,63.0
2009,182,83.0
2010,182,85.0
2011,182,100.0
2012,182,150.0
2013,182,180.0
2014,182,210.0
2015,182,230.0
2016,182,210.0
2017,182,180.0
2000,183,5.0
2001,183,6.0
2002,183,5.0
2003,183,6.0
2004,183,9.0
2005,183,8.0
2006,183,8.0
2007,183,10.0
2008,183,8.0
2009,183,7.0
2010,183,9.0
2011,183,7.0
2012,183,8.0
2013,183,6.0
2014,183,7.0
2015,183,6.0
2016,183,6.0
2017,183,6.0
2000,184,0.0
2001,184,0.0
2002,184,0.0
2003,184,0.0
2004,184,0.0
2005,184,0.0
2006,184,0.0
2007,184,0.0
2008,184,0.0
2009,184,1.0
2010,184,0.0
2011,184,0.0
2012,184,0.0
2013,184,0.0
2014,184,0.0
2015,184,0.0
2016,184,0.0
2017,184,0.0
2000,185,100.0
2001,185,100.0
2002,185,100.0
2003,185,99.0
2004,185,100.0
2005,185,100.0
2006,185,100.0
2007,185,100.0
2008,185,94.0
2009,185,93.0
2010,185,95.0
2011,185,89.0
2012,185,88.0
2013,185,76.0
2014,185,110.0
2015,185,120.0
2016,185,110.0
2017,185,120.0
2000,186,100.0
2001,186,98.0
2002,186,97.0
2003,186,100.0
2004,186,96.0
2005,186,89.0
2006,186,88.0
2007,186,100.0
2008,186,110.0
2009,186,160.0
2010,186,280.0
2011,186,400.0
2012,186,400.0
2013,186,350.0
2014,186,330.0
2015,186,310.0
2016,186,310.0
2017,186,320.0
2000,187,0.0
2001,187,0.0
2002,187,0.0
2003,187,0.0
2004,187,0.0
2005,187,0.0
2006,187,0.0
2007,187,0.0
2008,187,0.0
2009,187,0.0
2010,187,0.0
2011,187,0.0
2012,187,0.0
2013,187,0.0
2014,187,0.0
2015,187,0.0
2016,187,0.0
2017,187,0.0
2000,189,280.0
2001,189,270.0
2002,189,260.0
2003,189,230.0
2004,189,240.0
2005,189,250.0
2006,189,250.0
2007,189,270.0
2008,189,120.0
2009,189,110.0
2010,189,100.0
2011,189,55.0
2012,189,120.0
2013,189,330.0
2014,189,360.0
2015,189,360.0
2016,189,320.0
2017,189,280.0
2000,19,550.0
2001,19,490.0
2002,19,540.0
2003,19,610.0
2004,19,580.0
2005,19,650.0
2006,19,670.0
2007,19,600.0
2008,19,520.0
2009,19,500.0
2010,19,430.0
2011,19,350.0
2012,19,320.0
2013,19,260.0
2014,19,270.0
2015,19,240.0
2016,19,250.0
2017,19,220.0
2000,190,0.0
2001,190,0.0
2002,190,0.0
2003,190,0.0
2004,190,0.0
2005,190,0.0
2006,190,0.0
2007,190,0.0
2008,190,0.0
2009,190,0.0
2010,190,0.0
2011,190,0.0
2012,190,0.0
2013,190,0.0
2014,190,0.0
2015,190,0.0
2016,190,0.0
2017,190,0.0
2000,191,0.0
2001,191,0.0
2002,191,0.0
2003,191,0.0
2004,191,0.0
2005,191,0.0
2006,191,0.0
2007,191,0.0
2008,191,0.0
2009,191,0.0
2010,191,0.0
2011,191,0.0
2012,191,0.0
2013,191,0.0
2014,191,0.0
2015,191,0.0
2016,191,0.0
2017,191,0.0
2000,192,130.0
2001,192,130.0
2002,192,130.0
2003,192,150.0
2004,192,110.0
2005,192,130.0
2006,192,130.0
2007,192,130.0
2008,192,150.0
2009,192,150.0
2010,192,250.0
2011,192,330.0
2012,192,390.0
2013,192,290.0
2014,192,330.0
2015,192,400.0
2016,192,490.0
2017,192,560.0
2000,194,0.0
2001,194,0.0
2002,194,0.0
2003,194,0.0
2004,194,0.0
2005,194,0.0
2006,194,0.0
2007,194,0.0
2008,194,0.0
2009,194,0.0
2010,194,0.0
2011,194,0.0
2012,194,0.0
2013,194,0.0
2014,194,0.0
2015,194,0.0
2016,194,0.0
2017,194,0.0
2000,195,0.0
2001,195,0.0
2002,195,0.0
2003,195,0.0
2004,195,0.0
2005,195,0.0
2006,195,0.0
2007,195,0.0
2008,195,0.0
2009,195,0.0
2010,195,0.0
2011,195,0.0
2012,195,0.0
2013,195,1.0
2014,195,0.0
2015,195,0.0
2016,195,0.0
2017,195,0.0
2000,196,0.0
2001,196,0.0
2002,196,0.0
2003,196,0.0
2004,196,1.0
2005,196,0.0
2006,196,0.0
2007,196,2.0
2008,196,0.0
2009,196,0.0
2010,196,0.0
2011,196,0.0
2012,196,1.0
2013,196,1.0
2014,196,1.0
2015,196,0.0
2016,196,0.0
2017,196,0.0
2000,2,44.0
2001,2,38.0
2002,2,36.0
2003,2,30.0
2004,2,28.0
2005,2,29.0
2006,2,28.0
2007,2,28.0
2008,2,29.0
2009,2,29.0
2010,2,30.0
2011,2,30.0
2012,2,24.0
2013,2,30.0
2014,2,28.0
2015,2,28.0
2016,2,32.0
2017,2,31.0
2000,20,610.0
2001,20,1100.0
2002,20,1900.0
2003,20,7500.0
2004,20,6300.0
2005,20,5500.0
2006,20,4200.0
2007,20,3600.0
2008,20,2900.0
2009,20,2200.0
2010,20,2200.0
2011,20,2100.0
2012,20,1500.0
2013,20,1300.0
2014,20,1200.0
2015,20,1200.0
2016,20,1300.0
2017,20,1400.0
2000,201,23000.0
2001,201,23000.0
2002,201,25000.0
2003,201,26000.0
2004,201,27000.0
2005,201,29000.0
2006,201,30000.0
2007,201,30000.0
2008,201,27000.0
2009,201,25000.0
2010,201,23000.0
2011,201,21000.0
2012,201,19000.0
2013,201,15000.0
2014,201,15000.0
2015,201,14000.0
2016,201,12000.0
2017,201,10000.0
2000,202,2.0
2001,202,2.0
2002,202,2.0
2003,202,2.0
2004,202,2.0
2005,202,2.0
2006,202,2.0
2007,202,2.0
2008,202,2.0
2009,202,2.0
2010,202,2.0
2011,202,3.0
2012,202,3.0
2013,202,3.0
2014,202,3.0
2015,202,4.0
2016,202,7.0
2017,202,3.0
2000,203,9200.0
2001,203,9100.0
2002,203,8600.0
2003,203,8300.0
2004,203,8200.0
2005,203,8700.0
2006,203,8900.0
2007,203,9000.0
2008,203,9000.0
2009,203,8800.0
2010,203,8600.0
2011,203,8600.0
2012,203,8700.0
2013,203,8400.0
2014,203,8200.0
2015,203,8200.0
2016,203,8200.0
2017,203,7900.0
2000,204,38000.0
2001,204,51000.0
2002,204,45000.0
2003,204,54000.0
2004,204,54000.0
2005,204,66000.0
2006,204,63000.0
2007,204,63000.0
2008,204,61000.0
2009,204,58000.0
2010,204,58000.0
2011,204,57000.0
2012,204,63000.0
2013,204,59000.0
2014,204,54000.0
2015,204,49000.0
2016,204,40000.0
2017,204,39000.0
2000,205,130.0
2001,205,140.0
2002,205,140.0
2003,205,150.0
2004,205,150.0
2005,205,160.0
2006,205,170.0
2007,205,170.0
2008,205,180.0
2009,205,190.0
2010,205,190.0
2011,205,140.0
2012,205,150.0
2013,205,140.0
2014,205,130.0
2015,205,120.0
2016,205,98.0
2017,205,81.0
2000,206,12000.0
2001,206,11000.0
2002,206,10000.0
2003,206,11000.0
2004,206,12000.0
2005,206,12000.0
2006,206,13000.0
2007,206,13000.0
2008,206,13000.0
2009,206,10000.0
2010,206,8400.0
2011,206,8500.0
2012,206,8100.0
2013,206,6200.0
2014,206,6000.0
2015,206,5100.0
2016,206,4700.0
2017,206,4500.0
2000,207,230.0
2001,207,230.0
2002,207,230.0
2003,207,220.0
2004,207,210.0
2005,207,200.0
2006,207,220.0
2007,207,240.0
2008,207,240.0
2009,207,260.0
2010,207,280.0
2011,207,260.0
2012,207,250.0
2013,207,340.0
2014,207,390.0
2015,207,220.0
2016,207,190.0
2017,207,130.0
2000,208,12000.0
2001,208,13000.0
2002,208,11000.0
2003,208,9300.0
2004,208,9800.0
2005,208,10000.0
2006,208,10000.0
2007,208,10000.0
2008,208,10000.0
2009,208,9900.0
2010,208,9700.0
2011,208,9300.0
2012,208,9300.0
2013,208,9000.0
2014,208,8700.0
2015,208,8700.0
2016,208,8000.0
2017,208,8200.0
2000,209,960.0
2001,209,1000.0
2002,209,1100.0
2003,209,1300.0
2004,209,1300.0
2005,209,1400.0
2006,209,1500.0
2007,209,1500.0
2008,209,1500.0
2009,209,1700.0
2010,209,1600.0
2011,209,1300.0
2012,209,1000.0
2013,209,930.0
2014,209,770.0
2015,209,550.0
2016,209,450.0
2017,209,430.0
2000,21,210.0
2001,21,220.0
2002,21,180.0
2003,21,220.0
2004,21,180.0
2005,21,220.0
2006,21,200.0
2007,21,220.0
2008,21,230.0
2009,21,220.0
2010,21,230.0
2011,21,260.0
2012,21,360.0
2013,21,490.0
2014,21,620.0
2015,21,540.0
2016,21,600.0
2017,21,570.0
2000,210,180.0
2001,210,190.0
2002,210,200.0
2003,210,230.0
2004,210,240.0
2005,210,250.0
2006,210,250.0
2007,210,330.0
2008,210,300.0
2009,210,290.0
2010,210,300.0
2011,210,300.0
2012,210,250.0
2013,210,220.0
2014,210,200.0
2015,210,170.0
2016,210,120.0
2017,210,85.0
2000,212,280.0
2001,212,730.0
2002,212,2800.0
2003,212,2800.0
2004,212,2500.0
2005,212,2600.0
2006,212,2400.0
2007,212,2400.0
2008,212,2300.0
2009,212,2300.0
2010,212,2200.0
2011,212,2100.0
2012,212,1700.0
2013,212,1500.0
2014,212,1200.0
2015,212,890.0
2016,212,670.0
2017,212,610.0
2000,213,2.0
2001,213,10.0
2002,213,11.0
2003,213,11.0
2004,213,10.0
2005,213,12.0
2006,213,15.0
2007,213,11.0
2008,213,11.0
2009,213,10.0
2010,213,12.0
2011,213,11.0
2012,213,10.0
2013,213,7.0
2014,213,9.0
2015,213,12.0
2016,213,11.0
2017,213,13.0
2000,214,0.0
2001,214,0.0
2002,214,0.0
2003,214,0.0
2004,214,0.0
2005,214,0.0
2006,214,0.0
2007,214,0.0
2008,214,0.0
2009,214,0.0
2010,214,0.0
2011,214,1.0
2012,214,0.0
2013,214,0.0
2014,214,0.0
2015,214,0.0
2016,214,0.0
2017,214,1.0
2000,215,0.0
2001,215,0.0
2002,215,0.0
2003,215,0.0
2004,215,0.0
2005,215,0.0
2006,215,3.0
2007,215,90.0
2008,215,78.0
2009,215,69.0
2010,215,44.0
2011,215,27.0
2012,215,24.0
2013,215,35.0
2014,215,35.0
2015,215,35.0
2016,215,36.0
2017,215,47.0
2000,216,14.0
2001,216,12.0
2002,216,10.0
2003,216,9.0
2004,216,8.0
2005,216,6.0
2006,216,5.0
2007,216,5.0
2008,216,4.0
2009,216,4.0
2010,216,3.0
2011,216,3.0
2012,216,2.0
2013,216,1.0
2014,216,2.0
2015,216,1.0
2016,216,1.0
2017,216,1.0
2000,217,5.0
2001,217,5.0
2002,217,5.0
2003,217,4.0
2004,217,5.0
2005,217,4.0
2006,217,5.0
2007,217,3.0
2008,217,1.0
2009,217,0.0
2010,217,0.0
2011,217,0.0
2012,217,2.0
2013,217,3.0
2014,217,8.0
2015,217,9.0
2016,217,5.0
2017,217,11.0
2002,218,0.0
2003,218,0.0
2004,218,0.0
2005,218,0.0
2006,218,0.0
2007,218,0.0
2008,218,0.0
2009,218,0.0
2010,218,0.0
2011,218,0.0
2012,218,0.0
2013,218,0.0
2014,218,0.0
2015,218,0.0
2016,218,0.0
2017,218,0.0
2000,219,10.0
2001,219,10.0
2002,219,11.0
2003,219,13.0
2004,219,11.0
2005,219,12.0
2006,219,13.0
2007,219,16.0
2008,219,19.0
2009,219,14.0
2010,219,15.0
2011,219,14.0
2012,219,15.0
2013,219,16.0
2014,219,15.0
2015,219,13.0
2016,219,14.0
2017,219,12.0
2000,22,860.0
2001,22,850.0
2002,22,860.0
2003,22,850.0
2004,22,830.0
2005,22,780.0
2006,22,740.0
2007,22,630.0
2008,22,570.0
2009,22,460.0
2010,22,420.0
2011,22,360.0
2012,22,320.0
2013,22,270.0
2014,22,250.0
2015,22,220.0
2016,22,200.0
2017,22,200.0
2000,220,20.0
2001,220,18.0
2002,220,17.0
2003,220,16.0
2004,220,15.0
2005,220,16.0
2006,220,15.0
2007,220,14.0
2008,220,12.0
2009,220,10.0
2010,220,8.0
2011,220,9.0
2012,220,6.0
2013,220,6.0
2014,220,9.0
2015,220,12.0
2016,220,9.0
2017,220,9.0
2000,221,6200.0
2001,221,5700.0
2002,221,5700.0
2003,221,5400.0
2004,221,5200.0
2005,221,4900.0
2006,221,4800.0
2007,221,4600.0
2008,221,5400.0
2009,221,5000.0
2010,221,4600.0
2011,221,4200.0
2012,221,4100.0
2013,221,3800.0
2014,221,3400.0
2015,221,3300.0
2016,221,2800.0
2017,221,2100.0
2000,222,23.0
2001,222,26.0
2002,222,26.0
2003,222,22.0
2004,222,29.0
2005,222,28.0
2006,222,37.0
2007,222,79.0
2008,222,83.0
2009,222,100.0
2010,222,130.0
2011,222,230.0
2012,222,320.0
2013,222,180.0
2014,222,170.0
2015,222,260.0
2016,222,200.0
2017,222,200.0
2000,223,900.0
2001,223,860.0
2002,223,800.0
2003,223,190.0
2004,223,460.0
2005,223,840.0
2006,223,750.0
2007,223,810.0
2008,223,1000.0
2009,223,1300.0
2010,223,1700.0
2011,223,1300.0
2012,223,670.0
2013,223,960.0
2014,223,1400.0
2015,223,1500.0
2016,223,1400.0
2017,223,1400.0
2000,224,0.0
2001,224,0.0
2002,224,0.0
2003,224,0.0
2004,224,0.0
2005,224,0.0
2006,224,0.0
2007,224,0.0
2008,224,0.0
2009,224,0.0
2010,224,0.0
2011,224,0.0
2012,224,0.0
2013,224,0.0
2014,224,0.0
2015,224,0.0
2016,224,0.0
2017,224,0.0
2000,226,3.0
2001,226,3.0
2002,226,3.0
2003,226,3.0
2004,226,3.0
2005,226,3.0
2006,226,3.0
2007,226,2.0
2008,226,2.0
2009,226,3.0
2010,226,4.0
2011,226,4.0
2012,226,4.0
2013,226,2.0
2014,226,2.0
2015,226,4.0
2016,226,6.0
2017,226,4.0
2000,227,130.0
2001,227,110.0
2002,227,110.0
2003,227,160.0
2004,227,95.0
2005,227,110.0
2006,227,120.0
2007,227,120.0
2008,227,100.0
2009,227,81.0
2010,227,74.0
2011,227,67.0
2012,227,58.0
2013,227,41.0
2014,227,40.0
2015,227,34.0
2016,227,40.0
2017,227,34.0
2000,228,1.0
2001,228,1.0
2002,228,1.0
2003,228,1.0
2004,228,1.0
2005,228,1.0
2006,228,1.0
2007,228,1.0
2008,228,1.0
2009,228,1.0
2010,228,2.0
2011,228,1.0
2012,228,3.0
2013,228,1.0
2014,228,1.0
2015,228,2.0
2016,228,3.0
2017,228,2.0
2000,229,19.0
2001,229,20.0
2002,229,24.0
2003,229,26.0
2004,229,27.0
2005,229,32.0
2006,229,34.0
2007,229,26.0
2008,229,26.0
2009,229,36.0
2010,229,45.0
2011,229,40.0
2012,229,62.0
2013,229,25.0
2014,229,21.0
2015,229,27.0
2016,229,39.0
2017,229,27.0
2000,23,6.0
2001,23,5.0
2002,23,4.0
2003,23,4.0
2004,23,4.0
2005,23,4.0
2006,23,5.0
2007,23,5.0
2008,23,5.0
2009,23,5.0
2010,23,5.0
2011,23,6.0
2012,23,6.0
2013,23,8.0
2014,23,8.0
2015,23,8.0
2016,23,7.0
2017,23,7.0
2000,230,300.0
2001,230,290.0
2002,230,270.0
2003,230,270.0
2004,230,240.0
2005,230,210.0
2006,230,190.0
2007,230,170.0
2008,230,150.0
2009,230,120.0
2010,230,110.0
2011,230,96.0
2012,230,83.0
2013,230,70.0
2014,230,64.0
2015,230,61.0
2016,230,57.0
2017,230,55.0
2000,231,0.0
2001,231,0.0
2002,231,0.0
2003,231,0.0
2004,231,0.0
2005,231,0.0
2006,231,0.0
2007,231,0.0
2008,231,0.0
2009,231,0.0
2010,231,0.0
2011,231,0.0
2012,231,0.0
2013,231,0.0
2014,231,0.0
2015,231,0.0
2016,231,0.0
2017,231,0.0
2000,232,0.0
2001,232,0.0
2002,232,0.0
2003,232,0.0
2004,232,0.0
2005,232,0.0
2006,232,0.0
2007,232,0.0
2008,232,0.0
2009,232,0.0
2010,232,0.0
2011,232,0.0
2012,232,0.0
2013,232,0.0
2014,232,0.0
2015,232,0.0
2016,232,0.0
2017,232,0.0
2000,233,10.0
2001,233,12.0
2002,233,7.0
2003,233,7.0
2004,233,10.0
2005,233,14.0
2006,233,9.0
2007,233,9.0
2008,233,11.0
2009,233,7.0
2010,233,13.0
2011,233,1.0
2012,233,0.0
2013,233,0.0
2014,233,0.0
2015,233,0.0
2016,233,0.0
2017,233,0.0
2000,234,0.0
2001,234,0.0
2002,234,0.0
2003,234,0.0
2004,234,0.0
2005,234,0.0
2006,234,0.0
2007,234,0.0
2008,234,0.0
2009,234,0.0
2010,234,0.0
2011,234,0.0
2012,234,0.0
2013,234,0.0
2014,234,0.0
2015,234,0.0
2016,234,0.0
2017,234,0.0
2000,235,0.0
2001,235,0.0
2002,235,0.0
2003,235,0.0
2004,235,0.0
2005,235,0.0
2006,235,0.0
2007,235,0.0
2008,235,0.0
2009,235,0.0
2010,235,0.0
2011,235,0.0
2012,235,0.0
2013,235,0.0
2014,235,0.0
2015,235,0.0
2016,235,0.0
2017,235,0.0
2000,237,4.0
2001,237,3.0
2002,237,4.0
2003,237,5.0
2004,237,4.0
2005,237,6.0
2006,237,6.0
2007,237,7.0
2008,237,6.0
2009,237,11.0
2010,237,12.0
2011,237,7.0
2012,237,7.0
2013,237,7.0
2014,237,8.0
2015,237,7.0
2016,237,5.0
2017,237,4.0
2000,238,0.0
2001,238,0.0
2002,238,0.0
2003,238,0.0
2004,238,0.0
2005,238,0.0
2006,238,0.0
2007,238,0.0
2008,238,0.0
2009,238,0.0
2010,238,0.0
2011,238,0.0
2012,238,0.0
2013,238,0.0
2014,238,0.0
2015,238,0.0
2016,238,0.0
2017,238,0.0
2000,239,10.0
2001,239,11.0
2002,239,8.0
2003,239,10.0
2004,239,12.0
2005,239,10.0
2006,239,12.0
2007,239,13.0
2008,239,14.0
2009,239,15.0
2010,239,15.0
2011,239,19.0
2012,239,19.0
2013,239,20.0
2014,239,19.0
2015,239,20.0
2016,239,20.0
2017,239,21.0
2000,24,2500.0
2001,24,2300.0
2002,24,2100.0
2003,24,2000.0
2004,24,1800.0
2005,24,1600.0
2006,24,1700.0
2007,24,1600.0
2008,24,1300.0
2009,24,1300.0
2010,24,1300.0
2011,24,1300.0
2012,24,1100.0
2013,24,900.0
2014,24,950.0
2015,24,970.0
2016,24,740.0
2017,24,590.0
2000,240,9.0
2001,240,9.0
2002,240,6.0
2003,240,8.0
2004,240,5.0
2005,240,5.0
2006,240,1.0
2007,240,10.0
2008,240,8.0
2009,240,11.0
2010,240,7.0
2011,240,9.0
2012,240,10.0
2013,240,9.0
2014,240,9.0
2015,240,6.0
2016,240,4.0
2017,240,4.0
2000,241,150.0
2001,241,140.0
2002,241,140.0
2003,241,150.0
2004,241,150.0
2005,241,150.0
2006,241,180.0
2007,241,170.0
2008,241,140.0
2009,241,130.0
2010,241,130.0
2011,241,140.0
2012,241,140.0
2013,241,140.0
2014,241,140.0
2015,241,140.0
2016,241,160.0
2017,241,190.0
2011,242,420.0
2012,242,540.0
2013,242,740.0
2014,242,580.0
2015,242,490.0
2016,242,480.0
2017,242,550.0
2000,25,4500.0
2001,25,5000.0
2002,25,4700.0
2003,25,5400.0
2004,25,5200.0
2005,25,4800.0
2006,25,4700.0
2007,25,4500.0
2008,25,4200.0
2009,25,4200.0
2010,25,3400.0
2011,25,3400.0
2012,25,3200.0
2013,25,2600.0
2014,25,2300.0
2015,25,2100.0
2016,25,2100.0
2017,25,2100.0
2000,26,260.0
2001,26,260.0
2002,26,240.0
2003,26,230.0
2004,26,220.0
2005,26,210.0
2006,26,190.0
2007,26,210.0
2008,26,230.0
2009,26,230.0
2010,26,230.0
2011,26,230.0
2012,26,230.0
2013,26,240.0
2014,26,230.0
2015,26,210.0
2016,26,210.0
2017,26,240.0
2000,27,1100.0
2001,27,1300.0
2002,27,1400.0
2003,27,1500.0
2004,27,1500.0
2005,27,1500.0
2006,27,1500.0
2007,27,1400.0
2008,27,1500.0
2009,27,1300.0
2010,27,1200.0
2011,27,1100.0
2012,27,910.0
2013,27,810.0
2014,27,730.0
2015,27,700.0
2016,27,600.0
2017,27,550.0
2000,274,1800.0
2001,274,1900.0
2002,274,1800.0
2003,274,1700.0
2004,274,1600.0
2005,274,1700.0
2006,274,1700.0
2007,274,1600.0
2008,274,1400.0
2009,274,1300.0
2010,274,1300.0
2011,274,1200.0
2012,274,1100.0
2013,274,1000.0
2014,274,1100.0
2015,274,950.0
2016,274,920.0
2017,274,820.0
2000,276,1100.0
2001,276,1100.0
2002,276,1100.0
2003,276,420.0
2004,276,790.0
2005,276,1200.0
2006,276,1200.0
2007,276,1400.0
2008,276,1800.0
2009,276,2100.0
2010,276,2600.0
2011,276,2300.0
2012,276,1900.0
2013,276,1800.0
2014,276,2300.0
2015,276,2600.0
2016,276,2800.0
2017,276,3200.0
2000,277,3300.0
2001,277,3200.0
2002,277,3300.0
2003,277,3400.0
2004,277,3500.0
2005,277,3800.0
2006,277,3700.0
2007,277,3700.0
2008,277,3600.0
2009,277,3600.0
2010,277,3800.0
2011,277,4000.0
2012,277,4200.0
2013,277,3700.0
2014,277,3600.0
2015,277,4100.0
2016,277,4200.0
2017,277,4200.0
2000,278,900.0
2001,278,880.0
2002,278,830.0
2003,278,800.0
2004,278,780.0
2005,278,770.0
2006,278,800.0
2007,278,840.0
2008,278,870.0
2009,278,890.0
2010,278,930.0
2011,278,850.0
2012,278,820.0
2013,278,890.0
2014,278,920.0
2015,278,670.0
2016,278,600.0
2017,278,490.0
2000,28,10.0
2001,28,10.0
2002,28,12.0
2003,28,10.0
2004,28,11.0
2005,28,11.0
2006,28,18.0
2007,28,26.0
2008,28,32.0
2009,28,37.0
2010,28,36.0
2011,28,28.0
2012,28,18.0
2013,28,20.0
2014,28,21.0
2015,28,27.0
2016,28,20.0
2017,28,27.0
2000,29,17000.0
2001,29,18000.0
2002,29,18000.0
2003,29,18000.0
2004,29,18000.0
2005,29,19000.0
2006,29,19000.0
2007,29,20000.0
2008,29,24000.0
2009,29,26000.0
2010,29,28000.0
2011,29,28000.0
2012,29,27000.0
2013,29,26000.0
2014,29,24000.0
2015,29,24000.0
2016,29,20000.0
2017,29,17000.0
2000,3,20000.0
2001,3,23000.0
2002,3,25000.0
2003,3,30000.0
2004,3,32000.0
2005,3,32000.0
2006,3,34000.0
2007,3,31000.0
2008,3,28000.0
2009,3,28000.0
2010,3,25000.0
2011,3,23000.0
2012,3,21000.0
2013,3,20000.0
2014,3,19000.0
2015,3,16000.0
2016,3,14000.0
2017,3,11000.0
2000,31,11000.0
2001,31,11000.0
2002,31,10000.0
2003,31,9600.0
2004,31,9100.0
2005,31,8700.0
2006,31,8500.0
2007,31,7900.0
2008,31,7000.0
2009,31,6300.0
2010,31,5700.0
2011,31,5600.0
2012,31,5300.0
2013,31,5200.0
2014,31,4500.0
2015,31,3100.0
2016,31,2700.0
2017,31,2500.0
2000,32,0.0
2001,32,0.0
2002,32,0.0
2003,32,0.0
2004,32,1.0
2005,32,1.0
2006,32,1.0
2007,32,1.0
2008,32,2.0
2009,32,2.0
2010,32,2.0
2011,32,2.0
2012,32,2.0
2013,32,4.0
2014,32,3.0
2015,32,3.0
2016,32,3.0
2017,32,4.0
2000,33,43.0
2001,33,350.0
2002,33,350.0
2003,33,240.0
2004,33,220.0
2005,33,180.0
2006,33,150.0
2007,33,190.0
2008,33,150.0
2009,33,150.0
2010,33,150.0
2011,33,160.0
2012,33,82.0
2013,33,55.0
2014,33,40.0
2015,33,30.0
2016,33,36.0
2017,33,24.0
2000,34,0.0
2001,34,2.0
2002,34,23.0
2003,34,280.0
2004,34,260.0
2005,34,260.0
2006,34,230.0
2007,34,230.0
2008,34,220.0
2009,34,210.0
2010,34,200.0
2011,34,200.0
2012,34,210.0
2013,34,220.0
2014,34,250.0
2015,34,250.0
2016,34,280.0
2017,34,290.0
2000,36,6900.0
2001,36,6500.0
2002,36,6200.0
2003,36,5700.0
2004,36,5000.0
2005,36,4600.0
2006,36,4100.0
2007,36,3600.0
2008,36,3200.0
2009,36,2900.0
2010,36,2600.0
2011,36,2400.0
2012,36,2200.0
2013,36,2000.0
2014,36,1900.0
2015,36,1900.0
2016,36,1800.0
2017,36,1600.0
2000,37,6.0
2001,37,6.0
2002,37,7.0
2003,37,8.0
2004,37,8.0
2005,37,9.0
2006,37,10.0
2007,37,11.0
2008,37,13.0
2009,37,30.0
2010,37,87.0
2011,37,120.0
2012,37,130.0
2013,37,150.0
2014,37,190.0
2015,37,260.0
2016,37,240.0
2017,37,260.0
2000,38,1.0
2001,38,1.0
2002,38,1.0
2003,38,1.0
2004,38,1.0
2005,38,1.0
2006,38,3.0
2007,38,3.0
2008,38,2.0
2009,38,3.0
2010,38,4.0
2011,38,4.0
2012,38,4.0
2013,38,6.0
2014,38,7.0
2015,38,9.0
2016,38,10.0
2017,38,6.0
2000,39,15000.0
2001,39,12000.0
2002,39,11000.0
2003,39,9000.0
2004,39,7500.0
2005,39,7100.0
2006,39,7000.0
2007,39,6600.0
2008,39,6100.0
2009,39,5600.0
2010,39,5200.0
2011,39,5200.0
2012,39,5100.0
2013,39,4900.0
2014,39,5000.0
2015,39,4500.0
2016,39,4100.0
2017,39,3500.0
2000,4,1600.0
2001,4,1600.0
2002,4,1700.0
2003,4,1700.0
2004,4,1700.0
2005,4,1800.0
2006,4,1800.0
2007,4,1800.0
2008,4,2200.0
2009,4,2500.0
2010,4,2800.0
2011,4,2900.0
2012,4,2800.0
2013,4,2700.0
2014,4,2700.0
2015,4,2600.0
2016,4,2600.0
2017,4,2500.0
2000,40,88.0
2001,40,530.0
2002,40,560.0
2003,40,600.0
2004,40,610.0
2005,40,660.0
2006,40,640.0
2007,40,680.0
2008,40,700.0
2009,40,720.0
2010,40,750.0
2011,40,810.0
2012,40,870.0
2013,40,900.0
2014,40,760.0
2015,40,580.0
2016,40,650.0
2017,40,750.0
2000,41,790.0
2001,41,830.0
2002,41,860.0
2003,41,940.0
2004,41,960.0
2005,41,900.0
2006,41,960.0
2007,41,1000.0
2008,41,1000.0
2009,41,940.0
2010,41,910.0
2011,41,880.0
2012,41,920.0
2013,41,940.0
2014,41,1000.0
2015,41,1200.0
2016,41,1300.0
2017,41,1200.0
2000,42,140.0
2001,42,2200.0
2002,42,1900.0
2003,42,1800.0
2004,42,2100.0
2005,42,2400.0
2006,42,2100.0
2007,42,2700.0
2008,42,2800.0
2009,42,3200.0
2010,42,3200.0
2011,42,3300.0
2012,42,3300.0
2013,42,3100.0
2014,42,3800.0
2015,42,3400.0
2016,42,3500.0
2017,42,3900.0
2000,43,1400.0
2001,43,1300.0
2002,43,1300.0
2003,43,1100.0
2004,43,1000.0
2005,43,970.0
2006,43,950.0
2007,43,890.0
2008,43,800.0
2009,43,730.0
2010,43,670.0
2011,43,670.0
2012,43,560.0
2013,43,420.0
2014,43,400.0
2015,43,400.0
2016,43,320.0
2017,43,300.0
2000,44,330.0
2001,44,340.0
2002,44,350.0
2003,44,320.0
2004,44,330.0
2005,44,310.0
2006,44,310.0
2007,44,310.0
2008,44,300.0
2009,44,320.0
2010,44,350.0
2011,44,410.0
2012,44,350.0
2013,44,320.0
2014,44,290.0
2015,44,270.0
2016,44,240.0
2017,44,240.0
2000,45,880.0
2001,45,830.0
2002,45,800.0
2003,45,700.0
2004,45,700.0
2005,45,640.0
2006,45,600.0
2007,45,550.0
2008,45,550.0
2009,45,520.0
2010,45,500.0
2011,45,470.0
2012,45,400.0
2013,45,340.0
2014,45,300.0
2015,45,270.0
2016,45,240.0
2017,45,210.0
2000,46,110.0
2001,46,550.0
2002,46,590.0
2003,46,610.0
2004,46,630.0
2005,46,630.0
2006,46,610.0
2007,46,580.0
2008,46,520.0
2009,46,510.0
2010,46,490.0
2011,46,520.0
2012,46,550.0
2013,46,630.0
2014,46,680.0
2015,46,750.0
2016,46,660.0
2017,46,490.0
2000,47,360.0
2001,47,350.0
2002,47,360.0
2003,47,360.0
2004,47,370.0
2005,47,360.0
2006,47,350.0
2007,47,350.0
2008,47,190.0
2009,47,170.0
2010,47,340.0
2011,47,230.0
2012,47,170.0
2013,47,150.0
2014,47,200.0
2015,47,200.0
2016,47,230.0
2017,47,250.0
2000,48,0.0
2001,48,0.0
2002,48,0.0
2003,48,0.0
2004,48,0.0
2005,48,0.0
2006,48,0.0
2007,48,0.0
2008,48,0.0
2009,48,0.0
2010,48,0.0
2011,48,0.0
2012,48,0.0
2013,48,0.0
2014,48,0.0
2015,48,0.0
2016,48,0.0
2017,48,0.0
2000,49,3.0
2001,49,6.0
2002,49,7.0
2003,49,9.0
2004,49,9.0
2005,49,13.0
2006,49,14.0
2007,49,12.0
2008,49,12.0
2009,49,20.0
2010,49,29.0
2011,49,25.0
2012,49,41.0
2013,49,18.0
2014,49,17.0
2015,49,25.0
2016,49,38.0
2017,49,27.0
2000,5,100.0
2001,5,110.0
2002,5,81.0
2003,5,82.0
2004,5,75.0
2005,5,79.0
2006,5,76.0
2007,5,81.0
2008,5,86.0
2009,5,83.0
2010,5,87.0
2011,5,64.0
2012,5,78.0
2013,5,68.0
2014,5,37.0
2015,5,30.0
2016,5,24.0
2017,5,20.0
2000,50,39.0
2001,50,190.0
2002,50,550.0
2003,50,1200.0
2004,50,5100.0
2005,50,4700.0
2006,50,4100.0
2007,50,3100.0
2008,50,3400.0
2009,50,3400.0
2010,50,3800.0
2011,50,3800.0
2012,50,2900.0
2013,50,1800.0
2014,50,2900.0
2015,50,3300.0
2016,50,3500.0
2017,50,3500.0
2000,5015,0.0
2001,5015,0.0
2002,5015,0.0
2003,5015,0.0
2004,5015,0.0
2005,5015,0.0
2006,5015,0.0
2007,5015,0.0
2008,5015,0.0
2009,5015,0.0
2000,51,9.0
2001,51,8.0
2002,51,8.0
2003,51,8.0
2004,51,8.0
2005,51,7.0
2006,51,7.0
2007,51,7.0
2008,51,8.0
2009,51,8.0
2010,51,8.0
2011,51,7.0
2012,51,8.0
2013,51,7.0
2014,51,6.0
2015,51,5.0
2016,51,5.0
2017,51,4.0
2000,52,0.0
2001,52,0.0
2002,52,0.0
2003,52,0.0
2004,52,0.0
2005,52,0.0
2006,52,0.0
2007,52,0.0
2008,52,0.0
2009,52,0.0
2010,52,0.0
2011,52,0.0
2012,52,1.0
2013,52,1.0
2014,52,0.0
2015,52,0.0
2016,52,0.0
2017,52,0.0
2000,53,2.0
2001,53,2.0
2002,53,2.0
2003,53,2.0
2004,53,2.0
2005,53,1.0
2006,53,1.0
2007,53,2.0
2008,53,1.0
2009,53,0.0
2010,53,0.0
2011,53,1.0
2012,53,2.0
2013,53,1.0
2014,53,0.0
2015,53,0.0
2016,53,2.0
2017,53,0.0
2000,54,2800.0
2001,54,2700.0
2002,54,2400.0
2003,54,2100.0
2004,54,1800.0
2005,54,1500.0
2006,54,1400.0
2007,54,1300.0
2008,54,1100.0
2009,54,1100.0
2010,54,790.0
2011,54,680.0
2012,54,540.0
2013,54,450.0
2014,54,380.0
2015,54,320.0
2016,54,290.0
2017,54,270.0
2000,55,0.0
2001,55,0.0
2002,55,0.0
2003,55,0.0
2004,55,0.0
2005,55,0.0
2006,55,0.0
2007,55,0.0
2008,55,0.0
2009,55,0.0
2010,55,0.0
2011,55,0.0
2012,55,0.0
2013,55,0.0
2014,55,0.0
2015,55,0.0
2016,55,0.0
2017,55,0.0
2000,56,0.0
2001,56,0.0
2002,56,0.0
2003,56,0.0
2004,56,0.0
2005,56,0.0
2006,56,0.0
2007,56,0.0
2008,56,0.0
2009,56,0.0
2010,56,0.0
2011,56,0.0
2012,56,0.0
2013,56,0.0
2014,56,0.0
2015,56,0.0
2016,56,0.0
2017,56,0.0
2000,57,140.0
2001,57,140.0
2002,57,140.0
2003,57,150.0
2004,57,180.0
2005,57,210.0
2006,57,240.0
2007,57,290.0
2008,57,300.0
2009,57,280.0
2010,57,250.0
2011,57,230.0
2012,57,190.0
2013,57,220.0
2014,57,210.0
2015,57,170.0
2016,57,220.0
2017,57,220.0
2000,58,0.0
2001,58,0.0
2002,58,0.0
2003,58,0.0
2004,58,0.0
2005,58,0.0
2006,58,0.0
2007,58,0.0
2008,58,0.0
2009,58,0.0
2010,58,0.0
2011,58,0.0
2012,58,0.0
2013,58,0.0
2014,58,0.0
2015,58,0.0
2016,58,0.0
2017,58,0.0
2000,59,1.0
2001,59,1.0
2002,59,1.0
2003,59,1.0
2004,59,2.0
2005,59,4.0
2006,59,5.0
2007,59,6.0
2008,59,3.0
2009,59,6.0
2010,59,5.0
2011,59,4.0
2012,59,3.0
2013,59,3.0
2014,59,3.0
2015,59,4.0
2016,59,5.0
2017,59,6.0
2000,6,260.0
2001,6,230.0
2002,6,190.0
2003,6,160.0
2004,6,120.0
2005,6,140.0
2006,6,110.0
2007,6,91.0
2008,6,86.0
2009,6,76.0
2010,6,69.0
2011,6,72.0
2012,6,49.0
2013,6,48.0
2014,6,44.0
2015,6,40.0
2016,6,32.0
2017,6,27.0
2000,60,3.0
2001,60,3.0
2002,60,4.0
2003,60,4.0
2004,60,4.0
2005,60,6.0
2006,60,5.0
2007,60,5.0
2008,60,5.0
2009,60,4.0
2010,60,4.0
2011,60,7.0
2012,60,12.0
2013,60,13.0
2014,60,16.0
2015,60,15.0
2016,60,10.0
2017,60,11.0
2000,61,6.0
2001,61,5.0
2002,61,6.0
2003,61,4.0
2004,61,6.0
2005,61,7.0
2006,61,6.0
2007,61,6.0
2008,61,8.0
2009,61,10.0
2010,61,8.0
2011,61,13.0
2012,61,21.0
2013,61,18.0
2014,61,20.0
2015,61,20.0
2016,61,18.0
2017,61,17.0
2000,62,0.0
2001,62,0.0
2002,62,1.0
2003,62,5.0
2004,62,7.0
2005,62,8.0
2006,62,50.0
2007,62,43.0
2008,62,35.0
2009,62,33.0
2010,62,28.0
2011,62,25.0
2012,62,25.0
2013,62,22.0
2014,62,21.0
2015,62,15.0
2016,62,15.0
2017,62,22.0
2000,63,180.0
2001,63,190.0
2002,63,180.0
2003,63,150.0
2004,63,170.0
2005,63,160.0
2006,63,170.0
2007,63,170.0
2008,63,170.0
2009,63,150.0
2010,63,140.0
2011,63,130.0
2012,63,130.0
2013,63,140.0
2014,63,130.0
2015,63,140.0
2016,63,140.0
2017,63,140.0
2000,64,45000.0
2001,64,47000.0
2002,64,49000.0
2003,64,50000.0
2004,64,48000.0
2005,64,48000.0
2006,64,46000.0
2007,64,43000.0
2008,64,31000.0
2009,64,32000.0
2010,64,33000.0
2011,64,32000.0
2012,64,29000.0
2013,64,26000.0
2014,64,17000.0
2015,64,13000.0
2016,64,8100.0
2017,64,6500.0
2000,65,0.0
2001,65,0.0
2002,65,0.0
2003,65,0.0
2004,65,0.0
2005,65,0.0
2006,65,0.0
2007,65,0.0
2008,65,0.0
2009,65,0.0
2010,65,0.0
2011,65,0.0
2012,65,1.0
2013,65,0.0
2014,65,1.0
2015,65,0.0
2016,65,0.0
2017,65,0.0
2000,66,10.0
2001,66,9.0
2002,66,9.0
2003,66,9.0
2004,66,9.0
2005,66,10.0
2006,66,10.0
2007,66,11.0
2008,66,14.0
2009,66,11.0
2010,66,12.0
2011,66,10.0
2012,66,10.0
2013,66,13.0
2014,66,15.0
2015,66,11.0
2016,66,10.0
2017,66,14.0
2000,67,16.0
2001,67,14.0
2002,67,13.0
2003,67,13.0
2004,67,12.0
2005,67,11.0
2006,67,10.0
2007,67,10.0
2008,67,13.0
2009,67,11.0
2010,67,11.0
2011,67,11.0
2012,67,10.0
2013,67,10.0
2014,67,10.0
2015,67,9.0
2016,67,9.0
2017,67,8.0
2000,68,5.0
2001,68,5.0
2002,68,4.0
2003,68,4.0
2004,68,4.0
2005,68,4.0
2006,68,4.0
2007,68,6.0
2008,68,6.0
2009,68,6.0
2010,68,2.0
2011,68,0.0
2012,68,1.0
2013,68,1.0
2014,68,1.0
2015,68,1.0
2016,68,1.0
2017,68,1.0
2000,69,0.0
2001,69,0.0
2002,69,0.0
2003,69,0.0
2004,69,0.0
2005,69,0.0
2006,69,0.0
2007,69,0.0
2008,69,0.0
2009,69,0.0
2010,69,0.0
2011,69,0.0
2012,69,0.0
2013,69,0.0
2014,69,0.0
2015,69,0.0
2016,69,0.0
2017,69,0.0
2000,70,0.0
2001,70,0.0
2002,70,0.0
2003,70,9.0
2004,70,4.0
2005,70,12.0
2006,70,37.0
2007,70,32.0
2008,70,25.0
2009,70,22.0
2010,70,27.0
2011,70,32.0
2012,70,27.0
2013,70,25.0
2014,70,44.0
2015,70,37.0
2016,70,44.0
2017,70,56.0
2000,71,0.0
2001,71,0.0
2002,71,0.0
2003,71,0.0
2004,71,0.0
2005,71,0.0
2006,71,0.0
2007,71,0.0
2008,71,0.0
2009,71,0.0
2010,71,0.0
2011,71,0.0
2012,71,0.0
2013,71,0.0
2014,71,0.0
2015,71,0.0
2016,71,0.0
2017,71,0.0
2000,72,0.0
2001,72,0.0
2002,72,0.0
2003,72,0.0
2004,72,0.0
2005,72,0.0
2006,72,0.0
2007,72,0.0
2008,72,0.0
2009,72,0.0
2010,72,0.0
2011,72,0.0
2012,72,0.0
2013,72,0.0
2014,72,0.0
2015,72,0.0
2016,72,0.0
2017,72,0.0
2000,73,1.0
2001,73,1.0
2002,73,1.0
2003,73,1.0
2004,73,1.0
2005,73,1.0
2006,73,1.0
2007,73,1.0
2008,73,1.0
2009,73,1.0
2010,73,1.0
2011,73,2.0
2012,73,2.0
2013,73,1.0
2014,73,1.0
2015,73,1.0
2016,73,1.0
2017,73,1.0
2000,74,2.0
2001,74,7.0
2002,74,9.0
2003,74,3.0
2004,74,9.0
2005,74,3.0
2006,74,6.0
2007,74,5.0
2008,74,17.0
2009,74,9.0
2010,74,13.0
2011,74,15.0
2012,74,42.0
2013,74,16.0
2014,74,33.0
2015,74,20.0
2016,74,23.0
2017,74,14.0
2000,75,0.0
2001,75,0.0
2002,75,0.0
2003,75,0.0
2004,75,0.0
2005,75,0.0
2006,75,0.0
2007,75,0.0
2008,75,1.0
2009,75,16.0
2010,75,70.0
2011,75,820.0
2012,75,920.0
2013,75,970.0
2014,75,1100.0
2015,75,1100.0
2016,75,1000.0
2017,75,1100.0
2000,76,0.0
2001,76,17.0
2002,76,15.0
2003,76,16.0
2004,76,15.0
2005,76,15.0
2006,76,14.0
2007,76,14.0
2008,76,15.0
2009,76,17.0
2010,76,16.0
2011,76,16.0
2012,76,17.0
2013,76,16.0
2014,76,17.0
2015,76,14.0
2016,76,12.0
2017,76,10.0
2000,77,9.0
2001,77,11.0
2002,77,12.0
2003,77,13.0
2004,77,13.0
2005,77,14.0
2006,77,17.0
2007,77,17.0
2008,77,18.0
2009,77,19.0
2010,77,19.0
2011,77,19.0
2012,77,18.0
2013,77,17.0
2014,77,16.0
2015,77,14.0
2016,77,11.0
2017,77,9.0
2000,78,6800.0
2001,78,5700.0
2002,78,5000.0
2003,78,3700.0
2004,78,2600.0
2005,78,1900.0
2006,78,1700.0
2007,78,1400.0
2008,78,1200.0
2009,78,1200.0
2010,78,1100.0
2011,78,1100.0
2012,78,1100.0
2013,78,1000.0
2014,78,1100.0
2015,78,1000.0
2016,78,1000.0
2017,78,840.0
2000,79,0.0
2001,79,0.0
2002,79,0.0
2003,79,0.0
2004,79,0.0
2005,79,0.0
2006,79,0.0
2007,79,0.0
2008,79,0.0
2009,79,0.0
2010,79,0.0
2011,79,1.0
2012,79,1.0
2013,79,1.0
2014,79,2.0
2015,79,4.0
2016,79,5.0
2017,79,5.0
2000,8,3700.0
2001,8,5200.0
2002,8,4800.0
2003,8,4500.0
2004,8,5300.0
2005,8,5600.0
2006,8,5300.0
2007,8,4900.0
2008,8,5100.0
2009,8,4800.0
2010,8,4600.0
2011,8,4200.0
2012,8,4000.0
2013,8,3900.0
2014,8,3600.0
2015,8,3600.0
2016,8,3200.0
2017,8,2900.0
2000,80,0.0
2001,80,0.0
2002,80,0.0
2003,80,0.0
2004,80,0.0
2005,80,0.0
2006,80,0.0
2007,80,0.0
2008,80,1.0
2009,80,1.0
2010,80,1.0
2011,80,1.0
2012,80,1.0
2013,80,1.0
2014,80,2.0
2015,80,2.0
2016,80,2.0
2017,80,2.0
2000,81,0.0
2001,81,0.0
2002,81,0.0
2003,81,0.0
2004,81,0.0
2005,81,0.0
2006,81,0.0
2007,81,0.0
2008,81,0.0
2009,81,0.0
2010,81,0.0
2011,81,0.0
2012,81,0.0
2013,81,1.0
2014,81,2.0
2015,81,2.0
2016,81,1.0
2017,81,1.0
2000,82,0.0
2001,82,0.0
2002,82,1.0
2003,82,9.0
2004,82,14.0
2005,82,39.0
2006,82,31.0
2007,82,27.0
2008,82,24.0
2009,82,5.0
2010,82,14.0
2011,82,11.0
2012,82,16.0
2013,82,18.0
2014,82,16.0
2015,82,17.0
2016,82,11.0
2017,82,10.0
2000,83,4.0
2001,83,4.0
2002,83,3.0
2003,83,3.0
2004,83,3.0
2005,83,2.0
2006,83,2.0
2007,83,2.0
2008,83,2.0
2009,83,2.0
2010,83,2.0
2011,83,2.0
2012,83,2.0
2013,83,2.0
2014,83,3.0
2015,83,2.0
2016,83,2.0
2017,83,2.0
2000,84,0.0
2001,84,0.0
2002,84,0.0
2003,84,8.0
2004,84,97.0
2005,84,440.0
2006,84,990.0
2007,84,1400.0
2008,84,7700.0
2009,84,8100.0
2010,84,8100.0
2011,84,7900.0
2012,84,7800.0
2013,84,8100.0
2014,84,8800.0
2015,84,8100.0
2016,84,7000.0
2017,84,5000.0
2000,85,780.0
2001,85,760.0
2002,85,730.0
2003,85,700.0
2004,85,660.0
2005,85,620.0
2006,85,590.0
2007,85,570.0
2008,85,550.0
2009,85,540.0
2010,85,520.0
2011,85,490.0
2012,85,480.0
2013,85,460.0
2014,85,310.0
2015,85,300.0
2016,85,210.0
2017,85,190.0
2000,86,2.0
2001,86,6.0
2002,86,61.0
2003,86,71.0
2004,86,82.0
2005,86,89.0
2006,86,93.0
2007,86,100.0
2008,86,110.0
2009,86,110.0
2010,86,110.0
2011,86,110.0
2012,86,110.0
2013,86,100.0
2014,86,110.0
2015,86,100.0
2016,86,94.0
2017,86,85.0
2000,87,23.0
2001,87,29.0
2002,87,28.0
2003,87,32.0
2004,87,30.0
2005,87,30.0
2006,87,33.0
2007,87,18.0
2008,87,25.0
2009,87,34.0
2010,87,48.0
2011,87,29.0
2012,87,41.0
2013,87,18.0
2014,87,20.0
2015,87,29.0
2016,87,46.0
2017,87,33.0
2000,88,0.0
2001,88,0.0
2002,88,0.0
2003,88,0.0
2004,88,0.0
2005,88,0.0
2006,88,0.0
2007,88,0.0
2008,88,0.0
2009,88,0.0
2010,88,0.0
2011,88,0.0
2012,88,0.0
2013,88,0.0
2014,88,0.0
2015,88,0.0
2016,88,0.0
2017,88,0.0
2000,89,0.0
2001,89,0.0
2002,89,0.0
2003,89,1.0
2004,89,1.0
2005,89,1.0
2006,89,1.0
2007,89,1.0
2008,89,1.0
2009,89,1.0
2010,89,1.0
2011,89,1.0
2012,89,2.0
2013,89,1.0
2014,89,1.0
2015,89,1.0
2016,89,2.0
2017,89,1.0
2000,895,77000.0
2001,895,77000.0
2002,895,80000.0
2003,895,79000.0
2004,895,80000.0
2005,895,77000.0
2006,895,74000.0
2007,895,71000.0
2008,895,65000.0
2009,895,66000.0
2010,895,67000.0
2011,895,65000.0
2012,895,61000.0
2013,895,57000.0
2014,895,48000.0
2015,895,43000.0
2016,895,34000.0
2017,895,28000.0
2000,9,7800.0
2001,9,7400.0
2002,9,7800.0
2003,9,7200.0
2004,9,7200.0
2005,9,6600.0
2006,9,6300.0
2007,9,6200.0
2008,9,5900.0
2009,9,5500.0
2010,9,5500.0
2011,9,5600.0
2012,9,5300.0
2013,9,5100.0
2014,9,4600.0
2015,9,4300.0
2016,9,4000.0
2017,9,3800.0
2005,90,0.0
2006,90,0.0
2007,90,0.0
2008,90,0.0
2009,90,0.0
2010,90,0.0
2011,90,0.0
2012,90,0.0
2013,90,0.0
2014,90,0.0
2015,90,0.0
2016,90,0.0
2017,90,0.0
2000,900,1100.0
2001,900,1100.0
2002,900,1100.0
2003,900,1200.0
2004,900,1000.0
2005,900,1000.0
2006,900,990.0
2007,900,880.0
2008,900,810.0
2009,900,820.0
2010,900,840.0
2011,900,710.0
2012,900,820.0
2013,900,560.0
2014,900,550.0
2015,900,620.0
2016,900,720.0
2017,900,580.0
2000,901,220000.0
2001,901,250000.0
2002,901,230000.0
2003,901,250000.0
2004,901,250000.0
2005,901,280000.0
2006,901,280000.0
2007,901,280000.0
2008,901,270000.0
2009,901,250000.0
2010,901,240000.0
2011,901,240000.0
2012,901,240000.0
2013,901,220000.0
2014,901,210000.0
2015,901,190000.0
2016,901,170000.0
2017,901,150000.0
2000,902,98000.0
2001,902,94000.0
2002,902,94000.0
2003,902,97000.0
2004,902,91000.0
2005,902,87000.0
2006,902,84000.0
2007,902,81000.0
2008,902,79000.0
2009,902,76000.0
2010,902,76000.0
2011,902,76000.0
2012,902,72000.0
2013,902,68000.0
2014,902,66000.0
2015,902,63000.0
2016,902,59000.0
2017,902,56000.0
2000,91,0.0
2001,91,0.0
2002,91,0.0
2003,91,0.0
2004,91,0.0
2005,91,0.0
2006,91,0.0
2007,91,0.0
2008,91,0.0
2009,91,0.0
2010,91,0.0
2011,91,0.0
2012,91,0.0
2013,91,0.0
2014,91,0.0
2015,91,0.0
2016,91,0.0
2017,91,0.0
2000,92,0.0
2001,92,0.0
2002,92,0.0
2003,92,0.0
2004,92,0.0
2005,92,0.0
2006,92,0.0
2007,92,0.0
2008,92,0.0
2009,92,0.0
2010,92,0.0
2011,92,0.0
2012,92,0.0
2013,92,0.0
2014,92,0.0
2015,92,0.0
2016,92,0.0
2017,92,0.0
2000,93,52.0
2001,93,52.0
2002,93,55.0
2003,93,61.0
2004,93,55.0
2005,93,58.0
2006,93,60.0
2007,93,55.0
2008,93,52.0
2009,93,67.0
2010,93,85.0
2011,93,69.0
2012,93,110.0
2013,93,50.0
2014,93,47.0
2015,93,67.0
2016,93,100.0
2017,93,72.0
2000,94,100.0
2001,94,100.0
2002,94,110.0
2003,94,110.0
2004,94,100.0
2005,94,95.0
2006,94,89.0
2007,94,82.0
2008,94,79.0
2009,94,94.0
2010,94,76.0
2011,94,60.0
2012,94,54.0
2013,94,57.0
2014,94,56.0
2015,94,52.0
2016,94,41.0
2017,94,36.0
2000,95,1.0
2001,95,1.0
2002,95,1.0
2003,95,1.0
2004,95,1.0
2005,95,1.0
2006,95,1.0
2007,95,1.0
2008,95,1.0
2009,95,1.0
2010,95,1.0
2011,95,1.0
2012,95,1.0
2013,95,1.0
2014,95,0.0
2015,95,1.0
2016,95,1.0
2017,95,1.0
2000,96,0.0
2001,96,0.0
2002,96,0.0
2003,96,0.0
2004,96,0.0
2005,96,0.0
2006,96,0.0
2007,96,0.0
2008,96,1.0
2009,96,1.0
2010,96,0.0
2011,96,0.0
2012,96,0.0
2013,96,0.0
2014,96,0.0
2015,96,0.0
2016,96,0.0
2017,96,0.0
2000,98,21.0
2001,98,17.0
2002,98,17.0
2003,98,18.0
2004,98,17.0
2005,98,16.0
2006,98,16.0
2007,98,12.0
2008,98,10.0
2009,98,15.0
2010,98,19.0
2011,98,15.0
2012,98,25.0
2013,98,12.0
2014,98,12.0
2015,98,24.0
2016,98,36.0
2017,98,26.0
2000,99,0.0
2001,99,0.0
2002,99,0.0
2003,99,0.0
2004,99,0.0
2005,99,0.0
2006,99,0.0
2007,99,0.0
2008,99,0.0
2009,99,0.0
2010,99,0.0
2011,99,0.0
2012,99,0.0
2013,99,0.0
2014,99,0.0
2015,99,0.0
2016,99,0.0
2017,99,0.0
